INFO 2026-05-20 21:50:10,301 autoreload 25293 127714036465792 Watching for file changes with StatReloader
INFO 2026-05-20 21:50:10,301 autoreload 25293 127714036465792 Watching for file changes with StatReloader
INFO 2026-05-20 21:50:30,103 basehttp 25293 127713976252096 "GET /latest HTTP/1.1" 301 0
INFO 2026-05-20 21:50:30,103 basehttp 25293 127713976252096 "GET /latest HTTP/1.1" 301 0
INFO 2026-05-20 21:50:30,417 basehttp 25293 127713976252096 "GET /latest/ HTTP/1.1" 200 9624
INFO 2026-05-20 21:50:30,417 basehttp 25293 127713976252096 "GET /latest/ HTTP/1.1" 200 9624
INFO 2026-05-20 21:55:02,319 autoreload 26630 133904128016512 Watching for file changes with StatReloader
INFO 2026-05-20 21:55:02,319 autoreload 26630 133904128016512 Watching for file changes with StatReloader
INFO 2026-05-21 08:21:11,620 autoreload 6264 132458954014848 Watching for file changes with StatReloader
INFO 2026-05-21 08:21:11,620 autoreload 6264 132458954014848 Watching for file changes with StatReloader
INFO 2026-05-21 08:21:31,897 basehttp 6264 132458893801152 "GET / HTTP/1.1" 200 9624
INFO 2026-05-21 08:21:31,897 basehttp 6264 132458893801152 "GET / HTTP/1.1" 200 9624
INFO 2026-05-21 08:25:33,655 basehttp 6264 132458893801152 "GET /sales HTTP/1.1" 301 0
INFO 2026-05-21 08:25:33,655 basehttp 6264 132458893801152 "GET /sales HTTP/1.1" 301 0
INFO 2026-05-21 08:25:33,713 basehttp 6264 132458893801152 "GET /sales/ HTTP/1.1" 200 30243
INFO 2026-05-21 08:25:33,713 basehttp 6264 132458893801152 "GET /sales/ HTTP/1.1" 200 30243
INFO 2026-05-21 08:26:08,733 basehttp 6264 132458893801152 "GET /products HTTP/1.1" 301 0
INFO 2026-05-21 08:26:08,733 basehttp 6264 132458893801152 "GET /products HTTP/1.1" 301 0
INFO 2026-05-21 08:26:08,781 basehttp 6264 132458893801152 "GET /products/ HTTP/1.1" 200 39320
INFO 2026-05-21 08:26:08,781 basehttp 6264 132458893801152 "GET /products/ HTTP/1.1" 200 39320
INFO 2026-05-21 08:26:12,195 basehttp 6264 132458893801152 "GET /products/edit/6 HTTP/1.1" 200 12050
INFO 2026-05-21 08:26:12,195 basehttp 6264 132458893801152 "GET /products/edit/6 HTTP/1.1" 200 12050
INFO 2026-05-21 08:26:18,249 basehttp 6264 132458893801152 "GET /contacts HTTP/1.1" 301 0
INFO 2026-05-21 08:26:18,249 basehttp 6264 132458893801152 "GET /contacts HTTP/1.1" 301 0
INFO 2026-05-21 08:26:18,274 basehttp 6264 132458893801152 "GET /contacts/ HTTP/1.1" 200 18474
INFO 2026-05-21 08:26:18,274 basehttp 6264 132458893801152 "GET /contacts/ HTTP/1.1" 200 18474
INFO 2026-05-21 08:26:22,832 basehttp 6264 132458893801152 "GET /vacancies HTTP/1.1" 301 0
INFO 2026-05-21 08:26:22,832 basehttp 6264 132458893801152 "GET /vacancies HTTP/1.1" 301 0
INFO 2026-05-21 08:26:22,862 basehttp 6264 132458893801152 "GET /vacancies/ HTTP/1.1" 200 14388
INFO 2026-05-21 08:26:22,862 basehttp 6264 132458893801152 "GET /vacancies/ HTTP/1.1" 200 14388
INFO 2026-05-21 08:26:23,371 basehttp 6264 132458884359872 "GET /contacts/ HTTP/1.1" 200 18220
INFO 2026-05-21 08:26:23,371 basehttp 6264 132458884359872 "GET /contacts/ HTTP/1.1" 200 18220
INFO 2026-05-21 08:26:26,486 basehttp 6264 132458893801152 "GET /news HTTP/1.1" 301 0
INFO 2026-05-21 08:26:26,486 basehttp 6264 132458893801152 "GET /news HTTP/1.1" 301 0
INFO 2026-05-21 08:26:26,525 basehttp 6264 132458893801152 "GET /news/ HTTP/1.1" 200 15369
INFO 2026-05-21 08:26:26,525 basehttp 6264 132458893801152 "GET /news/ HTTP/1.1" 200 15369
INFO 2026-05-21 08:26:31,987 basehttp 6264 132458893801152 "GET /privacy-policy HTTP/1.1" 301 0
INFO 2026-05-21 08:26:31,987 basehttp 6264 132458893801152 "GET /privacy-policy HTTP/1.1" 301 0
INFO 2026-05-21 08:26:32,009 basehttp 6264 132458893801152 "GET /privacy-policy/ HTTP/1.1" 200 10010
INFO 2026-05-21 08:26:32,009 basehttp 6264 132458893801152 "GET /privacy-policy/ HTTP/1.1" 200 10010
INFO 2026-05-21 08:26:34,341 basehttp 6264 132458893801152 "GET /promocodes HTTP/1.1" 301 0
INFO 2026-05-21 08:26:34,341 basehttp 6264 132458893801152 "GET /promocodes HTTP/1.1" 301 0
INFO 2026-05-21 08:26:34,378 basehttp 6264 132458893801152 "GET /promocodes/ HTTP/1.1" 200 25083
INFO 2026-05-21 08:26:34,378 basehttp 6264 132458893801152 "GET /promocodes/ HTTP/1.1" 200 25083
INFO 2026-05-21 08:26:35,370 basehttp 6264 132458893801152 "GET /sales HTTP/1.1" 301 0
INFO 2026-05-21 08:26:35,370 basehttp 6264 132458893801152 "GET /sales HTTP/1.1" 301 0
INFO 2026-05-21 08:26:35,402 basehttp 6264 132458893801152 "GET /sales/ HTTP/1.1" 200 30243
INFO 2026-05-21 08:26:35,402 basehttp 6264 132458893801152 "GET /sales/ HTTP/1.1" 200 30243
INFO 2026-05-21 08:28:42,450 autoreload 6264 132458954014848 /home/vboxuser/IGI/LR5/OnlineShop/admin.py changed, reloading.
INFO 2026-05-21 08:28:42,450 autoreload 6264 132458954014848 /home/vboxuser/IGI/LR5/OnlineShop/admin.py changed, reloading.
INFO 2026-05-21 08:28:42,932 autoreload 8568 126202009821312 Watching for file changes with StatReloader
INFO 2026-05-21 08:28:42,932 autoreload 8568 126202009821312 Watching for file changes with StatReloader
INFO 2026-05-21 08:29:14,463 autoreload 8568 126202009821312 /home/vboxuser/IGI/LR5/OnlineShop/admin.py changed, reloading.
INFO 2026-05-21 08:29:14,463 autoreload 8568 126202009821312 /home/vboxuser/IGI/LR5/OnlineShop/admin.py changed, reloading.
INFO 2026-05-21 08:29:14,843 autoreload 8720 125760308048000 Watching for file changes with StatReloader
INFO 2026-05-21 08:29:14,843 autoreload 8720 125760308048000 Watching for file changes with StatReloader
INFO 2026-05-21 08:29:33,502 autoreload 8818 127584123048064 Watching for file changes with StatReloader
INFO 2026-05-21 08:29:33,502 autoreload 8818 127584123048064 Watching for file changes with StatReloader
INFO 2026-05-21 08:30:29,939 autoreload 9076 134996928639104 Watching for file changes with StatReloader
INFO 2026-05-21 08:30:29,939 autoreload 9076 134996928639104 Watching for file changes with StatReloader
INFO 2026-05-21 08:30:33,395 basehttp 9076 134996794799808 "GET /sales/ HTTP/1.1" 200 30243
INFO 2026-05-21 08:30:33,395 basehttp 9076 134996794799808 "GET /sales/ HTTP/1.1" 200 30243
INFO 2026-05-21 08:31:35,696 basehttp 9076 134996794799808 "GET /admin/auth/user/ HTTP/1.1" 200 17567
INFO 2026-05-21 08:31:35,696 basehttp 9076 134996794799808 "GET /admin/auth/user/ HTTP/1.1" 200 17567
INFO 2026-05-21 08:31:35,844 basehttp 9076 134996778014400 "GET /static/admin/js/admin/RelatedObjectLookups.js HTTP/1.1" 200 9777
INFO 2026-05-21 08:31:35,844 basehttp 9076 134996778014400 "GET /static/admin/js/admin/RelatedObjectLookups.js HTTP/1.1" 200 9777
INFO 2026-05-21 08:31:35,845 basehttp 9076 134996794799808 "GET /static/admin/css/changelists.css HTTP/1.1" 200 6878
INFO 2026-05-21 08:31:35,845 basehttp 9076 134996794799808 "GET /static/admin/css/changelists.css HTTP/1.1" 200 6878
INFO 2026-05-21 08:31:35,857 basehttp 9076 134996794799808 "GET /static/admin/css/dark_mode.css HTTP/1.1" 304 0
INFO 2026-05-21 08:31:35,857 basehttp 9076 134996794799808 "GET /static/admin/css/dark_mode.css HTTP/1.1" 304 0
INFO 2026-05-21 08:31:35,857 basehttp 9076 134996769621696 "GET /static/admin/js/core.js HTTP/1.1" 200 6208
INFO 2026-05-21 08:31:35,859 basehttp 9076 134996786407104 "GET /admin/jsi18n/ HTTP/1.1" 200 3342
INFO 2026-05-21 08:31:35,857 basehttp 9076 134996769621696 "GET /static/admin/js/core.js HTTP/1.1" 200 6208
INFO 2026-05-21 08:31:35,859 basehttp 9076 134996778014400 "GET /static/admin/js/actions.js HTTP/1.1" 200 8076
INFO 2026-05-21 08:31:35,859 basehttp 9076 134996778014400 "GET /static/admin/js/actions.js HTTP/1.1" 200 8076
INFO 2026-05-21 08:31:35,881 basehttp 9076 134996761228992 "GET /static/admin/js/jquery.init.js HTTP/1.1" 200 347
INFO 2026-05-21 08:31:35,881 basehttp 9076 134996761228992 "GET /static/admin/js/jquery.init.js HTTP/1.1" 200 347
INFO 2026-05-21 08:31:35,888 basehttp 9076 134996769621696 "GET /static/admin/js/theme.js HTTP/1.1" 304 0
INFO 2026-05-21 08:31:35,859 basehttp 9076 134996786407104 "GET /admin/jsi18n/ HTTP/1.1" 200 3342
INFO 2026-05-21 08:31:35,892 basehttp 9076 134996761228992 "GET /static/admin/js/nav_sidebar.js HTTP/1.1" 304 0
INFO 2026-05-21 08:31:35,892 basehttp 9076 134996761228992 "GET /static/admin/js/nav_sidebar.js HTTP/1.1" 304 0
INFO 2026-05-21 08:31:35,888 basehttp 9076 134996769621696 "GET /static/admin/js/theme.js HTTP/1.1" 304 0
INFO 2026-05-21 08:31:35,893 basehttp 9076 134996786407104 "GET /static/admin/css/nav_sidebar.css HTTP/1.1" 304 0
INFO 2026-05-21 08:31:35,893 basehttp 9076 134996786407104 "GET /static/admin/css/nav_sidebar.css HTTP/1.1" 304 0
INFO 2026-05-21 08:31:35,895 basehttp 9076 134996752836288 "GET /static/admin/js/vendor/jquery/jquery.js HTTP/1.1" 200 285314
INFO 2026-05-21 08:31:35,895 basehttp 9076 134996752836288 "GET /static/admin/js/vendor/jquery/jquery.js HTTP/1.1" 200 285314
INFO 2026-05-21 08:31:35,905 basehttp 9076 134996794799808 "GET /static/admin/js/prepopulate.js HTTP/1.1" 200 1531
INFO 2026-05-21 08:31:35,905 basehttp 9076 134996794799808 "GET /static/admin/js/prepopulate.js HTTP/1.1" 200 1531
INFO 2026-05-21 08:31:35,906 basehttp 9076 134996752836288 "GET /static/admin/js/urlify.js HTTP/1.1" 200 7887
INFO 2026-05-21 08:31:35,906 basehttp 9076 134996752836288 "GET /static/admin/js/urlify.js HTTP/1.1" 200 7887
INFO 2026-05-21 08:31:35,912 basehttp 9076 134996778014400 "GET /static/admin/js/vendor/xregexp/xregexp.js HTTP/1.1" 200 325171
INFO 2026-05-21 08:31:35,912 basehttp 9076 134996778014400 "GET /static/admin/js/vendor/xregexp/xregexp.js HTTP/1.1" 200 325171
INFO 2026-05-21 08:31:35,917 basehttp 9076 134996778014400 "GET /static/admin/js/filters.js HTTP/1.1" 200 978
INFO 2026-05-21 08:31:35,917 basehttp 9076 134996778014400 "GET /static/admin/js/filters.js HTTP/1.1" 200 978
INFO 2026-05-21 08:31:35,932 basehttp 9076 134996769621696 "GET /static/admin/css/base.css HTTP/1.1" 304 0
INFO 2026-05-21 08:31:35,932 basehttp 9076 134996769621696 "GET /static/admin/css/base.css HTTP/1.1" 304 0
INFO 2026-05-21 08:31:35,941 basehttp 9076 134996761228992 "GET /static/admin/css/responsive.css HTTP/1.1" 304 0
INFO 2026-05-21 08:31:35,941 basehttp 9076 134996761228992 "GET /static/admin/css/responsive.css HTTP/1.1" 304 0
INFO 2026-05-21 08:31:35,992 basehttp 9076 134996769621696 "GET /static/admin/img/search.svg HTTP/1.1" 200 458
INFO 2026-05-21 08:31:35,992 basehttp 9076 134996769621696 "GET /static/admin/img/search.svg HTTP/1.1" 200 458
INFO 2026-05-21 08:31:35,995 basehttp 9076 134996778014400 "GET /static/admin/img/icon-yes.svg HTTP/1.1" 200 436
INFO 2026-05-21 08:31:35,995 basehttp 9076 134996778014400 "GET /static/admin/img/icon-yes.svg HTTP/1.1" 200 436
INFO 2026-05-21 08:31:35,997 basehttp 9076 134996752836288 "GET /static/admin/img/icon-no.svg HTTP/1.1" 200 560
INFO 2026-05-21 08:31:35,997 basehttp 9076 134996752836288 "GET /static/admin/img/icon-no.svg HTTP/1.1" 200 560
INFO 2026-05-21 08:31:36,075 basehttp 9076 134996752836288 "GET /static/admin/img/tooltag-add.svg HTTP/1.1" 200 331
INFO 2026-05-21 08:31:36,075 basehttp 9076 134996752836288 "GET /static/admin/img/tooltag-add.svg HTTP/1.1" 200 331
INFO 2026-05-21 08:31:36,076 basehttp 9076 134996786407104 "GET /static/admin/img/icon-viewlink.svg HTTP/1.1" 200 581
INFO 2026-05-21 08:31:36,076 basehttp 9076 134996769621696 "GET /static/admin/img/sorting-icons.svg HTTP/1.1" 200 1097
INFO 2026-05-21 08:31:36,076 basehttp 9076 134996769621696 "GET /static/admin/img/sorting-icons.svg HTTP/1.1" 200 1097
INFO 2026-05-21 08:31:36,076 basehttp 9076 134996786407104 "GET /static/admin/img/icon-viewlink.svg HTTP/1.1" 200 581
INFO 2026-05-21 08:31:36,076 basehttp 9076 134996778014400 "GET /static/admin/img/icon-addlink.svg HTTP/1.1" 200 331
INFO 2026-05-21 08:31:36,076 basehttp 9076 134996778014400 "GET /static/admin/img/icon-addlink.svg HTTP/1.1" 200 331
INFO 2026-05-21 08:31:41,590 basehttp 9076 134996778014400 "GET /admin/OnlineShop/article/ HTTP/1.1" 200 15873
INFO 2026-05-21 08:31:41,590 basehttp 9076 134996778014400 "GET /admin/OnlineShop/article/ HTTP/1.1" 200 15873
INFO 2026-05-21 08:31:41,661 basehttp 9076 134996778014400 "GET /admin/jsi18n/ HTTP/1.1" 200 3342
INFO 2026-05-21 08:31:41,661 basehttp 9076 134996778014400 "GET /admin/jsi18n/ HTTP/1.1" 200 3342
INFO 2026-05-21 08:31:44,527 basehttp 9076 134996778014400 "GET /admin/OnlineShop/category/ HTTP/1.1" 200 14380
INFO 2026-05-21 08:31:44,527 basehttp 9076 134996778014400 "GET /admin/OnlineShop/category/ HTTP/1.1" 200 14380
INFO 2026-05-21 08:31:44,611 basehttp 9076 134996778014400 "GET /admin/jsi18n/ HTTP/1.1" 200 3342
INFO 2026-05-21 08:31:44,611 basehttp 9076 134996778014400 "GET /admin/jsi18n/ HTTP/1.1" 200 3342
INFO 2026-05-21 08:31:49,623 basehttp 9076 134996778014400 "GET /admin/auth/user/ HTTP/1.1" 200 17567
INFO 2026-05-21 08:31:49,623 basehttp 9076 134996778014400 "GET /admin/auth/user/ HTTP/1.1" 200 17567
INFO 2026-05-21 08:31:49,674 basehttp 9076 134996778014400 "GET /admin/jsi18n/ HTTP/1.1" 200 3342
INFO 2026-05-21 08:31:49,674 basehttp 9076 134996778014400 "GET /admin/jsi18n/ HTTP/1.1" 200 3342
INFO 2026-05-21 08:31:51,313 basehttp 9076 134996778014400 "GET /admin/auth/group/ HTTP/1.1" 200 12156
INFO 2026-05-21 08:31:51,313 basehttp 9076 134996778014400 "GET /admin/auth/group/ HTTP/1.1" 200 12156
INFO 2026-05-21 08:31:51,379 basehttp 9076 134996778014400 "GET /admin/jsi18n/ HTTP/1.1" 200 3342
INFO 2026-05-21 08:31:51,379 basehttp 9076 134996778014400 "GET /admin/jsi18n/ HTTP/1.1" 200 3342
INFO 2026-05-21 08:31:54,476 basehttp 9076 134996778014400 "GET /admin/auth/group/add/ HTTP/1.1" 200 19311
INFO 2026-05-21 08:31:54,476 basehttp 9076 134996778014400 "GET /admin/auth/group/add/ HTTP/1.1" 200 19311
INFO 2026-05-21 08:31:54,559 basehttp 9076 134996778014400 "GET /static/admin/css/forms.css HTTP/1.1" 200 8525
INFO 2026-05-21 08:31:54,559 basehttp 9076 134996778014400 "GET /static/admin/css/forms.css HTTP/1.1" 200 8525
INFO 2026-05-21 08:31:54,575 basehttp 9076 134996778014400 "GET /admin/jsi18n/ HTTP/1.1" 200 3342
INFO 2026-05-21 08:31:54,575 basehttp 9076 134996778014400 "GET /admin/jsi18n/ HTTP/1.1" 200 3342
INFO 2026-05-21 08:31:54,585 basehttp 9076 134996752836288 "GET /static/admin/js/SelectBox.js HTTP/1.1" 200 4530
INFO 2026-05-21 08:31:54,585 basehttp 9076 134996752836288 "GET /static/admin/js/SelectBox.js HTTP/1.1" 200 4530
INFO 2026-05-21 08:31:54,588 basehttp 9076 134996769621696 "GET /static/admin/js/SelectFilter2.js HTTP/1.1" 200 15709
INFO 2026-05-21 08:31:54,588 basehttp 9076 134996769621696 "GET /static/admin/js/SelectFilter2.js HTTP/1.1" 200 15709
INFO 2026-05-21 08:31:54,590 basehttp 9076 134996752836288 "GET /static/admin/js/change_form.js HTTP/1.1" 200 606
INFO 2026-05-21 08:31:54,590 basehttp 9076 134996752836288 "GET /static/admin/js/change_form.js HTTP/1.1" 200 606
INFO 2026-05-21 08:31:54,591 basehttp 9076 134996786407104 "GET /static/admin/js/prepopulate_init.js HTTP/1.1" 200 586
INFO 2026-05-21 08:31:54,591 basehttp 9076 134996786407104 "GET /static/admin/js/prepopulate_init.js HTTP/1.1" 200 586
INFO 2026-05-21 08:31:54,622 basehttp 9076 134996769621696 "GET /static/admin/css/widgets.css HTTP/1.1" 200 11991
INFO 2026-05-21 08:31:54,622 basehttp 9076 134996769621696 "GET /static/admin/css/widgets.css HTTP/1.1" 200 11991
INFO 2026-05-21 08:31:54,814 basehttp 9076 134996778014400 "GET /static/admin/img/selector-icons.svg HTTP/1.1" 200 3291
INFO 2026-05-21 08:31:54,814 basehttp 9076 134996778014400 "GET /static/admin/img/selector-icons.svg HTTP/1.1" 200 3291
INFO 2026-05-21 08:32:06,801 basehttp 9076 134996778014400 "GET /admin/auth/group/ HTTP/1.1" 200 12156
INFO 2026-05-21 08:32:06,801 basehttp 9076 134996778014400 "GET /admin/auth/group/ HTTP/1.1" 200 12156
INFO 2026-05-21 08:32:15,118 basehttp 9076 134996778014400 "GET /admin/OnlineShop/vacancy/ HTTP/1.1" 200 13904
INFO 2026-05-21 08:32:15,118 basehttp 9076 134996778014400 "GET /admin/OnlineShop/vacancy/ HTTP/1.1" 200 13904
INFO 2026-05-21 08:32:15,199 basehttp 9076 134996778014400 "GET /admin/jsi18n/ HTTP/1.1" 200 3342
INFO 2026-05-21 08:32:15,199 basehttp 9076 134996778014400 "GET /admin/jsi18n/ HTTP/1.1" 200 3342
INFO 2026-05-21 08:32:19,661 basehttp 9076 134996778014400 "GET /admin/OnlineShop/vacancy/3/change/ HTTP/1.1" 200 15323
INFO 2026-05-21 08:32:19,661 basehttp 9076 134996778014400 "GET /admin/OnlineShop/vacancy/3/change/ HTTP/1.1" 200 15323
INFO 2026-05-21 08:32:19,729 basehttp 9076 134996778014400 "GET /admin/jsi18n/ HTTP/1.1" 200 3342
INFO 2026-05-21 08:32:19,729 basehttp 9076 134996778014400 "GET /admin/jsi18n/ HTTP/1.1" 200 3342
INFO 2026-05-21 08:32:31,769 basehttp 9076 134996778014400 "GET /admin/OnlineShop/vacancy/ HTTP/1.1" 200 13904
INFO 2026-05-21 08:32:31,769 basehttp 9076 134996778014400 "GET /admin/OnlineShop/vacancy/ HTTP/1.1" 200 13904
INFO 2026-05-21 08:32:37,212 basehttp 9076 134996778014400 "GET /admin/OnlineShop/vacancy/3/change/ HTTP/1.1" 200 15323
INFO 2026-05-21 08:32:37,212 basehttp 9076 134996778014400 "GET /admin/OnlineShop/vacancy/3/change/ HTTP/1.1" 200 15323
INFO 2026-05-21 08:32:37,286 basehttp 9076 134996778014400 "GET /admin/jsi18n/ HTTP/1.1" 200 3342
INFO 2026-05-21 08:32:37,286 basehttp 9076 134996778014400 "GET /admin/jsi18n/ HTTP/1.1" 200 3342
INFO 2026-05-21 08:36:24,112 basehttp 9076 134996778014400 "POST /admin/OnlineShop/vacancy/3/change/ HTTP/1.1" 302 0
INFO 2026-05-21 08:36:24,112 basehttp 9076 134996778014400 "POST /admin/OnlineShop/vacancy/3/change/ HTTP/1.1" 302 0
INFO 2026-05-21 08:36:24,149 basehttp 9076 134996778014400 "GET /admin/OnlineShop/vacancy/ HTTP/1.1" 200 14159
INFO 2026-05-21 08:36:24,149 basehttp 9076 134996778014400 "GET /admin/OnlineShop/vacancy/ HTTP/1.1" 200 14159
INFO 2026-05-21 08:36:24,268 basehttp 9076 134996778014400 "GET /admin/jsi18n/ HTTP/1.1" 200 3342
INFO 2026-05-21 08:36:24,268 basehttp 9076 134996778014400 "GET /admin/jsi18n/ HTTP/1.1" 200 3342
INFO 2026-05-21 08:36:28,719 basehttp 9076 134996778014400 "GET /vacancies HTTP/1.1" 301 0
INFO 2026-05-21 08:36:28,719 basehttp 9076 134996778014400 "GET /vacancies HTTP/1.1" 301 0
INFO 2026-05-21 08:36:28,748 basehttp 9076 134996786407104 "GET /vacancies/ HTTP/1.1" 200 14893
INFO 2026-05-21 08:36:28,748 basehttp 9076 134996786407104 "GET /vacancies/ HTTP/1.1" 200 14893
INFO 2026-05-21 08:37:09,930 basehttp 9076 134996786407104 "GET /admin/OnlineShop/vacancy/1/change/ HTTP/1.1" 200 15155
INFO 2026-05-21 08:37:09,930 basehttp 9076 134996786407104 "GET /admin/OnlineShop/vacancy/1/change/ HTTP/1.1" 200 15155
INFO 2026-05-21 08:37:10,026 basehttp 9076 134996786407104 "GET /admin/jsi18n/ HTTP/1.1" 200 3342
INFO 2026-05-21 08:37:10,026 basehttp 9076 134996786407104 "GET /admin/jsi18n/ HTTP/1.1" 200 3342
INFO 2026-05-21 08:39:36,227 basehttp 9076 134996786407104 "POST /admin/OnlineShop/vacancy/1/change/ HTTP/1.1" 302 0
INFO 2026-05-21 08:39:36,227 basehttp 9076 134996786407104 "POST /admin/OnlineShop/vacancy/1/change/ HTTP/1.1" 302 0
INFO 2026-05-21 08:39:36,256 basehttp 9076 134996786407104 "GET /admin/OnlineShop/vacancy/ HTTP/1.1" 200 14020
INFO 2026-05-21 08:39:36,256 basehttp 9076 134996786407104 "GET /admin/OnlineShop/vacancy/ HTTP/1.1" 200 14020
INFO 2026-05-21 08:39:36,346 basehttp 9076 134996786407104 "GET /admin/jsi18n/ HTTP/1.1" 200 3342
INFO 2026-05-21 08:39:36,346 basehttp 9076 134996786407104 "GET /admin/jsi18n/ HTTP/1.1" 200 3342
INFO 2026-05-21 08:39:54,391 basehttp 9076 134996786407104 "GET /admin/OnlineShop/vacancy/2/change/ HTTP/1.1" 200 14592
INFO 2026-05-21 08:39:54,391 basehttp 9076 134996786407104 "GET /admin/OnlineShop/vacancy/2/change/ HTTP/1.1" 200 14592
INFO 2026-05-21 08:39:54,457 basehttp 9076 134996786407104 "GET /admin/jsi18n/ HTTP/1.1" 200 3342
INFO 2026-05-21 08:39:54,457 basehttp 9076 134996786407104 "GET /admin/jsi18n/ HTTP/1.1" 200 3342
INFO 2026-05-21 08:40:11,745 basehttp 9076 134996786407104 "GET /admin/OnlineShop/vacancy/ HTTP/1.1" 200 13806
INFO 2026-05-21 08:40:11,745 basehttp 9076 134996786407104 "GET /admin/OnlineShop/vacancy/ HTTP/1.1" 200 13806
INFO 2026-05-21 08:40:14,024 basehttp 9076 134996786407104 "GET /admin/OnlineShop/vacancy/1/change/ HTTP/1.1" 200 16092
INFO 2026-05-21 08:40:14,024 basehttp 9076 134996786407104 "GET /admin/OnlineShop/vacancy/1/change/ HTTP/1.1" 200 16092
INFO 2026-05-21 08:40:14,129 basehttp 9076 134996786407104 "GET /admin/jsi18n/ HTTP/1.1" 200 3342
INFO 2026-05-21 08:40:14,129 basehttp 9076 134996786407104 "GET /admin/jsi18n/ HTTP/1.1" 200 3342
INFO 2026-05-21 08:40:26,649 basehttp 9076 134996786407104 "GET /admin/OnlineShop/vacancy/ HTTP/1.1" 200 13806
INFO 2026-05-21 08:40:26,649 basehttp 9076 134996786407104 "GET /admin/OnlineShop/vacancy/ HTTP/1.1" 200 13806
INFO 2026-05-21 08:40:28,809 basehttp 9076 134996786407104 "GET /admin/OnlineShop/vacancy/2/change/ HTTP/1.1" 200 14592
INFO 2026-05-21 08:40:28,809 basehttp 9076 134996786407104 "GET /admin/OnlineShop/vacancy/2/change/ HTTP/1.1" 200 14592
INFO 2026-05-21 08:40:28,896 basehttp 9076 134996786407104 "GET /admin/jsi18n/ HTTP/1.1" 200 3342
INFO 2026-05-21 08:40:28,896 basehttp 9076 134996786407104 "GET /admin/jsi18n/ HTTP/1.1" 200 3342
INFO 2026-05-21 08:42:38,130 basehttp 9076 134996786407104 "POST /admin/OnlineShop/vacancy/2/change/ HTTP/1.1" 302 0
INFO 2026-05-21 08:42:38,130 basehttp 9076 134996786407104 "POST /admin/OnlineShop/vacancy/2/change/ HTTP/1.1" 302 0
INFO 2026-05-21 08:42:38,173 basehttp 9076 134996786407104 "GET /admin/OnlineShop/vacancy/ HTTP/1.1" 200 14099
INFO 2026-05-21 08:42:38,173 basehttp 9076 134996786407104 "GET /admin/OnlineShop/vacancy/ HTTP/1.1" 200 14099
INFO 2026-05-21 08:42:38,311 basehttp 9076 134996786407104 "GET /admin/jsi18n/ HTTP/1.1" 200 3342
INFO 2026-05-21 08:42:38,311 basehttp 9076 134996786407104 "GET /admin/jsi18n/ HTTP/1.1" 200 3342
INFO 2026-05-21 08:42:40,863 basehttp 9076 134996786407104 "GET /vacancies/ HTTP/1.1" 200 16841
INFO 2026-05-21 08:42:40,863 basehttp 9076 134996786407104 "GET /vacancies/ HTTP/1.1" 200 16841
INFO 2026-05-21 08:42:53,186 basehttp 9076 134996786407104 "GET /admin/OnlineShop/vacancy/1/change/ HTTP/1.1" 200 16092
INFO 2026-05-21 08:42:53,186 basehttp 9076 134996786407104 "GET /admin/OnlineShop/vacancy/1/change/ HTTP/1.1" 200 16092
INFO 2026-05-21 08:42:53,273 basehttp 9076 134996786407104 "GET /admin/jsi18n/ HTTP/1.1" 200 3342
INFO 2026-05-21 08:42:53,273 basehttp 9076 134996786407104 "GET /admin/jsi18n/ HTTP/1.1" 200 3342
INFO 2026-05-21 08:42:56,398 basehttp 9076 134996786407104 "GET /admin/OnlineShop/vacancy/1/history/ HTTP/1.1" 200 11290
INFO 2026-05-21 08:42:56,398 basehttp 9076 134996786407104 "GET /admin/OnlineShop/vacancy/1/history/ HTTP/1.1" 200 11290
INFO 2026-05-21 08:43:14,362 basehttp 9076 134996786407104 "GET /admin/OnlineShop/vacancy/1/change/ HTTP/1.1" 200 16092
INFO 2026-05-21 08:43:14,362 basehttp 9076 134996786407104 "GET /admin/OnlineShop/vacancy/1/change/ HTTP/1.1" 200 16092
INFO 2026-05-21 08:43:14,405 basehttp 9076 134996786407104 "GET /admin/OnlineShop/vacancy/ HTTP/1.1" 200 13856
INFO 2026-05-21 08:43:14,405 basehttp 9076 134996786407104 "GET /admin/OnlineShop/vacancy/ HTTP/1.1" 200 13856
INFO 2026-05-21 08:43:25,184 basehttp 9076 134996786407104 "GET /admin/OnlineShop/vacancy/add/ HTTP/1.1" 200 13860
INFO 2026-05-21 08:43:25,184 basehttp 9076 134996786407104 "GET /admin/OnlineShop/vacancy/add/ HTTP/1.1" 200 13860
INFO 2026-05-21 08:43:25,238 basehttp 9076 134996786407104 "GET /admin/OnlineShop/vacancy/add/ HTTP/1.1" 200 13860
INFO 2026-05-21 08:43:25,238 basehttp 9076 134996786407104 "GET /admin/OnlineShop/vacancy/add/ HTTP/1.1" 200 13860
INFO 2026-05-21 08:43:25,371 basehttp 9076 134996786407104 "GET /admin/jsi18n/ HTTP/1.1" 200 3342
INFO 2026-05-21 08:43:25,371 basehttp 9076 134996786407104 "GET /admin/jsi18n/ HTTP/1.1" 200 3342
INFO 2026-05-21 08:44:48,198 basehttp 9076 134996786407104 "POST /admin/OnlineShop/vacancy/add/ HTTP/1.1" 302 0
INFO 2026-05-21 08:44:48,198 basehttp 9076 134996786407104 "POST /admin/OnlineShop/vacancy/add/ HTTP/1.1" 302 0
INFO 2026-05-21 08:44:48,230 basehttp 9076 134996786407104 "GET /admin/OnlineShop/vacancy/ HTTP/1.1" 200 14407
INFO 2026-05-21 08:44:48,230 basehttp 9076 134996786407104 "GET /admin/OnlineShop/vacancy/ HTTP/1.1" 200 14407
INFO 2026-05-21 08:44:48,393 basehttp 9076 134996786407104 "GET /admin/jsi18n/ HTTP/1.1" 200 3342
INFO 2026-05-21 08:44:48,393 basehttp 9076 134996786407104 "GET /admin/jsi18n/ HTTP/1.1" 200 3342
INFO 2026-05-21 08:44:56,668 basehttp 9076 134996786407104 "GET /admin/OnlineShop/vacancy/3/change/ HTTP/1.1" 200 15818
INFO 2026-05-21 08:44:56,668 basehttp 9076 134996786407104 "GET /admin/OnlineShop/vacancy/3/change/ HTTP/1.1" 200 15818
INFO 2026-05-21 08:44:56,754 basehttp 9076 134996786407104 "GET /admin/jsi18n/ HTTP/1.1" 200 3342
INFO 2026-05-21 08:44:56,754 basehttp 9076 134996786407104 "GET /admin/jsi18n/ HTTP/1.1" 200 3342
INFO 2026-05-21 08:44:59,594 basehttp 9076 134996786407104 "GET /admin/OnlineShop/vacancy/ HTTP/1.1" 200 14176
INFO 2026-05-21 08:44:59,594 basehttp 9076 134996786407104 "GET /admin/OnlineShop/vacancy/ HTTP/1.1" 200 14176
INFO 2026-05-21 08:45:03,397 basehttp 9076 134996786407104 "GET /admin/OnlineShop/vacancy/add/ HTTP/1.1" 200 13860
INFO 2026-05-21 08:45:03,397 basehttp 9076 134996786407104 "GET /admin/OnlineShop/vacancy/add/ HTTP/1.1" 200 13860
INFO 2026-05-21 08:45:03,472 basehttp 9076 134996786407104 "GET /admin/jsi18n/ HTTP/1.1" 200 3342
INFO 2026-05-21 08:45:03,472 basehttp 9076 134996786407104 "GET /admin/jsi18n/ HTTP/1.1" 200 3342
INFO 2026-05-21 08:46:21,955 basehttp 9076 134996786407104 "POST /admin/OnlineShop/vacancy/add/ HTTP/1.1" 302 0
INFO 2026-05-21 08:46:21,955 basehttp 9076 134996786407104 "POST /admin/OnlineShop/vacancy/add/ HTTP/1.1" 302 0
INFO 2026-05-21 08:46:22,003 basehttp 9076 134996786407104 "GET /admin/OnlineShop/vacancy/ HTTP/1.1" 200 14886
INFO 2026-05-21 08:46:22,003 basehttp 9076 134996786407104 "GET /admin/OnlineShop/vacancy/ HTTP/1.1" 200 14886
INFO 2026-05-21 08:46:22,166 basehttp 9076 134996786407104 "GET /admin/jsi18n/ HTTP/1.1" 200 3342
INFO 2026-05-21 08:46:22,166 basehttp 9076 134996786407104 "GET /admin/jsi18n/ HTTP/1.1" 200 3342
INFO 2026-05-21 08:46:24,038 basehttp 9076 134996786407104 "GET /vacancies/ HTTP/1.1" 200 21488
INFO 2026-05-21 08:46:24,038 basehttp 9076 134996786407104 "GET /vacancies/ HTTP/1.1" 200 21488
INFO 2026-05-21 08:47:16,513 basehttp 9076 134996786407104 "GET /admin/OnlineShop/vacancy/add/ HTTP/1.1" 200 13860
INFO 2026-05-21 08:47:16,513 basehttp 9076 134996786407104 "GET /admin/OnlineShop/vacancy/add/ HTTP/1.1" 200 13860
INFO 2026-05-21 08:47:16,611 basehttp 9076 134996786407104 "GET /admin/jsi18n/ HTTP/1.1" 200 3342
INFO 2026-05-21 08:47:16,611 basehttp 9076 134996786407104 "GET /admin/jsi18n/ HTTP/1.1" 200 3342
INFO 2026-05-21 08:48:00,101 basehttp 9076 134996786407104 "POST /admin/OnlineShop/vacancy/add/ HTTP/1.1" 302 0
INFO 2026-05-21 08:48:00,101 basehttp 9076 134996786407104 "POST /admin/OnlineShop/vacancy/add/ HTTP/1.1" 302 0
INFO 2026-05-21 08:48:00,130 basehttp 9076 134996786407104 "GET /admin/OnlineShop/vacancy/ HTTP/1.1" 200 15492
INFO 2026-05-21 08:48:00,130 basehttp 9076 134996786407104 "GET /admin/OnlineShop/vacancy/ HTTP/1.1" 200 15492
INFO 2026-05-21 08:48:00,290 basehttp 9076 134996786407104 "GET /admin/jsi18n/ HTTP/1.1" 200 3342
INFO 2026-05-21 08:48:00,290 basehttp 9076 134996786407104 "GET /admin/jsi18n/ HTTP/1.1" 200 3342
INFO 2026-05-21 08:48:02,757 basehttp 9076 134996786407104 "GET /admin/OnlineShop/vacancy/3/change/ HTTP/1.1" 200 15818
INFO 2026-05-21 08:48:02,757 basehttp 9076 134996786407104 "GET /admin/OnlineShop/vacancy/3/change/ HTTP/1.1" 200 15818
INFO 2026-05-21 08:48:02,851 basehttp 9076 134996761228992 "GET /admin/jsi18n/ HTTP/1.1" 200 3342
INFO 2026-05-21 08:48:02,851 basehttp 9076 134996761228992 "GET /admin/jsi18n/ HTTP/1.1" 200 3342
INFO 2026-05-21 08:48:04,082 basehttp 9076 134996786407104 "GET /admin/OnlineShop/vacancy/3/delete/ HTTP/1.1" 200 11943
INFO 2026-05-21 08:48:04,082 basehttp 9076 134996786407104 "GET /admin/OnlineShop/vacancy/3/delete/ HTTP/1.1" 200 11943
INFO 2026-05-21 08:48:04,184 basehttp 9076 134996761228992 "GET /static/admin/js/cancel.js HTTP/1.1" 200 884
INFO 2026-05-21 08:48:04,184 basehttp 9076 134996761228992 "GET /static/admin/js/cancel.js HTTP/1.1" 200 884
INFO 2026-05-21 08:48:06,748 basehttp 9076 134996786407104 "POST /admin/OnlineShop/vacancy/3/delete/ HTTP/1.1" 302 0
INFO 2026-05-21 08:48:06,748 basehttp 9076 134996786407104 "POST /admin/OnlineShop/vacancy/3/delete/ HTTP/1.1" 302 0
INFO 2026-05-21 08:48:06,774 basehttp 9076 134996786407104 "GET /admin/OnlineShop/vacancy/ HTTP/1.1" 200 14983
INFO 2026-05-21 08:48:06,774 basehttp 9076 134996786407104 "GET /admin/OnlineShop/vacancy/ HTTP/1.1" 200 14983
INFO 2026-05-21 08:48:06,898 basehttp 9076 134996761228992 "GET /admin/jsi18n/ HTTP/1.1" 200 3342
INFO 2026-05-21 08:48:06,898 basehttp 9076 134996761228992 "GET /admin/jsi18n/ HTTP/1.1" 200 3342
INFO 2026-05-21 08:48:08,527 basehttp 9076 134996786407104 "GET /admin/OnlineShop/vacancy/2/change/ HTTP/1.1" 200 15540
INFO 2026-05-21 08:48:08,527 basehttp 9076 134996786407104 "GET /admin/OnlineShop/vacancy/2/change/ HTTP/1.1" 200 15540
INFO 2026-05-21 08:48:08,620 basehttp 9076 134996761228992 "GET /admin/jsi18n/ HTTP/1.1" 200 3342
INFO 2026-05-21 08:48:08,620 basehttp 9076 134996761228992 "GET /admin/jsi18n/ HTTP/1.1" 200 3342
INFO 2026-05-21 08:48:09,765 basehttp 9076 134996786407104 "GET /admin/OnlineShop/vacancy/2/delete/ HTTP/1.1" 200 11890
INFO 2026-05-21 08:48:09,765 basehttp 9076 134996786407104 "GET /admin/OnlineShop/vacancy/2/delete/ HTTP/1.1" 200 11890
INFO 2026-05-21 08:48:11,030 basehttp 9076 134996786407104 "POST /admin/OnlineShop/vacancy/2/delete/ HTTP/1.1" 302 0
INFO 2026-05-21 08:48:11,030 basehttp 9076 134996786407104 "POST /admin/OnlineShop/vacancy/2/delete/ HTTP/1.1" 302 0
INFO 2026-05-21 08:48:11,063 basehttp 9076 134996786407104 "GET /admin/OnlineShop/vacancy/ HTTP/1.1" 200 14625
INFO 2026-05-21 08:48:11,063 basehttp 9076 134996786407104 "GET /admin/OnlineShop/vacancy/ HTTP/1.1" 200 14625
INFO 2026-05-21 08:48:11,171 basehttp 9076 134996761228992 "GET /admin/jsi18n/ HTTP/1.1" 200 3342
INFO 2026-05-21 08:48:11,171 basehttp 9076 134996761228992 "GET /admin/jsi18n/ HTTP/1.1" 200 3342
INFO 2026-05-21 08:48:12,179 basehttp 9076 134996786407104 "GET /admin/OnlineShop/vacancy/1/change/ HTTP/1.1" 200 16092
INFO 2026-05-21 08:48:12,179 basehttp 9076 134996786407104 "GET /admin/OnlineShop/vacancy/1/change/ HTTP/1.1" 200 16092
INFO 2026-05-21 08:48:12,266 basehttp 9076 134996761228992 "GET /admin/jsi18n/ HTTP/1.1" 200 3342
INFO 2026-05-21 08:48:12,266 basehttp 9076 134996761228992 "GET /admin/jsi18n/ HTTP/1.1" 200 3342
INFO 2026-05-21 08:48:13,379 basehttp 9076 134996786407104 "GET /admin/OnlineShop/vacancy/1/delete/ HTTP/1.1" 200 11803
INFO 2026-05-21 08:48:13,379 basehttp 9076 134996786407104 "GET /admin/OnlineShop/vacancy/1/delete/ HTTP/1.1" 200 11803
INFO 2026-05-21 08:48:14,570 basehttp 9076 134996786407104 "POST /admin/OnlineShop/vacancy/1/delete/ HTTP/1.1" 302 0
INFO 2026-05-21 08:48:14,570 basehttp 9076 134996786407104 "POST /admin/OnlineShop/vacancy/1/delete/ HTTP/1.1" 302 0
INFO 2026-05-21 08:48:14,602 basehttp 9076 134996786407104 "GET /admin/OnlineShop/vacancy/ HTTP/1.1" 200 14314
INFO 2026-05-21 08:48:14,602 basehttp 9076 134996786407104 "GET /admin/OnlineShop/vacancy/ HTTP/1.1" 200 14314
INFO 2026-05-21 08:48:14,716 basehttp 9076 134996761228992 "GET /admin/jsi18n/ HTTP/1.1" 200 3342
INFO 2026-05-21 08:48:14,716 basehttp 9076 134996761228992 "GET /admin/jsi18n/ HTTP/1.1" 200 3342
INFO 2026-05-21 08:48:18,472 basehttp 9076 134996786407104 "GET /vacancies/ HTTP/1.1" 200 16024
INFO 2026-05-21 08:48:18,472 basehttp 9076 134996786407104 "GET /vacancies/ HTTP/1.1" 200 16024
INFO 2026-05-21 08:48:27,190 basehttp 9076 134996786407104 "GET /admin/OnlineShop/vacancy/6/change/ HTTP/1.1" 200 15643
INFO 2026-05-21 08:48:27,190 basehttp 9076 134996786407104 "GET /admin/OnlineShop/vacancy/6/change/ HTTP/1.1" 200 15643
INFO 2026-05-21 08:48:27,267 basehttp 9076 134996761228992 "GET /admin/jsi18n/ HTTP/1.1" 200 3342
INFO 2026-05-21 08:48:27,267 basehttp 9076 134996761228992 "GET /admin/jsi18n/ HTTP/1.1" 200 3342
INFO 2026-05-21 08:48:30,855 basehttp 9076 134996786407104 "POST /admin/OnlineShop/vacancy/6/change/ HTTP/1.1" 302 0
INFO 2026-05-21 08:48:30,855 basehttp 9076 134996786407104 "POST /admin/OnlineShop/vacancy/6/change/ HTTP/1.1" 302 0
INFO 2026-05-21 08:48:30,886 basehttp 9076 134996786407104 "GET /admin/OnlineShop/vacancy/ HTTP/1.1" 200 14502
INFO 2026-05-21 08:48:30,886 basehttp 9076 134996786407104 "GET /admin/OnlineShop/vacancy/ HTTP/1.1" 200 14502
INFO 2026-05-21 08:48:31,002 basehttp 9076 134996761228992 "GET /admin/jsi18n/ HTTP/1.1" 200 3342
INFO 2026-05-21 08:48:31,002 basehttp 9076 134996761228992 "GET /admin/jsi18n/ HTTP/1.1" 200 3342
INFO 2026-05-21 08:48:33,278 basehttp 9076 134996786407104 "GET /vacancies/ HTTP/1.1" 200 16026
INFO 2026-05-21 08:48:33,278 basehttp 9076 134996786407104 "GET /vacancies/ HTTP/1.1" 200 16026
INFO 2026-05-21 08:48:57,611 basehttp 9076 134996786407104 "GET /admin/OnlineShop/sale/ HTTP/1.1" 200 15343
INFO 2026-05-21 08:48:57,611 basehttp 9076 134996786407104 "GET /admin/OnlineShop/sale/ HTTP/1.1" 200 15343
INFO 2026-05-21 08:48:57,715 basehttp 9076 134996761228992 "GET /admin/jsi18n/ HTTP/1.1" 200 3342
INFO 2026-05-21 08:48:57,715 basehttp 9076 134996761228992 "GET /admin/jsi18n/ HTTP/1.1" 200 3342
INFO 2026-05-21 08:49:07,855 basehttp 9076 134996786407104 "GET /admin/OnlineShop/sale/24/change/ HTTP/1.1" 200 31681
INFO 2026-05-21 08:49:07,855 basehttp 9076 134996786407104 "GET /admin/OnlineShop/sale/24/change/ HTTP/1.1" 200 31681
INFO 2026-05-21 08:49:07,956 basehttp 9076 134996786407104 "GET /static/admin/js/calendar.js HTTP/1.1" 200 9141
INFO 2026-05-21 08:49:07,956 basehttp 9076 134996786407104 "GET /static/admin/js/calendar.js HTTP/1.1" 200 9141
INFO 2026-05-21 08:49:07,962 basehttp 9076 134996761228992 "GET /admin/jsi18n/ HTTP/1.1" 200 3342
INFO 2026-05-21 08:49:07,962 basehttp 9076 134996761228992 "GET /admin/jsi18n/ HTTP/1.1" 200 3342
INFO 2026-05-21 08:49:07,972 basehttp 9076 134996794799808 "GET /static/admin/js/inlines.js HTTP/1.1" 200 15628
INFO 2026-05-21 08:49:07,972 basehttp 9076 134996794799808 "GET /static/admin/js/inlines.js HTTP/1.1" 200 15628
INFO 2026-05-21 08:49:07,972 basehttp 9076 134996752836288 "GET /static/admin/js/admin/DateTimeShortcuts.js HTTP/1.1" 200 19319
INFO 2026-05-21 08:49:07,972 basehttp 9076 134996752836288 "GET /static/admin/js/admin/DateTimeShortcuts.js HTTP/1.1" 200 19319
INFO 2026-05-21 08:49:07,979 basehttp 9076 134996794799808 "GET /static/admin/img/icon-changelink.svg HTTP/1.1" 200 380
INFO 2026-05-21 08:49:07,979 basehttp 9076 134996794799808 "GET /static/admin/img/icon-changelink.svg HTTP/1.1" 200 380
INFO 2026-05-21 08:49:08,094 basehttp 9076 134996752836288 "GET /static/admin/img/icon-calendar.svg HTTP/1.1" 200 1086
INFO 2026-05-21 08:49:08,095 basehttp 9076 134996794799808 "GET /static/admin/img/icon-clock.svg HTTP/1.1" 200 677
INFO 2026-05-21 08:49:08,094 basehttp 9076 134996752836288 "GET /static/admin/img/icon-calendar.svg HTTP/1.1" 200 1086
INFO 2026-05-21 08:49:08,095 basehttp 9076 134996794799808 "GET /static/admin/img/icon-clock.svg HTTP/1.1" 200 677
INFO 2026-05-21 08:49:08,101 basehttp 9076 134996761228992 "GET /static/admin/img/inline-delete.svg HTTP/1.1" 200 537
INFO 2026-05-21 08:49:08,101 basehttp 9076 134996761228992 "GET /static/admin/img/inline-delete.svg HTTP/1.1" 200 537
INFO 2026-05-21 08:49:30,583 basehttp 9076 134996786407104 "GET /admin/OnlineShop/sale/24/history/ HTTP/1.1" 200 10749
INFO 2026-05-21 08:49:30,583 basehttp 9076 134996786407104 "GET /admin/OnlineShop/sale/24/history/ HTTP/1.1" 200 10749
INFO 2026-05-21 08:49:37,395 basehttp 9076 134996786407104 "GET /admin/OnlineShop/sale/24/change/ HTTP/1.1" 200 31681
INFO 2026-05-21 08:49:37,395 basehttp 9076 134996786407104 "GET /admin/OnlineShop/sale/24/change/ HTTP/1.1" 200 31681
INFO 2026-05-21 08:49:43,569 basehttp 9076 134996786407104 "GET /admin/OnlineShop/sale/ HTTP/1.1" 200 15343
INFO 2026-05-21 08:49:43,569 basehttp 9076 134996786407104 "GET /admin/OnlineShop/sale/ HTTP/1.1" 200 15343
INFO 2026-05-21 08:49:47,896 basehttp 9076 134996786407104 "GET /admin/OnlineShop/sale/17/change/ HTTP/1.1" 200 31731
INFO 2026-05-21 08:49:47,896 basehttp 9076 134996786407104 "GET /admin/OnlineShop/sale/17/change/ HTTP/1.1" 200 31731
INFO 2026-05-21 08:49:47,992 basehttp 9076 134996752836288 "GET /admin/jsi18n/ HTTP/1.1" 200 3342
INFO 2026-05-21 08:49:47,992 basehttp 9076 134996752836288 "GET /admin/jsi18n/ HTTP/1.1" 200 3342
INFO 2026-05-21 08:49:49,660 basehttp 9076 134996786407104 "GET /admin/OnlineShop/sale/17/delete/ HTTP/1.1" 200 11919
INFO 2026-05-21 08:49:49,660 basehttp 9076 134996786407104 "GET /admin/OnlineShop/sale/17/delete/ HTTP/1.1" 200 11919
INFO 2026-05-21 08:49:51,469 basehttp 9076 134996786407104 "POST /admin/OnlineShop/sale/17/delete/ HTTP/1.1" 302 0
INFO 2026-05-21 08:49:51,469 basehttp 9076 134996786407104 "POST /admin/OnlineShop/sale/17/delete/ HTTP/1.1" 302 0
INFO 2026-05-21 08:49:51,513 basehttp 9076 134996786407104 "GET /admin/OnlineShop/sale/ HTTP/1.1" 200 15207
INFO 2026-05-21 08:49:51,513 basehttp 9076 134996786407104 "GET /admin/OnlineShop/sale/ HTTP/1.1" 200 15207
INFO 2026-05-21 08:49:51,617 basehttp 9076 134996752836288 "GET /admin/jsi18n/ HTTP/1.1" 200 3342
INFO 2026-05-21 08:49:51,617 basehttp 9076 134996752836288 "GET /admin/jsi18n/ HTTP/1.1" 200 3342
INFO 2026-05-21 08:49:52,902 basehttp 9076 134996786407104 "GET /admin/OnlineShop/sale/18/change/ HTTP/1.1" 200 31737
INFO 2026-05-21 08:49:52,902 basehttp 9076 134996786407104 "GET /admin/OnlineShop/sale/18/change/ HTTP/1.1" 200 31737
INFO 2026-05-21 08:49:53,013 basehttp 9076 134996752836288 "GET /admin/jsi18n/ HTTP/1.1" 200 3342
INFO 2026-05-21 08:49:53,013 basehttp 9076 134996752836288 "GET /admin/jsi18n/ HTTP/1.1" 200 3342
INFO 2026-05-21 08:49:54,070 basehttp 9076 134996786407104 "GET /admin/OnlineShop/sale/18/delete/ HTTP/1.1" 200 11919
INFO 2026-05-21 08:49:54,070 basehttp 9076 134996786407104 "GET /admin/OnlineShop/sale/18/delete/ HTTP/1.1" 200 11919
INFO 2026-05-21 08:49:55,194 basehttp 9076 134996786407104 "POST /admin/OnlineShop/sale/18/delete/ HTTP/1.1" 302 0
INFO 2026-05-21 08:49:55,194 basehttp 9076 134996786407104 "POST /admin/OnlineShop/sale/18/delete/ HTTP/1.1" 302 0
INFO 2026-05-21 08:49:55,241 basehttp 9076 134996786407104 "GET /admin/OnlineShop/sale/ HTTP/1.1" 200 14894
INFO 2026-05-21 08:49:55,241 basehttp 9076 134996786407104 "GET /admin/OnlineShop/sale/ HTTP/1.1" 200 14894
INFO 2026-05-21 08:49:55,406 basehttp 9076 134996752836288 "GET /admin/jsi18n/ HTTP/1.1" 200 3342
INFO 2026-05-21 08:49:55,406 basehttp 9076 134996752836288 "GET /admin/jsi18n/ HTTP/1.1" 200 3342
INFO 2026-05-21 08:49:56,423 basehttp 9076 134996786407104 "GET /admin/OnlineShop/sale/19/change/ HTTP/1.1" 200 31760
INFO 2026-05-21 08:49:56,423 basehttp 9076 134996786407104 "GET /admin/OnlineShop/sale/19/change/ HTTP/1.1" 200 31760
INFO 2026-05-21 08:49:56,530 basehttp 9076 134996752836288 "GET /admin/jsi18n/ HTTP/1.1" 200 3342
INFO 2026-05-21 08:49:56,530 basehttp 9076 134996752836288 "GET /admin/jsi18n/ HTTP/1.1" 200 3342
INFO 2026-05-21 08:49:57,594 basehttp 9076 134996786407104 "GET /admin/OnlineShop/sale/19/delete/ HTTP/1.1" 200 11949
INFO 2026-05-21 08:49:57,594 basehttp 9076 134996786407104 "GET /admin/OnlineShop/sale/19/delete/ HTTP/1.1" 200 11949
INFO 2026-05-21 08:49:58,609 basehttp 9076 134996786407104 "POST /admin/OnlineShop/sale/19/delete/ HTTP/1.1" 302 0
INFO 2026-05-21 08:49:58,609 basehttp 9076 134996786407104 "POST /admin/OnlineShop/sale/19/delete/ HTTP/1.1" 302 0
INFO 2026-05-21 08:49:58,649 basehttp 9076 134996786407104 "GET /admin/OnlineShop/sale/ HTTP/1.1" 200 14571
INFO 2026-05-21 08:49:58,649 basehttp 9076 134996786407104 "GET /admin/OnlineShop/sale/ HTTP/1.1" 200 14571
INFO 2026-05-21 08:49:58,767 basehttp 9076 134996752836288 "GET /admin/jsi18n/ HTTP/1.1" 200 3342
INFO 2026-05-21 08:49:58,767 basehttp 9076 134996752836288 "GET /admin/jsi18n/ HTTP/1.1" 200 3342
INFO 2026-05-21 08:49:59,786 basehttp 9076 134996786407104 "GET /admin/OnlineShop/sale/20/change/ HTTP/1.1" 200 31728
INFO 2026-05-21 08:49:59,786 basehttp 9076 134996786407104 "GET /admin/OnlineShop/sale/20/change/ HTTP/1.1" 200 31728
INFO 2026-05-21 08:49:59,870 basehttp 9076 134996752836288 "GET /admin/jsi18n/ HTTP/1.1" 200 3342
INFO 2026-05-21 08:49:59,870 basehttp 9076 134996752836288 "GET /admin/jsi18n/ HTTP/1.1" 200 3342
INFO 2026-05-21 08:50:00,880 basehttp 9076 134996786407104 "GET /admin/OnlineShop/sale/20/delete/ HTTP/1.1" 200 11919
INFO 2026-05-21 08:50:00,880 basehttp 9076 134996786407104 "GET /admin/OnlineShop/sale/20/delete/ HTTP/1.1" 200 11919
INFO 2026-05-21 08:50:01,741 basehttp 9076 134996786407104 "POST /admin/OnlineShop/sale/20/delete/ HTTP/1.1" 302 0
INFO 2026-05-21 08:50:01,741 basehttp 9076 134996786407104 "POST /admin/OnlineShop/sale/20/delete/ HTTP/1.1" 302 0
INFO 2026-05-21 08:50:01,774 basehttp 9076 134996786407104 "GET /admin/OnlineShop/sale/ HTTP/1.1" 200 14248
INFO 2026-05-21 08:50:01,774 basehttp 9076 134996786407104 "GET /admin/OnlineShop/sale/ HTTP/1.1" 200 14248
INFO 2026-05-21 08:50:01,881 basehttp 9076 134996752836288 "GET /admin/jsi18n/ HTTP/1.1" 200 3342
INFO 2026-05-21 08:50:01,881 basehttp 9076 134996752836288 "GET /admin/jsi18n/ HTTP/1.1" 200 3342
INFO 2026-05-21 08:50:03,111 basehttp 9076 134996786407104 "GET /admin/OnlineShop/sale/21/change/ HTTP/1.1" 200 31757
INFO 2026-05-21 08:50:03,111 basehttp 9076 134996786407104 "GET /admin/OnlineShop/sale/21/change/ HTTP/1.1" 200 31757
INFO 2026-05-21 08:50:03,226 basehttp 9076 134996752836288 "GET /admin/jsi18n/ HTTP/1.1" 200 3342
INFO 2026-05-21 08:50:03,226 basehttp 9076 134996752836288 "GET /admin/jsi18n/ HTTP/1.1" 200 3342
INFO 2026-05-21 08:50:04,239 basehttp 9076 134996786407104 "GET /admin/OnlineShop/sale/21/delete/ HTTP/1.1" 200 11949
INFO 2026-05-21 08:50:04,239 basehttp 9076 134996786407104 "GET /admin/OnlineShop/sale/21/delete/ HTTP/1.1" 200 11949
INFO 2026-05-21 08:50:05,196 basehttp 9076 134996786407104 "POST /admin/OnlineShop/sale/21/delete/ HTTP/1.1" 302 0
INFO 2026-05-21 08:50:05,196 basehttp 9076 134996786407104 "POST /admin/OnlineShop/sale/21/delete/ HTTP/1.1" 302 0
INFO 2026-05-21 08:50:05,253 basehttp 9076 134996786407104 "GET /admin/OnlineShop/sale/ HTTP/1.1" 200 13925
INFO 2026-05-21 08:50:05,253 basehttp 9076 134996786407104 "GET /admin/OnlineShop/sale/ HTTP/1.1" 200 13925
INFO 2026-05-21 08:50:05,405 basehttp 9076 134996752836288 "GET /admin/jsi18n/ HTTP/1.1" 200 3342
INFO 2026-05-21 08:50:05,405 basehttp 9076 134996752836288 "GET /admin/jsi18n/ HTTP/1.1" 200 3342
INFO 2026-05-21 08:50:06,716 basehttp 9076 134996786407104 "GET /admin/OnlineShop/sale/22/change/ HTTP/1.1" 200 26967
INFO 2026-05-21 08:50:06,716 basehttp 9076 134996786407104 "GET /admin/OnlineShop/sale/22/change/ HTTP/1.1" 200 26967
INFO 2026-05-21 08:50:06,781 basehttp 9076 134996752836288 "GET /admin/jsi18n/ HTTP/1.1" 200 3342
INFO 2026-05-21 08:50:06,781 basehttp 9076 134996752836288 "GET /admin/jsi18n/ HTTP/1.1" 200 3342
INFO 2026-05-21 08:50:08,010 basehttp 9076 134996786407104 "GET /admin/OnlineShop/sale/22/delete/ HTTP/1.1" 200 11829
INFO 2026-05-21 08:50:08,010 basehttp 9076 134996786407104 "GET /admin/OnlineShop/sale/22/delete/ HTTP/1.1" 200 11829
INFO 2026-05-21 08:50:09,164 basehttp 9076 134996786407104 "POST /admin/OnlineShop/sale/22/delete/ HTTP/1.1" 302 0
INFO 2026-05-21 08:50:09,164 basehttp 9076 134996786407104 "POST /admin/OnlineShop/sale/22/delete/ HTTP/1.1" 302 0
INFO 2026-05-21 08:50:09,209 basehttp 9076 134996786407104 "GET /admin/OnlineShop/sale/ HTTP/1.1" 200 13602
INFO 2026-05-21 08:50:09,209 basehttp 9076 134996786407104 "GET /admin/OnlineShop/sale/ HTTP/1.1" 200 13602
INFO 2026-05-21 08:50:09,364 basehttp 9076 134996752836288 "GET /admin/jsi18n/ HTTP/1.1" 200 3342
INFO 2026-05-21 08:50:09,364 basehttp 9076 134996752836288 "GET /admin/jsi18n/ HTTP/1.1" 200 3342
INFO 2026-05-21 08:50:10,332 basehttp 9076 134996786407104 "GET /admin/OnlineShop/sale/23/change/ HTTP/1.1" 200 26981
INFO 2026-05-21 08:50:10,332 basehttp 9076 134996786407104 "GET /admin/OnlineShop/sale/23/change/ HTTP/1.1" 200 26981
INFO 2026-05-21 08:50:10,407 basehttp 9076 134996752836288 "GET /admin/jsi18n/ HTTP/1.1" 200 3342
INFO 2026-05-21 08:50:10,407 basehttp 9076 134996752836288 "GET /admin/jsi18n/ HTTP/1.1" 200 3342
INFO 2026-05-21 08:50:11,523 basehttp 9076 134996786407104 "GET /admin/OnlineShop/sale/23/delete/ HTTP/1.1" 200 11829
INFO 2026-05-21 08:50:11,523 basehttp 9076 134996786407104 "GET /admin/OnlineShop/sale/23/delete/ HTTP/1.1" 200 11829
INFO 2026-05-21 08:50:12,446 basehttp 9076 134996786407104 "POST /admin/OnlineShop/sale/23/delete/ HTTP/1.1" 302 0
INFO 2026-05-21 08:50:12,446 basehttp 9076 134996786407104 "POST /admin/OnlineShop/sale/23/delete/ HTTP/1.1" 302 0
INFO 2026-05-21 08:50:12,481 basehttp 9076 134996786407104 "GET /admin/OnlineShop/sale/ HTTP/1.1" 200 13288
INFO 2026-05-21 08:50:12,481 basehttp 9076 134996786407104 "GET /admin/OnlineShop/sale/ HTTP/1.1" 200 13288
INFO 2026-05-21 08:50:12,589 basehttp 9076 134996752836288 "GET /admin/jsi18n/ HTTP/1.1" 200 3342
INFO 2026-05-21 08:50:12,589 basehttp 9076 134996752836288 "GET /admin/jsi18n/ HTTP/1.1" 200 3342
INFO 2026-05-21 08:50:13,696 basehttp 9076 134996786407104 "GET /admin/OnlineShop/sale/24/change/ HTTP/1.1" 200 31681
INFO 2026-05-21 08:50:13,696 basehttp 9076 134996786407104 "GET /admin/OnlineShop/sale/24/change/ HTTP/1.1" 200 31681
INFO 2026-05-21 08:50:13,793 basehttp 9076 134996752836288 "GET /admin/jsi18n/ HTTP/1.1" 200 3342
INFO 2026-05-21 08:50:13,793 basehttp 9076 134996752836288 "GET /admin/jsi18n/ HTTP/1.1" 200 3342
INFO 2026-05-21 08:50:15,254 basehttp 9076 134996786407104 "GET /admin/OnlineShop/sale/24/delete/ HTTP/1.1" 200 11871
INFO 2026-05-21 08:50:15,254 basehttp 9076 134996786407104 "GET /admin/OnlineShop/sale/24/delete/ HTTP/1.1" 200 11871
INFO 2026-05-21 08:50:16,483 basehttp 9076 134996786407104 "POST /admin/OnlineShop/sale/24/delete/ HTTP/1.1" 302 0
INFO 2026-05-21 08:50:16,483 basehttp 9076 134996786407104 "POST /admin/OnlineShop/sale/24/delete/ HTTP/1.1" 302 0
INFO 2026-05-21 08:50:16,507 basehttp 9076 134996786407104 "GET /admin/OnlineShop/sale/ HTTP/1.1" 200 11981
INFO 2026-05-21 08:50:16,507 basehttp 9076 134996786407104 "GET /admin/OnlineShop/sale/ HTTP/1.1" 200 11981
INFO 2026-05-21 08:50:16,612 basehttp 9076 134996752836288 "GET /admin/jsi18n/ HTTP/1.1" 200 3342
INFO 2026-05-21 08:50:16,612 basehttp 9076 134996752836288 "GET /admin/jsi18n/ HTTP/1.1" 200 3342
INFO 2026-05-21 08:50:20,520 basehttp 9076 134996786407104 "GET /admin/OnlineShop/promocode/ HTTP/1.1" 200 15590
INFO 2026-05-21 08:50:20,520 basehttp 9076 134996786407104 "GET /admin/OnlineShop/promocode/ HTTP/1.1" 200 15590
INFO 2026-05-21 08:50:20,605 basehttp 9076 134996752836288 "GET /admin/jsi18n/ HTTP/1.1" 200 3342
INFO 2026-05-21 08:50:20,605 basehttp 9076 134996752836288 "GET /admin/jsi18n/ HTTP/1.1" 200 3342
INFO 2026-05-21 08:50:27,429 basehttp 9076 134996786407104 "GET /admin/OnlineShop/promocode/10/change/ HTTP/1.1" 200 14510
INFO 2026-05-21 08:50:27,429 basehttp 9076 134996786407104 "GET /admin/OnlineShop/promocode/10/change/ HTTP/1.1" 200 14510
INFO 2026-05-21 08:50:27,586 basehttp 9076 134996752836288 "GET /admin/jsi18n/ HTTP/1.1" 200 3342
INFO 2026-05-21 08:50:27,586 basehttp 9076 134996752836288 "GET /admin/jsi18n/ HTTP/1.1" 200 3342
INFO 2026-05-21 08:50:41,534 basehttp 9076 134996786407104 "GET /admin/OnlineShop/promocode/10/history/ HTTP/1.1" 200 11100
INFO 2026-05-21 08:50:41,534 basehttp 9076 134996786407104 "GET /admin/OnlineShop/promocode/10/history/ HTTP/1.1" 200 11100
INFO 2026-05-21 08:50:44,720 basehttp 9076 134996786407104 "GET /admin/OnlineShop/promocode/10/change/ HTTP/1.1" 200 14510
INFO 2026-05-21 08:50:44,720 basehttp 9076 134996786407104 "GET /admin/OnlineShop/promocode/10/change/ HTTP/1.1" 200 14510
INFO 2026-05-21 08:50:46,396 basehttp 9076 134996786407104 "GET /admin/OnlineShop/promocode/10/delete/ HTTP/1.1" 200 11810
INFO 2026-05-21 08:50:46,396 basehttp 9076 134996786407104 "GET /admin/OnlineShop/promocode/10/delete/ HTTP/1.1" 200 11810
INFO 2026-05-21 08:50:48,202 basehttp 9076 134996786407104 "POST /admin/OnlineShop/promocode/10/delete/ HTTP/1.1" 302 0
INFO 2026-05-21 08:50:48,202 basehttp 9076 134996786407104 "POST /admin/OnlineShop/promocode/10/delete/ HTTP/1.1" 302 0
INFO 2026-05-21 08:50:48,243 basehttp 9076 134996786407104 "GET /admin/OnlineShop/promocode/ HTTP/1.1" 200 15473
INFO 2026-05-21 08:50:48,243 basehttp 9076 134996786407104 "GET /admin/OnlineShop/promocode/ HTTP/1.1" 200 15473
INFO 2026-05-21 08:50:48,363 basehttp 9076 134996752836288 "GET /admin/jsi18n/ HTTP/1.1" 200 3342
INFO 2026-05-21 08:50:48,363 basehttp 9076 134996752836288 "GET /admin/jsi18n/ HTTP/1.1" 200 3342
INFO 2026-05-21 08:50:49,961 basehttp 9076 134996786407104 "GET /admin/OnlineShop/promocode/9/change/ HTTP/1.1" 200 14504
INFO 2026-05-21 08:50:49,961 basehttp 9076 134996786407104 "GET /admin/OnlineShop/promocode/9/change/ HTTP/1.1" 200 14504
INFO 2026-05-21 08:50:50,118 basehttp 9076 134996752836288 "GET /admin/jsi18n/ HTTP/1.1" 200 3342
INFO 2026-05-21 08:50:50,118 basehttp 9076 134996752836288 "GET /admin/jsi18n/ HTTP/1.1" 200 3342
INFO 2026-05-21 08:50:51,197 basehttp 9076 134996786407104 "GET /admin/OnlineShop/promocode/9/delete/ HTTP/1.1" 200 11805
INFO 2026-05-21 08:50:51,197 basehttp 9076 134996786407104 "GET /admin/OnlineShop/promocode/9/delete/ HTTP/1.1" 200 11805
INFO 2026-05-21 08:50:52,132 basehttp 9076 134996786407104 "POST /admin/OnlineShop/promocode/9/delete/ HTTP/1.1" 302 0
INFO 2026-05-21 08:50:52,132 basehttp 9076 134996786407104 "POST /admin/OnlineShop/promocode/9/delete/ HTTP/1.1" 302 0
INFO 2026-05-21 08:50:52,197 basehttp 9076 134996786407104 "GET /admin/OnlineShop/promocode/ HTTP/1.1" 200 15200
INFO 2026-05-21 08:50:52,197 basehttp 9076 134996786407104 "GET /admin/OnlineShop/promocode/ HTTP/1.1" 200 15200
INFO 2026-05-21 08:50:52,308 basehttp 9076 134996752836288 "GET /admin/jsi18n/ HTTP/1.1" 200 3342
INFO 2026-05-21 08:50:52,308 basehttp 9076 134996752836288 "GET /admin/jsi18n/ HTTP/1.1" 200 3342
INFO 2026-05-21 08:50:53,136 basehttp 9076 134996786407104 "GET /admin/OnlineShop/promocode/8/change/ HTTP/1.1" 200 14508
INFO 2026-05-21 08:50:53,136 basehttp 9076 134996786407104 "GET /admin/OnlineShop/promocode/8/change/ HTTP/1.1" 200 14508
INFO 2026-05-21 08:50:53,217 basehttp 9076 134996752836288 "GET /admin/jsi18n/ HTTP/1.1" 200 3342
INFO 2026-05-21 08:50:53,217 basehttp 9076 134996752836288 "GET /admin/jsi18n/ HTTP/1.1" 200 3342
INFO 2026-05-21 08:50:54,242 basehttp 9076 134996786407104 "GET /admin/OnlineShop/promocode/8/delete/ HTTP/1.1" 200 11808
INFO 2026-05-21 08:50:54,242 basehttp 9076 134996786407104 "GET /admin/OnlineShop/promocode/8/delete/ HTTP/1.1" 200 11808
INFO 2026-05-21 08:50:55,258 basehttp 9076 134996786407104 "POST /admin/OnlineShop/promocode/8/delete/ HTTP/1.1" 302 0
INFO 2026-05-21 08:50:55,258 basehttp 9076 134996786407104 "POST /admin/OnlineShop/promocode/8/delete/ HTTP/1.1" 302 0
INFO 2026-05-21 08:50:55,297 basehttp 9076 134996786407104 "GET /admin/OnlineShop/promocode/ HTTP/1.1" 200 14927
INFO 2026-05-21 08:50:55,297 basehttp 9076 134996786407104 "GET /admin/OnlineShop/promocode/ HTTP/1.1" 200 14927
INFO 2026-05-21 08:50:55,416 basehttp 9076 134996752836288 "GET /admin/jsi18n/ HTTP/1.1" 200 3342
INFO 2026-05-21 08:50:55,416 basehttp 9076 134996752836288 "GET /admin/jsi18n/ HTTP/1.1" 200 3342
INFO 2026-05-21 08:50:56,581 basehttp 9076 134996786407104 "GET /admin/OnlineShop/promocode/7/change/ HTTP/1.1" 200 14488
INFO 2026-05-21 08:50:56,581 basehttp 9076 134996786407104 "GET /admin/OnlineShop/promocode/7/change/ HTTP/1.1" 200 14488
INFO 2026-05-21 08:50:56,712 basehttp 9076 134996752836288 "GET /admin/jsi18n/ HTTP/1.1" 200 3342
INFO 2026-05-21 08:50:56,712 basehttp 9076 134996752836288 "GET /admin/jsi18n/ HTTP/1.1" 200 3342
INFO 2026-05-21 08:50:57,721 basehttp 9076 134996786407104 "GET /admin/OnlineShop/promocode/7/delete/ HTTP/1.1" 200 11793
INFO 2026-05-21 08:50:57,721 basehttp 9076 134996786407104 "GET /admin/OnlineShop/promocode/7/delete/ HTTP/1.1" 200 11793
INFO 2026-05-21 08:50:58,729 basehttp 9076 134996786407104 "POST /admin/OnlineShop/promocode/7/delete/ HTTP/1.1" 302 0
INFO 2026-05-21 08:50:58,729 basehttp 9076 134996786407104 "POST /admin/OnlineShop/promocode/7/delete/ HTTP/1.1" 302 0
INFO 2026-05-21 08:50:58,774 basehttp 9076 134996786407104 "GET /admin/OnlineShop/promocode/ HTTP/1.1" 200 14658
INFO 2026-05-21 08:50:58,774 basehttp 9076 134996786407104 "GET /admin/OnlineShop/promocode/ HTTP/1.1" 200 14658
INFO 2026-05-21 08:50:58,892 basehttp 9076 134996752836288 "GET /admin/jsi18n/ HTTP/1.1" 200 3342
INFO 2026-05-21 08:50:58,892 basehttp 9076 134996752836288 "GET /admin/jsi18n/ HTTP/1.1" 200 3342
INFO 2026-05-21 08:50:59,596 basehttp 9076 134996786407104 "GET /admin/OnlineShop/promocode/6/change/ HTTP/1.1" 200 14492
INFO 2026-05-21 08:50:59,596 basehttp 9076 134996786407104 "GET /admin/OnlineShop/promocode/6/change/ HTTP/1.1" 200 14492
INFO 2026-05-21 08:50:59,698 basehttp 9076 134996752836288 "GET /admin/jsi18n/ HTTP/1.1" 200 3342
INFO 2026-05-21 08:50:59,698 basehttp 9076 134996752836288 "GET /admin/jsi18n/ HTTP/1.1" 200 3342
INFO 2026-05-21 08:51:00,525 basehttp 9076 134996786407104 "GET /admin/OnlineShop/promocode/6/delete/ HTTP/1.1" 200 11796
INFO 2026-05-21 08:51:00,525 basehttp 9076 134996786407104 "GET /admin/OnlineShop/promocode/6/delete/ HTTP/1.1" 200 11796
INFO 2026-05-21 08:51:01,629 basehttp 9076 134996786407104 "POST /admin/OnlineShop/promocode/6/delete/ HTTP/1.1" 302 0
INFO 2026-05-21 08:51:01,629 basehttp 9076 134996786407104 "POST /admin/OnlineShop/promocode/6/delete/ HTTP/1.1" 302 0
INFO 2026-05-21 08:51:01,669 basehttp 9076 134996786407104 "GET /admin/OnlineShop/promocode/ HTTP/1.1" 200 14393
INFO 2026-05-21 08:51:01,669 basehttp 9076 134996786407104 "GET /admin/OnlineShop/promocode/ HTTP/1.1" 200 14393
INFO 2026-05-21 08:51:01,817 basehttp 9076 134996752836288 "GET /admin/jsi18n/ HTTP/1.1" 200 3342
INFO 2026-05-21 08:51:01,817 basehttp 9076 134996752836288 "GET /admin/jsi18n/ HTTP/1.1" 200 3342
INFO 2026-05-21 08:51:02,724 basehttp 9076 134996786407104 "GET /admin/OnlineShop/promocode/5/change/ HTTP/1.1" 200 14512
INFO 2026-05-21 08:51:02,724 basehttp 9076 134996786407104 "GET /admin/OnlineShop/promocode/5/change/ HTTP/1.1" 200 14512
INFO 2026-05-21 08:51:02,795 basehttp 9076 134996752836288 "GET /admin/jsi18n/ HTTP/1.1" 200 3342
INFO 2026-05-21 08:51:02,795 basehttp 9076 134996752836288 "GET /admin/jsi18n/ HTTP/1.1" 200 3342
INFO 2026-05-21 08:51:03,789 basehttp 9076 134996786407104 "GET /admin/OnlineShop/promocode/5/delete/ HTTP/1.1" 200 11811
INFO 2026-05-21 08:51:03,789 basehttp 9076 134996786407104 "GET /admin/OnlineShop/promocode/5/delete/ HTTP/1.1" 200 11811
INFO 2026-05-21 08:51:04,673 basehttp 9076 134996786407104 "POST /admin/OnlineShop/promocode/5/delete/ HTTP/1.1" 302 0
INFO 2026-05-21 08:51:04,673 basehttp 9076 134996786407104 "POST /admin/OnlineShop/promocode/5/delete/ HTTP/1.1" 302 0
INFO 2026-05-21 08:51:04,706 basehttp 9076 134996786407104 "GET /admin/OnlineShop/promocode/ HTTP/1.1" 200 14122
INFO 2026-05-21 08:51:04,706 basehttp 9076 134996786407104 "GET /admin/OnlineShop/promocode/ HTTP/1.1" 200 14122
INFO 2026-05-21 08:51:04,829 basehttp 9076 134996752836288 "GET /admin/jsi18n/ HTTP/1.1" 200 3342
INFO 2026-05-21 08:51:04,829 basehttp 9076 134996752836288 "GET /admin/jsi18n/ HTTP/1.1" 200 3342
INFO 2026-05-21 08:51:05,487 basehttp 9076 134996786407104 "GET /admin/OnlineShop/promocode/4/change/ HTTP/1.1" 200 14485
INFO 2026-05-21 08:51:05,487 basehttp 9076 134996786407104 "GET /admin/OnlineShop/promocode/4/change/ HTTP/1.1" 200 14485
INFO 2026-05-21 08:51:05,575 basehttp 9076 134996752836288 "GET /admin/jsi18n/ HTTP/1.1" 200 3342
INFO 2026-05-21 08:51:05,575 basehttp 9076 134996752836288 "GET /admin/jsi18n/ HTTP/1.1" 200 3342
INFO 2026-05-21 08:51:06,421 basehttp 9076 134996786407104 "GET /admin/OnlineShop/promocode/4/delete/ HTTP/1.1" 200 11796
INFO 2026-05-21 08:51:06,421 basehttp 9076 134996786407104 "GET /admin/OnlineShop/promocode/4/delete/ HTTP/1.1" 200 11796
INFO 2026-05-21 08:51:07,880 basehttp 9076 134996786407104 "POST /admin/OnlineShop/promocode/4/delete/ HTTP/1.1" 302 0
INFO 2026-05-21 08:51:07,880 basehttp 9076 134996786407104 "POST /admin/OnlineShop/promocode/4/delete/ HTTP/1.1" 302 0
INFO 2026-05-21 08:51:07,908 basehttp 9076 134996786407104 "GET /admin/OnlineShop/promocode/ HTTP/1.1" 200 13851
INFO 2026-05-21 08:51:07,908 basehttp 9076 134996786407104 "GET /admin/OnlineShop/promocode/ HTTP/1.1" 200 13851
INFO 2026-05-21 08:51:08,014 basehttp 9076 134996752836288 "GET /admin/jsi18n/ HTTP/1.1" 200 3342
INFO 2026-05-21 08:51:08,014 basehttp 9076 134996752836288 "GET /admin/jsi18n/ HTTP/1.1" 200 3342
INFO 2026-05-21 08:51:09,146 basehttp 9076 134996786407104 "GET /admin/OnlineShop/promocode/3/change/ HTTP/1.1" 200 14500
INFO 2026-05-21 08:51:09,146 basehttp 9076 134996786407104 "GET /admin/OnlineShop/promocode/3/change/ HTTP/1.1" 200 14500
INFO 2026-05-21 08:51:09,246 basehttp 9076 134996752836288 "GET /admin/jsi18n/ HTTP/1.1" 200 3342
INFO 2026-05-21 08:51:09,246 basehttp 9076 134996752836288 "GET /admin/jsi18n/ HTTP/1.1" 200 3342
INFO 2026-05-21 08:51:10,250 basehttp 9076 134996786407104 "GET /admin/OnlineShop/promocode/3/delete/ HTTP/1.1" 200 11802
INFO 2026-05-21 08:51:10,250 basehttp 9076 134996786407104 "GET /admin/OnlineShop/promocode/3/delete/ HTTP/1.1" 200 11802
INFO 2026-05-21 08:51:11,144 basehttp 9076 134996786407104 "POST /admin/OnlineShop/promocode/3/delete/ HTTP/1.1" 302 0
INFO 2026-05-21 08:51:11,144 basehttp 9076 134996786407104 "POST /admin/OnlineShop/promocode/3/delete/ HTTP/1.1" 302 0
INFO 2026-05-21 08:51:11,170 basehttp 9076 134996786407104 "GET /admin/OnlineShop/promocode/ HTTP/1.1" 200 13583
INFO 2026-05-21 08:51:11,170 basehttp 9076 134996786407104 "GET /admin/OnlineShop/promocode/ HTTP/1.1" 200 13583
INFO 2026-05-21 08:51:11,288 basehttp 9076 134996752836288 "GET /admin/jsi18n/ HTTP/1.1" 200 3342
INFO 2026-05-21 08:51:11,288 basehttp 9076 134996752836288 "GET /admin/jsi18n/ HTTP/1.1" 200 3342
INFO 2026-05-21 08:51:11,981 basehttp 9076 134996786407104 "GET /admin/OnlineShop/promocode/2/change/ HTTP/1.1" 200 14501
INFO 2026-05-21 08:51:11,981 basehttp 9076 134996786407104 "GET /admin/OnlineShop/promocode/2/change/ HTTP/1.1" 200 14501
INFO 2026-05-21 08:51:12,109 basehttp 9076 134996752836288 "GET /admin/jsi18n/ HTTP/1.1" 200 3342
INFO 2026-05-21 08:51:12,109 basehttp 9076 134996752836288 "GET /admin/jsi18n/ HTTP/1.1" 200 3342
INFO 2026-05-21 08:51:13,101 basehttp 9076 134996786407104 "GET /admin/OnlineShop/promocode/2/delete/ HTTP/1.1" 200 11802
INFO 2026-05-21 08:51:13,101 basehttp 9076 134996786407104 "GET /admin/OnlineShop/promocode/2/delete/ HTTP/1.1" 200 11802
INFO 2026-05-21 08:51:14,087 basehttp 9076 134996786407104 "POST /admin/OnlineShop/promocode/2/delete/ HTTP/1.1" 302 0
INFO 2026-05-21 08:51:14,087 basehttp 9076 134996786407104 "POST /admin/OnlineShop/promocode/2/delete/ HTTP/1.1" 302 0
INFO 2026-05-21 08:51:14,127 basehttp 9076 134996786407104 "GET /admin/OnlineShop/promocode/ HTTP/1.1" 200 13312
INFO 2026-05-21 08:51:14,127 basehttp 9076 134996786407104 "GET /admin/OnlineShop/promocode/ HTTP/1.1" 200 13312
INFO 2026-05-21 08:51:14,257 basehttp 9076 134996752836288 "GET /admin/jsi18n/ HTTP/1.1" 200 3342
INFO 2026-05-21 08:51:14,257 basehttp 9076 134996752836288 "GET /admin/jsi18n/ HTTP/1.1" 200 3342
INFO 2026-05-21 08:51:15,252 basehttp 9076 134996786407104 "GET /admin/OnlineShop/promocode/1/change/ HTTP/1.1" 200 14501
INFO 2026-05-21 08:51:15,252 basehttp 9076 134996786407104 "GET /admin/OnlineShop/promocode/1/change/ HTTP/1.1" 200 14501
INFO 2026-05-21 08:51:15,351 basehttp 9076 134996752836288 "GET /admin/jsi18n/ HTTP/1.1" 200 3342
INFO 2026-05-21 08:51:15,351 basehttp 9076 134996752836288 "GET /admin/jsi18n/ HTTP/1.1" 200 3342
INFO 2026-05-21 08:51:16,519 basehttp 9076 134996786407104 "GET /admin/OnlineShop/promocode/1/delete/ HTTP/1.1" 200 11802
INFO 2026-05-21 08:51:16,519 basehttp 9076 134996786407104 "GET /admin/OnlineShop/promocode/1/delete/ HTTP/1.1" 200 11802
INFO 2026-05-21 08:51:17,544 basehttp 9076 134996786407104 "POST /admin/OnlineShop/promocode/1/delete/ HTTP/1.1" 302 0
INFO 2026-05-21 08:51:17,544 basehttp 9076 134996786407104 "POST /admin/OnlineShop/promocode/1/delete/ HTTP/1.1" 302 0
INFO 2026-05-21 08:51:17,572 basehttp 9076 134996786407104 "GET /admin/OnlineShop/promocode/ HTTP/1.1" 200 12020
INFO 2026-05-21 08:51:17,572 basehttp 9076 134996786407104 "GET /admin/OnlineShop/promocode/ HTTP/1.1" 200 12020
INFO 2026-05-21 08:51:17,693 basehttp 9076 134996752836288 "GET /admin/jsi18n/ HTTP/1.1" 200 3342
INFO 2026-05-21 08:51:17,693 basehttp 9076 134996752836288 "GET /admin/jsi18n/ HTTP/1.1" 200 3342
INFO 2026-05-21 08:51:19,105 basehttp 9076 134996786407104 "GET /admin/OnlineShop/promocode/add/ HTTP/1.1" 200 14269
INFO 2026-05-21 08:51:19,105 basehttp 9076 134996786407104 "GET /admin/OnlineShop/promocode/add/ HTTP/1.1" 200 14269
INFO 2026-05-21 08:51:19,213 basehttp 9076 134996752836288 "GET /admin/jsi18n/ HTTP/1.1" 200 3342
INFO 2026-05-21 08:51:19,213 basehttp 9076 134996752836288 "GET /admin/jsi18n/ HTTP/1.1" 200 3342
INFO 2026-05-21 08:52:09,396 basehttp 9076 134996786407104 "POST /admin/OnlineShop/promocode/add/ HTTP/1.1" 302 0
INFO 2026-05-21 08:52:09,396 basehttp 9076 134996786407104 "POST /admin/OnlineShop/promocode/add/ HTTP/1.1" 302 0
INFO 2026-05-21 08:52:09,423 basehttp 9076 134996786407104 "GET /admin/OnlineShop/promocode/ HTTP/1.1" 200 13365
INFO 2026-05-21 08:52:09,423 basehttp 9076 134996786407104 "GET /admin/OnlineShop/promocode/ HTTP/1.1" 200 13365
INFO 2026-05-21 08:52:09,551 basehttp 9076 134996752836288 "GET /admin/jsi18n/ HTTP/1.1" 200 3342
INFO 2026-05-21 08:52:09,551 basehttp 9076 134996752836288 "GET /admin/jsi18n/ HTTP/1.1" 200 3342
INFO 2026-05-21 08:52:11,165 basehttp 9076 134996786407104 "GET /admin/OnlineShop/promocode/add/ HTTP/1.1" 200 14269
INFO 2026-05-21 08:52:11,165 basehttp 9076 134996786407104 "GET /admin/OnlineShop/promocode/add/ HTTP/1.1" 200 14269
INFO 2026-05-21 08:52:11,231 basehttp 9076 134996752836288 "GET /admin/jsi18n/ HTTP/1.1" 200 3342
INFO 2026-05-21 08:52:11,231 basehttp 9076 134996752836288 "GET /admin/jsi18n/ HTTP/1.1" 200 3342
INFO 2026-05-21 08:52:39,564 basehttp 9076 134996786407104 "POST /admin/OnlineShop/promocode/add/ HTTP/1.1" 200 14516
INFO 2026-05-21 08:52:39,564 basehttp 9076 134996786407104 "POST /admin/OnlineShop/promocode/add/ HTTP/1.1" 200 14516
INFO 2026-05-21 08:52:39,651 basehttp 9076 134996752836288 "GET /admin/jsi18n/ HTTP/1.1" 200 3342
INFO 2026-05-21 08:52:39,651 basehttp 9076 134996752836288 "GET /admin/jsi18n/ HTTP/1.1" 200 3342
INFO 2026-05-21 08:52:48,489 basehttp 9076 134996786407104 "POST /admin/OnlineShop/promocode/add/ HTTP/1.1" 302 0
INFO 2026-05-21 08:52:48,489 basehttp 9076 134996786407104 "POST /admin/OnlineShop/promocode/add/ HTTP/1.1" 302 0
INFO 2026-05-21 08:52:48,523 basehttp 9076 134996786407104 "GET /admin/OnlineShop/promocode/ HTTP/1.1" 200 13644
INFO 2026-05-21 08:52:48,523 basehttp 9076 134996786407104 "GET /admin/OnlineShop/promocode/ HTTP/1.1" 200 13644
INFO 2026-05-21 08:52:48,648 basehttp 9076 134996752836288 "GET /admin/jsi18n/ HTTP/1.1" 200 3342
INFO 2026-05-21 08:52:48,648 basehttp 9076 134996752836288 "GET /admin/jsi18n/ HTTP/1.1" 200 3342
INFO 2026-05-21 08:52:52,888 basehttp 9076 134996786407104 "GET /admin/OnlineShop/promocode/add/ HTTP/1.1" 200 14269
INFO 2026-05-21 08:52:52,888 basehttp 9076 134996786407104 "GET /admin/OnlineShop/promocode/add/ HTTP/1.1" 200 14269
INFO 2026-05-21 08:52:52,977 basehttp 9076 134996752836288 "GET /admin/jsi18n/ HTTP/1.1" 200 3342
INFO 2026-05-21 08:52:52,977 basehttp 9076 134996752836288 "GET /admin/jsi18n/ HTTP/1.1" 200 3342
INFO 2026-05-21 08:53:13,875 basehttp 9076 134996786407104 "POST /admin/OnlineShop/promocode/add/ HTTP/1.1" 302 0
INFO 2026-05-21 08:53:13,875 basehttp 9076 134996786407104 "POST /admin/OnlineShop/promocode/add/ HTTP/1.1" 302 0
INFO 2026-05-21 08:53:13,907 basehttp 9076 134996786407104 "GET /admin/OnlineShop/promocode/ HTTP/1.1" 200 13902
INFO 2026-05-21 08:53:13,907 basehttp 9076 134996786407104 "GET /admin/OnlineShop/promocode/ HTTP/1.1" 200 13902
INFO 2026-05-21 08:53:14,071 basehttp 9076 134996752836288 "GET /admin/jsi18n/ HTTP/1.1" 200 3342
INFO 2026-05-21 08:53:14,071 basehttp 9076 134996752836288 "GET /admin/jsi18n/ HTTP/1.1" 200 3342
INFO 2026-05-21 08:53:15,828 basehttp 9076 134996786407104 "GET /admin/OnlineShop/promocode/add/ HTTP/1.1" 200 14269
INFO 2026-05-21 08:53:15,828 basehttp 9076 134996786407104 "GET /admin/OnlineShop/promocode/add/ HTTP/1.1" 200 14269
INFO 2026-05-21 08:53:15,905 basehttp 9076 134996752836288 "GET /admin/jsi18n/ HTTP/1.1" 200 3342
INFO 2026-05-21 08:53:15,905 basehttp 9076 134996752836288 "GET /admin/jsi18n/ HTTP/1.1" 200 3342
INFO 2026-05-21 08:53:33,488 basehttp 9076 134996786407104 "POST /admin/OnlineShop/promocode/add/ HTTP/1.1" 302 0
INFO 2026-05-21 08:53:33,488 basehttp 9076 134996786407104 "POST /admin/OnlineShop/promocode/add/ HTTP/1.1" 302 0
INFO 2026-05-21 08:53:33,521 basehttp 9076 134996786407104 "GET /admin/OnlineShop/promocode/ HTTP/1.1" 200 14190
INFO 2026-05-21 08:53:33,521 basehttp 9076 134996786407104 "GET /admin/OnlineShop/promocode/ HTTP/1.1" 200 14190
INFO 2026-05-21 08:53:33,652 basehttp 9076 134996752836288 "GET /admin/jsi18n/ HTTP/1.1" 200 3342
INFO 2026-05-21 08:53:33,652 basehttp 9076 134996752836288 "GET /admin/jsi18n/ HTTP/1.1" 200 3342
INFO 2026-05-21 08:53:35,902 basehttp 9076 134996786407104 "GET /vacancies/ HTTP/1.1" 200 16026
INFO 2026-05-21 08:53:35,902 basehttp 9076 134996786407104 "GET /vacancies/ HTTP/1.1" 200 16026
INFO 2026-05-21 08:53:38,185 basehttp 9076 134996786407104 "GET /promocodes HTTP/1.1" 301 0
INFO 2026-05-21 08:53:38,185 basehttp 9076 134996786407104 "GET /promocodes HTTP/1.1" 301 0
INFO 2026-05-21 08:53:38,216 basehttp 9076 134996752836288 "GET /promocodes/ HTTP/1.1" 200 18474
INFO 2026-05-21 08:53:38,216 basehttp 9076 134996752836288 "GET /promocodes/ HTTP/1.1" 200 18474
INFO 2026-05-21 08:53:48,821 basehttp 9076 134996752836288 "GET /admin/OnlineShop/sale/ HTTP/1.1" 200 11820
INFO 2026-05-21 08:53:48,821 basehttp 9076 134996752836288 "GET /admin/OnlineShop/sale/ HTTP/1.1" 200 11820
INFO 2026-05-21 08:53:48,903 basehttp 9076 134996752836288 "GET /admin/jsi18n/ HTTP/1.1" 200 3342
INFO 2026-05-21 08:53:48,903 basehttp 9076 134996752836288 "GET /admin/jsi18n/ HTTP/1.1" 200 3342
INFO 2026-05-21 08:53:50,650 basehttp 9076 134996752836288 "GET /admin/OnlineShop/product/ HTTP/1.1" 200 21061
INFO 2026-05-21 08:53:50,650 basehttp 9076 134996752836288 "GET /admin/OnlineShop/product/ HTTP/1.1" 200 21061
INFO 2026-05-21 08:53:50,738 basehttp 9076 134996752836288 "GET /admin/jsi18n/ HTTP/1.1" 200 3342
INFO 2026-05-21 08:53:50,738 basehttp 9076 134996752836288 "GET /admin/jsi18n/ HTTP/1.1" 200 3342
INFO 2026-05-21 08:53:59,649 basehttp 9076 134996752836288 "GET /admin/OnlineShop/product/23/change/ HTTP/1.1" 200 16258
INFO 2026-05-21 08:53:59,649 basehttp 9076 134996752836288 "GET /admin/OnlineShop/product/23/change/ HTTP/1.1" 200 16258
INFO 2026-05-21 08:53:59,731 basehttp 9076 134996752836288 "GET /admin/jsi18n/ HTTP/1.1" 200 3342
INFO 2026-05-21 08:53:59,731 basehttp 9076 134996752836288 "GET /admin/jsi18n/ HTTP/1.1" 200 3342
INFO 2026-05-21 08:54:27,886 basehttp 9076 134996752836288 "GET /admin/OnlineShop/product/ HTTP/1.1" 200 21061
INFO 2026-05-21 08:54:27,886 basehttp 9076 134996752836288 "GET /admin/OnlineShop/product/ HTTP/1.1" 200 21061
INFO 2026-05-21 08:54:29,369 basehttp 9076 134996752836288 "GET /admin/OnlineShop/product/22/change/ HTTP/1.1" 200 16694
INFO 2026-05-21 08:54:29,369 basehttp 9076 134996752836288 "GET /admin/OnlineShop/product/22/change/ HTTP/1.1" 200 16694
INFO 2026-05-21 08:54:29,444 basehttp 9076 134996752836288 "GET /admin/jsi18n/ HTTP/1.1" 200 3342
INFO 2026-05-21 08:54:29,444 basehttp 9076 134996752836288 "GET /admin/jsi18n/ HTTP/1.1" 200 3342
INFO 2026-05-21 08:55:16,454 basehttp 9076 134996752836288 "POST /admin/OnlineShop/product/22/change/ HTTP/1.1" 302 0
INFO 2026-05-21 08:55:16,454 basehttp 9076 134996752836288 "POST /admin/OnlineShop/product/22/change/ HTTP/1.1" 302 0
INFO 2026-05-21 08:55:16,493 basehttp 9076 134996752836288 "GET /admin/OnlineShop/product/ HTTP/1.1" 200 21214
INFO 2026-05-21 08:55:16,493 basehttp 9076 134996752836288 "GET /admin/OnlineShop/product/ HTTP/1.1" 200 21214
INFO 2026-05-21 08:55:16,618 basehttp 9076 134996752836288 "GET /admin/jsi18n/ HTTP/1.1" 200 3342
INFO 2026-05-21 08:55:16,618 basehttp 9076 134996752836288 "GET /admin/jsi18n/ HTTP/1.1" 200 3342
INFO 2026-05-21 08:55:24,229 basehttp 9076 134996752836288 "GET /admin/OnlineShop/product/21/change/ HTTP/1.1" 200 16458
INFO 2026-05-21 08:55:24,229 basehttp 9076 134996752836288 "GET /admin/OnlineShop/product/21/change/ HTTP/1.1" 200 16458
INFO 2026-05-21 08:55:24,305 basehttp 9076 134996752836288 "GET /admin/jsi18n/ HTTP/1.1" 200 3342
INFO 2026-05-21 08:55:24,305 basehttp 9076 134996752836288 "GET /admin/jsi18n/ HTTP/1.1" 200 3342
INFO 2026-05-21 08:55:45,641 basehttp 9076 134996752836288 "POST /admin/OnlineShop/product/21/change/ HTTP/1.1" 302 0
INFO 2026-05-21 08:55:45,641 basehttp 9076 134996752836288 "POST /admin/OnlineShop/product/21/change/ HTTP/1.1" 302 0
INFO 2026-05-21 08:55:45,688 basehttp 9076 134996752836288 "GET /admin/OnlineShop/product/ HTTP/1.1" 200 21198
INFO 2026-05-21 08:55:45,688 basehttp 9076 134996752836288 "GET /admin/OnlineShop/product/ HTTP/1.1" 200 21198
INFO 2026-05-21 08:55:45,825 basehttp 9076 134996752836288 "GET /admin/jsi18n/ HTTP/1.1" 200 3342
INFO 2026-05-21 08:55:45,825 basehttp 9076 134996752836288 "GET /admin/jsi18n/ HTTP/1.1" 200 3342
INFO 2026-05-21 08:55:53,950 basehttp 9076 134996752836288 "GET /admin/OnlineShop/product/20/change/ HTTP/1.1" 200 16526
INFO 2026-05-21 08:55:53,950 basehttp 9076 134996752836288 "GET /admin/OnlineShop/product/20/change/ HTTP/1.1" 200 16526
INFO 2026-05-21 08:55:54,041 basehttp 9076 134996752836288 "GET /admin/jsi18n/ HTTP/1.1" 200 3342
INFO 2026-05-21 08:55:54,041 basehttp 9076 134996752836288 "GET /admin/jsi18n/ HTTP/1.1" 200 3342
INFO 2026-05-21 08:55:55,150 basehttp 9076 134996752836288 "GET /admin/OnlineShop/product/20/history/ HTTP/1.1" 200 11373
INFO 2026-05-21 08:55:55,150 basehttp 9076 134996752836288 "GET /admin/OnlineShop/product/20/history/ HTTP/1.1" 200 11373
INFO 2026-05-21 08:55:58,463 basehttp 9076 134996752836288 "GET /admin/OnlineShop/product/20/change/ HTTP/1.1" 200 16526
INFO 2026-05-21 08:55:58,463 basehttp 9076 134996752836288 "GET /admin/OnlineShop/product/20/change/ HTTP/1.1" 200 16526
INFO 2026-05-21 08:56:00,390 basehttp 9076 134996752836288 "GET /admin/OnlineShop/product/20/delete/ HTTP/1.1" 200 12069
INFO 2026-05-21 08:56:00,390 basehttp 9076 134996752836288 "GET /admin/OnlineShop/product/20/delete/ HTTP/1.1" 200 12069
INFO 2026-05-21 08:56:01,942 basehttp 9076 134996752836288 "POST /admin/OnlineShop/product/20/delete/ HTTP/1.1" 302 0
INFO 2026-05-21 08:56:01,942 basehttp 9076 134996752836288 "POST /admin/OnlineShop/product/20/delete/ HTTP/1.1" 302 0
INFO 2026-05-21 08:56:01,984 basehttp 9076 134996752836288 "GET /admin/OnlineShop/product/ HTTP/1.1" 200 20711
INFO 2026-05-21 08:56:01,984 basehttp 9076 134996752836288 "GET /admin/OnlineShop/product/ HTTP/1.1" 200 20711
INFO 2026-05-21 08:56:02,098 basehttp 9076 134996752836288 "GET /admin/jsi18n/ HTTP/1.1" 200 3342
INFO 2026-05-21 08:56:02,098 basehttp 9076 134996752836288 "GET /admin/jsi18n/ HTTP/1.1" 200 3342
INFO 2026-05-21 08:56:03,338 basehttp 9076 134996752836288 "GET /admin/OnlineShop/product/23/change/ HTTP/1.1" 200 16258
INFO 2026-05-21 08:56:03,338 basehttp 9076 134996752836288 "GET /admin/OnlineShop/product/23/change/ HTTP/1.1" 200 16258
INFO 2026-05-21 08:56:03,419 basehttp 9076 134996752836288 "GET /admin/jsi18n/ HTTP/1.1" 200 3342
INFO 2026-05-21 08:56:03,419 basehttp 9076 134996752836288 "GET /admin/jsi18n/ HTTP/1.1" 200 3342
INFO 2026-05-21 08:56:04,641 basehttp 9076 134996752836288 "GET /admin/OnlineShop/product/23/delete/ HTTP/1.1" 200 11868
INFO 2026-05-21 08:56:04,641 basehttp 9076 134996752836288 "GET /admin/OnlineShop/product/23/delete/ HTTP/1.1" 200 11868
INFO 2026-05-21 08:56:06,728 basehttp 9076 134996752836288 "POST /admin/OnlineShop/product/23/delete/ HTTP/1.1" 302 0
INFO 2026-05-21 08:56:06,728 basehttp 9076 134996752836288 "POST /admin/OnlineShop/product/23/delete/ HTTP/1.1" 302 0
INFO 2026-05-21 08:56:06,770 basehttp 9076 134996752836288 "GET /admin/OnlineShop/product/ HTTP/1.1" 200 20318
INFO 2026-05-21 08:56:06,770 basehttp 9076 134996752836288 "GET /admin/OnlineShop/product/ HTTP/1.1" 200 20318
INFO 2026-05-21 08:56:06,933 basehttp 9076 134996752836288 "GET /admin/jsi18n/ HTTP/1.1" 200 3342
INFO 2026-05-21 08:56:06,933 basehttp 9076 134996752836288 "GET /admin/jsi18n/ HTTP/1.1" 200 3342
INFO 2026-05-21 08:56:07,907 basehttp 9076 134996752836288 "GET /admin/OnlineShop/product/22/change/ HTTP/1.1" 200 16438
INFO 2026-05-21 08:56:07,907 basehttp 9076 134996752836288 "GET /admin/OnlineShop/product/22/change/ HTTP/1.1" 200 16438
INFO 2026-05-21 08:56:08,016 basehttp 9076 134996752836288 "GET /admin/jsi18n/ HTTP/1.1" 200 3342
INFO 2026-05-21 08:56:08,016 basehttp 9076 134996752836288 "GET /admin/jsi18n/ HTTP/1.1" 200 3342
INFO 2026-05-21 08:56:09,355 basehttp 9076 134996752836288 "GET /admin/OnlineShop/product/22/delete/ HTTP/1.1" 200 12003
INFO 2026-05-21 08:56:09,355 basehttp 9076 134996752836288 "GET /admin/OnlineShop/product/22/delete/ HTTP/1.1" 200 12003
INFO 2026-05-21 08:56:10,310 basehttp 9076 134996752836288 "POST /admin/OnlineShop/product/22/delete/ HTTP/1.1" 302 0
INFO 2026-05-21 08:56:10,310 basehttp 9076 134996752836288 "POST /admin/OnlineShop/product/22/delete/ HTTP/1.1" 302 0
INFO 2026-05-21 08:56:10,348 basehttp 9076 134996752836288 "GET /admin/OnlineShop/product/ HTTP/1.1" 200 19947
INFO 2026-05-21 08:56:10,348 basehttp 9076 134996752836288 "GET /admin/OnlineShop/product/ HTTP/1.1" 200 19947
INFO 2026-05-21 08:56:10,484 basehttp 9076 134996752836288 "GET /admin/jsi18n/ HTTP/1.1" 200 3342
INFO 2026-05-21 08:56:10,484 basehttp 9076 134996752836288 "GET /admin/jsi18n/ HTTP/1.1" 200 3342
INFO 2026-05-21 08:56:11,501 basehttp 9076 134996752836288 "GET /admin/OnlineShop/product/21/change/ HTTP/1.1" 200 16430
INFO 2026-05-21 08:56:11,501 basehttp 9076 134996752836288 "GET /admin/OnlineShop/product/21/change/ HTTP/1.1" 200 16430
INFO 2026-05-21 08:56:11,573 basehttp 9076 134996752836288 "GET /admin/jsi18n/ HTTP/1.1" 200 3342
INFO 2026-05-21 08:56:11,573 basehttp 9076 134996752836288 "GET /admin/jsi18n/ HTTP/1.1" 200 3342
INFO 2026-05-21 08:56:12,562 basehttp 9076 134996752836288 "GET /admin/OnlineShop/product/21/delete/ HTTP/1.1" 200 11997
INFO 2026-05-21 08:56:12,562 basehttp 9076 134996752836288 "GET /admin/OnlineShop/product/21/delete/ HTTP/1.1" 200 11997
INFO 2026-05-21 08:56:13,429 basehttp 9076 134996752836288 "POST /admin/OnlineShop/product/21/delete/ HTTP/1.1" 302 0
INFO 2026-05-21 08:56:13,429 basehttp 9076 134996752836288 "POST /admin/OnlineShop/product/21/delete/ HTTP/1.1" 302 0
INFO 2026-05-21 08:56:13,483 basehttp 9076 134996752836288 "GET /admin/OnlineShop/product/ HTTP/1.1" 200 19533
INFO 2026-05-21 08:56:13,483 basehttp 9076 134996752836288 "GET /admin/OnlineShop/product/ HTTP/1.1" 200 19533
INFO 2026-05-21 08:56:13,609 basehttp 9076 134996752836288 "GET /admin/jsi18n/ HTTP/1.1" 200 3342
INFO 2026-05-21 08:56:13,609 basehttp 9076 134996752836288 "GET /admin/jsi18n/ HTTP/1.1" 200 3342
INFO 2026-05-21 08:56:14,338 basehttp 9076 134996752836288 "GET /admin/OnlineShop/product/19/change/ HTTP/1.1" 200 16402
INFO 2026-05-21 08:56:14,338 basehttp 9076 134996752836288 "GET /admin/OnlineShop/product/19/change/ HTTP/1.1" 200 16402
INFO 2026-05-21 08:56:14,408 basehttp 9076 134996752836288 "GET /admin/jsi18n/ HTTP/1.1" 200 3342
INFO 2026-05-21 08:56:14,408 basehttp 9076 134996752836288 "GET /admin/jsi18n/ HTTP/1.1" 200 3342
INFO 2026-05-21 08:56:15,372 basehttp 9076 134996752836288 "GET /admin/OnlineShop/product/19/delete/ HTTP/1.1" 200 11976
INFO 2026-05-21 08:56:15,372 basehttp 9076 134996752836288 "GET /admin/OnlineShop/product/19/delete/ HTTP/1.1" 200 11976
INFO 2026-05-21 08:56:16,277 basehttp 9076 134996752836288 "POST /admin/OnlineShop/product/19/delete/ HTTP/1.1" 302 0
INFO 2026-05-21 08:56:16,277 basehttp 9076 134996752836288 "POST /admin/OnlineShop/product/19/delete/ HTTP/1.1" 302 0
INFO 2026-05-21 08:56:16,308 basehttp 9076 134996752836288 "GET /admin/OnlineShop/product/ HTTP/1.1" 200 19128
INFO 2026-05-21 08:56:16,308 basehttp 9076 134996752836288 "GET /admin/OnlineShop/product/ HTTP/1.1" 200 19128
INFO 2026-05-21 08:56:16,451 basehttp 9076 134996752836288 "GET /admin/jsi18n/ HTTP/1.1" 200 3342
INFO 2026-05-21 08:56:16,451 basehttp 9076 134996752836288 "GET /admin/jsi18n/ HTTP/1.1" 200 3342
INFO 2026-05-21 08:56:17,291 basehttp 9076 134996752836288 "GET /admin/OnlineShop/product/18/change/ HTTP/1.1" 200 16538
INFO 2026-05-21 08:56:17,291 basehttp 9076 134996752836288 "GET /admin/OnlineShop/product/18/change/ HTTP/1.1" 200 16538
INFO 2026-05-21 08:56:17,427 basehttp 9076 134996752836288 "GET /admin/jsi18n/ HTTP/1.1" 200 3342
INFO 2026-05-21 08:56:17,427 basehttp 9076 134996752836288 "GET /admin/jsi18n/ HTTP/1.1" 200 3342
INFO 2026-05-21 08:56:18,506 basehttp 9076 134996752836288 "GET /admin/OnlineShop/product/18/delete/ HTTP/1.1" 200 12078
INFO 2026-05-21 08:56:18,506 basehttp 9076 134996752836288 "GET /admin/OnlineShop/product/18/delete/ HTTP/1.1" 200 12078
INFO 2026-05-21 08:56:19,530 basehttp 9076 134996752836288 "POST /admin/OnlineShop/product/18/delete/ HTTP/1.1" 302 0
INFO 2026-05-21 08:56:19,530 basehttp 9076 134996752836288 "POST /admin/OnlineShop/product/18/delete/ HTTP/1.1" 302 0
INFO 2026-05-21 08:56:19,578 basehttp 9076 134996752836288 "GET /admin/OnlineShop/product/ HTTP/1.1" 200 18696
INFO 2026-05-21 08:56:19,578 basehttp 9076 134996752836288 "GET /admin/OnlineShop/product/ HTTP/1.1" 200 18696
INFO 2026-05-21 08:56:19,702 basehttp 9076 134996752836288 "GET /admin/jsi18n/ HTTP/1.1" 200 3342
INFO 2026-05-21 08:56:19,702 basehttp 9076 134996752836288 "GET /admin/jsi18n/ HTTP/1.1" 200 3342
INFO 2026-05-21 08:56:20,545 basehttp 9076 134996752836288 "GET /admin/OnlineShop/product/17/change/ HTTP/1.1" 200 16398
INFO 2026-05-21 08:56:20,545 basehttp 9076 134996752836288 "GET /admin/OnlineShop/product/17/change/ HTTP/1.1" 200 16398
INFO 2026-05-21 08:56:20,631 basehttp 9076 134996752836288 "GET /admin/jsi18n/ HTTP/1.1" 200 3342
INFO 2026-05-21 08:56:20,631 basehttp 9076 134996752836288 "GET /admin/jsi18n/ HTTP/1.1" 200 3342
INFO 2026-05-21 08:56:21,607 basehttp 9076 134996752836288 "GET /admin/OnlineShop/product/17/delete/ HTTP/1.1" 200 11973
INFO 2026-05-21 08:56:21,607 basehttp 9076 134996752836288 "GET /admin/OnlineShop/product/17/delete/ HTTP/1.1" 200 11973
INFO 2026-05-21 08:56:22,505 basehttp 9076 134996752836288 "POST /admin/OnlineShop/product/17/delete/ HTTP/1.1" 302 0
INFO 2026-05-21 08:56:22,505 basehttp 9076 134996752836288 "POST /admin/OnlineShop/product/17/delete/ HTTP/1.1" 302 0
INFO 2026-05-21 08:56:22,540 basehttp 9076 134996752836288 "GET /admin/OnlineShop/product/ HTTP/1.1" 200 18265
INFO 2026-05-21 08:56:22,540 basehttp 9076 134996752836288 "GET /admin/OnlineShop/product/ HTTP/1.1" 200 18265
INFO 2026-05-21 08:56:22,746 basehttp 9076 134996752836288 "GET /admin/jsi18n/ HTTP/1.1" 200 3342
INFO 2026-05-21 08:56:22,746 basehttp 9076 134996752836288 "GET /admin/jsi18n/ HTTP/1.1" 200 3342
INFO 2026-05-21 08:56:23,711 basehttp 9076 134996752836288 "GET /admin/OnlineShop/product/16/change/ HTTP/1.1" 200 16522
INFO 2026-05-21 08:56:23,711 basehttp 9076 134996752836288 "GET /admin/OnlineShop/product/16/change/ HTTP/1.1" 200 16522
INFO 2026-05-21 08:56:24,555 basehttp 9076 134996778014400 "GET /admin/OnlineShop/promocode/ HTTP/1.1" 302 0
INFO 2026-05-21 08:56:24,555 basehttp 9076 134996778014400 "GET /admin/OnlineShop/promocode/ HTTP/1.1" 302 0
INFO 2026-05-21 08:56:24,943 basehttp 9076 134996752836288 "GET /admin/jsi18n/ HTTP/1.1" 200 3342
INFO 2026-05-21 08:56:24,943 basehttp 9076 134996752836288 "GET /admin/jsi18n/ HTTP/1.1" 200 3342
INFO 2026-05-21 08:56:27,058 basehttp 9076 134996752836288 "GET /admin/OnlineShop/product/16/delete/ HTTP/1.1" 200 12066
INFO 2026-05-21 08:56:27,058 basehttp 9076 134996752836288 "GET /admin/OnlineShop/product/16/delete/ HTTP/1.1" 200 12066
INFO 2026-05-21 08:56:28,080 basehttp 9076 134996752836288 "POST /admin/OnlineShop/product/16/delete/ HTTP/1.1" 302 0
INFO 2026-05-21 08:56:28,080 basehttp 9076 134996752836288 "POST /admin/OnlineShop/product/16/delete/ HTTP/1.1" 302 0
INFO 2026-05-21 08:56:28,120 basehttp 9076 134996752836288 "GET /admin/OnlineShop/product/ HTTP/1.1" 200 17838
INFO 2026-05-21 08:56:28,120 basehttp 9076 134996752836288 "GET /admin/OnlineShop/product/ HTTP/1.1" 200 17838
INFO 2026-05-21 08:56:28,233 basehttp 9076 134996752836288 "GET /admin/jsi18n/ HTTP/1.1" 200 3342
INFO 2026-05-21 08:56:28,233 basehttp 9076 134996752836288 "GET /admin/jsi18n/ HTTP/1.1" 200 3342
INFO 2026-05-21 08:56:29,467 basehttp 9076 134996752836288 "GET /admin/OnlineShop/product/15/change/ HTTP/1.1" 200 16487
INFO 2026-05-21 08:56:29,467 basehttp 9076 134996752836288 "GET /admin/OnlineShop/product/15/change/ HTTP/1.1" 200 16487
INFO 2026-05-21 08:56:29,554 basehttp 9076 134996752836288 "GET /admin/jsi18n/ HTTP/1.1" 200 3342
INFO 2026-05-21 08:56:29,554 basehttp 9076 134996752836288 "GET /admin/jsi18n/ HTTP/1.1" 200 3342
INFO 2026-05-21 08:56:33,671 basehttp 9076 134996752836288 "GET /admin/OnlineShop/category/1/change/?_to_field=id HTTP/1.1" 200 13010
INFO 2026-05-21 08:56:33,671 basehttp 9076 134996752836288 "GET /admin/OnlineShop/category/1/change/?_to_field=id HTTP/1.1" 200 13010
INFO 2026-05-21 08:56:33,752 basehttp 9076 134996752836288 "GET /admin/jsi18n/ HTTP/1.1" 200 3342
INFO 2026-05-21 08:56:33,752 basehttp 9076 134996752836288 "GET /admin/jsi18n/ HTTP/1.1" 200 3342
INFO 2026-05-21 08:56:37,959 basehttp 9076 134996752836288 "GET /admin/OnlineShop/product/15/change/ HTTP/1.1" 200 16487
INFO 2026-05-21 08:56:37,959 basehttp 9076 134996752836288 "GET /admin/OnlineShop/product/15/change/ HTTP/1.1" 200 16487
INFO 2026-05-21 08:56:39,811 basehttp 9076 134996752836288 "GET /admin/OnlineShop/product/15/delete/ HTTP/1.1" 200 12039
INFO 2026-05-21 08:56:39,811 basehttp 9076 134996752836288 "GET /admin/OnlineShop/product/15/delete/ HTTP/1.1" 200 12039
INFO 2026-05-21 08:56:39,878 basehttp 9076 134996752836288 "GET /admin/OnlineShop/product/15/delete/ HTTP/1.1" 200 12039
INFO 2026-05-21 08:56:39,878 basehttp 9076 134996752836288 "GET /admin/OnlineShop/product/15/delete/ HTTP/1.1" 200 12039
INFO 2026-05-21 08:56:41,160 basehttp 9076 134996752836288 "POST /admin/OnlineShop/product/15/delete/ HTTP/1.1" 302 0
INFO 2026-05-21 08:56:41,160 basehttp 9076 134996752836288 "POST /admin/OnlineShop/product/15/delete/ HTTP/1.1" 302 0
INFO 2026-05-21 08:56:41,188 basehttp 9076 134996752836288 "GET /admin/OnlineShop/product/ HTTP/1.1" 200 17389
INFO 2026-05-21 08:56:41,188 basehttp 9076 134996752836288 "GET /admin/OnlineShop/product/ HTTP/1.1" 200 17389
INFO 2026-05-21 08:56:41,296 basehttp 9076 134996752836288 "GET /admin/jsi18n/ HTTP/1.1" 200 3342
INFO 2026-05-21 08:56:41,296 basehttp 9076 134996752836288 "GET /admin/jsi18n/ HTTP/1.1" 200 3342
INFO 2026-05-21 08:56:42,750 basehttp 9076 134996752836288 "GET /admin/OnlineShop/product/14/change/ HTTP/1.1" 200 16339
INFO 2026-05-21 08:56:42,750 basehttp 9076 134996752836288 "GET /admin/OnlineShop/product/14/change/ HTTP/1.1" 200 16339
INFO 2026-05-21 08:56:42,843 basehttp 9076 134996752836288 "GET /admin/jsi18n/ HTTP/1.1" 200 3342
INFO 2026-05-21 08:56:42,843 basehttp 9076 134996752836288 "GET /admin/jsi18n/ HTTP/1.1" 200 3342
INFO 2026-05-21 08:56:43,786 basehttp 9076 134996752836288 "GET /admin/OnlineShop/product/14/delete/ HTTP/1.1" 200 11928
INFO 2026-05-21 08:56:43,786 basehttp 9076 134996752836288 "GET /admin/OnlineShop/product/14/delete/ HTTP/1.1" 200 11928
INFO 2026-05-21 08:56:44,809 basehttp 9076 134996752836288 "POST /admin/OnlineShop/product/14/delete/ HTTP/1.1" 302 0
INFO 2026-05-21 08:56:44,809 basehttp 9076 134996752836288 "POST /admin/OnlineShop/product/14/delete/ HTTP/1.1" 302 0
INFO 2026-05-21 08:56:44,847 basehttp 9076 134996752836288 "GET /admin/OnlineShop/product/ HTTP/1.1" 200 16986
INFO 2026-05-21 08:56:44,847 basehttp 9076 134996752836288 "GET /admin/OnlineShop/product/ HTTP/1.1" 200 16986
INFO 2026-05-21 08:56:44,983 basehttp 9076 134996752836288 "GET /admin/jsi18n/ HTTP/1.1" 200 3342
INFO 2026-05-21 08:56:44,983 basehttp 9076 134996752836288 "GET /admin/jsi18n/ HTTP/1.1" 200 3342
INFO 2026-05-21 08:56:46,035 basehttp 9076 134996752836288 "GET /admin/OnlineShop/product/13/change/ HTTP/1.1" 200 16347
INFO 2026-05-21 08:56:46,035 basehttp 9076 134996752836288 "GET /admin/OnlineShop/product/13/change/ HTTP/1.1" 200 16347
INFO 2026-05-21 08:56:46,113 basehttp 9076 134996752836288 "GET /admin/jsi18n/ HTTP/1.1" 200 3342
INFO 2026-05-21 08:56:46,113 basehttp 9076 134996752836288 "GET /admin/jsi18n/ HTTP/1.1" 200 3342
INFO 2026-05-21 08:56:46,968 basehttp 9076 134996752836288 "GET /admin/OnlineShop/product/13/delete/ HTTP/1.1" 200 11934
INFO 2026-05-21 08:56:46,968 basehttp 9076 134996752836288 "GET /admin/OnlineShop/product/13/delete/ HTTP/1.1" 200 11934
INFO 2026-05-21 08:56:47,868 basehttp 9076 134996752836288 "POST /admin/OnlineShop/product/13/delete/ HTTP/1.1" 302 0
INFO 2026-05-21 08:56:47,868 basehttp 9076 134996752836288 "POST /admin/OnlineShop/product/13/delete/ HTTP/1.1" 302 0
INFO 2026-05-21 08:56:47,895 basehttp 9076 134996752836288 "GET /admin/OnlineShop/product/ HTTP/1.1" 200 16615
INFO 2026-05-21 08:56:47,895 basehttp 9076 134996752836288 "GET /admin/OnlineShop/product/ HTTP/1.1" 200 16615
INFO 2026-05-21 08:56:48,012 basehttp 9076 134996752836288 "GET /admin/jsi18n/ HTTP/1.1" 200 3342
INFO 2026-05-21 08:56:48,012 basehttp 9076 134996752836288 "GET /admin/jsi18n/ HTTP/1.1" 200 3342
INFO 2026-05-21 08:56:49,012 basehttp 9076 134996752836288 "GET /admin/OnlineShop/product/12/change/ HTTP/1.1" 200 16395
INFO 2026-05-21 08:56:49,012 basehttp 9076 134996752836288 "GET /admin/OnlineShop/product/12/change/ HTTP/1.1" 200 16395
INFO 2026-05-21 08:56:49,071 basehttp 9076 134996752836288 "GET /admin/jsi18n/ HTTP/1.1" 200 3342
INFO 2026-05-21 08:56:49,071 basehttp 9076 134996752836288 "GET /admin/jsi18n/ HTTP/1.1" 200 3342
INFO 2026-05-21 08:56:49,859 basehttp 9076 134996752836288 "GET /admin/OnlineShop/product/12/delete/ HTTP/1.1" 200 11970
INFO 2026-05-21 08:56:49,859 basehttp 9076 134996752836288 "GET /admin/OnlineShop/product/12/delete/ HTTP/1.1" 200 11970
INFO 2026-05-21 08:56:50,927 basehttp 9076 134996752836288 "POST /admin/OnlineShop/product/12/delete/ HTTP/1.1" 302 0
INFO 2026-05-21 08:56:50,927 basehttp 9076 134996752836288 "POST /admin/OnlineShop/product/12/delete/ HTTP/1.1" 302 0
INFO 2026-05-21 08:56:50,972 basehttp 9076 134996752836288 "GET /admin/OnlineShop/product/ HTTP/1.1" 200 16233
INFO 2026-05-21 08:56:50,972 basehttp 9076 134996752836288 "GET /admin/OnlineShop/product/ HTTP/1.1" 200 16233
INFO 2026-05-21 08:56:51,088 basehttp 9076 134996752836288 "GET /admin/jsi18n/ HTTP/1.1" 200 3342
INFO 2026-05-21 08:56:51,088 basehttp 9076 134996752836288 "GET /admin/jsi18n/ HTTP/1.1" 200 3342
INFO 2026-05-21 08:56:52,003 basehttp 9076 134996752836288 "GET /admin/OnlineShop/product/11/change/ HTTP/1.1" 200 16422
INFO 2026-05-21 08:56:52,003 basehttp 9076 134996752836288 "GET /admin/OnlineShop/product/11/change/ HTTP/1.1" 200 16422
INFO 2026-05-21 08:56:52,100 basehttp 9076 134996752836288 "GET /admin/jsi18n/ HTTP/1.1" 200 3342
INFO 2026-05-21 08:56:52,100 basehttp 9076 134996752836288 "GET /admin/jsi18n/ HTTP/1.1" 200 3342
INFO 2026-05-21 08:56:52,923 basehttp 9076 134996752836288 "GET /admin/OnlineShop/product/11/delete/ HTTP/1.1" 200 11991
INFO 2026-05-21 08:56:52,923 basehttp 9076 134996752836288 "GET /admin/OnlineShop/product/11/delete/ HTTP/1.1" 200 11991
INFO 2026-05-21 08:56:53,818 basehttp 9076 134996752836288 "POST /admin/OnlineShop/product/11/delete/ HTTP/1.1" 302 0
INFO 2026-05-21 08:56:53,818 basehttp 9076 134996752836288 "POST /admin/OnlineShop/product/11/delete/ HTTP/1.1" 302 0
INFO 2026-05-21 08:56:53,860 basehttp 9076 134996752836288 "GET /admin/OnlineShop/product/ HTTP/1.1" 200 15832
INFO 2026-05-21 08:56:53,860 basehttp 9076 134996752836288 "GET /admin/OnlineShop/product/ HTTP/1.1" 200 15832
INFO 2026-05-21 08:56:53,988 basehttp 9076 134996752836288 "GET /admin/jsi18n/ HTTP/1.1" 200 3342
INFO 2026-05-21 08:56:53,988 basehttp 9076 134996752836288 "GET /admin/jsi18n/ HTTP/1.1" 200 3342
INFO 2026-05-21 08:56:55,141 basehttp 9076 134996752836288 "GET /admin/OnlineShop/product/10/change/ HTTP/1.1" 200 16430
INFO 2026-05-21 08:56:55,141 basehttp 9076 134996752836288 "GET /admin/OnlineShop/product/10/change/ HTTP/1.1" 200 16430
INFO 2026-05-21 08:56:55,232 basehttp 9076 134996752836288 "GET /admin/jsi18n/ HTTP/1.1" 200 3342
INFO 2026-05-21 08:56:55,232 basehttp 9076 134996752836288 "GET /admin/jsi18n/ HTTP/1.1" 200 3342
INFO 2026-05-21 08:56:56,106 basehttp 9076 134996752836288 "GET /admin/OnlineShop/product/10/delete/ HTTP/1.1" 200 11997
INFO 2026-05-21 08:56:56,106 basehttp 9076 134996752836288 "GET /admin/OnlineShop/product/10/delete/ HTTP/1.1" 200 11997
INFO 2026-05-21 08:56:57,134 basehttp 9076 134996752836288 "POST /admin/OnlineShop/product/10/delete/ HTTP/1.1" 302 0
INFO 2026-05-21 08:56:57,134 basehttp 9076 134996752836288 "POST /admin/OnlineShop/product/10/delete/ HTTP/1.1" 302 0
INFO 2026-05-21 08:56:57,174 basehttp 9076 134996752836288 "GET /admin/OnlineShop/product/ HTTP/1.1" 200 15422
INFO 2026-05-21 08:56:57,174 basehttp 9076 134996752836288 "GET /admin/OnlineShop/product/ HTTP/1.1" 200 15422
INFO 2026-05-21 08:56:57,286 basehttp 9076 134996752836288 "GET /admin/jsi18n/ HTTP/1.1" 200 3342
INFO 2026-05-21 08:56:57,286 basehttp 9076 134996752836288 "GET /admin/jsi18n/ HTTP/1.1" 200 3342
INFO 2026-05-21 08:56:58,470 basehttp 9076 134996752836288 "GET /admin/OnlineShop/product/9/change/ HTTP/1.1" 200 16376
INFO 2026-05-21 08:56:58,470 basehttp 9076 134996752836288 "GET /admin/OnlineShop/product/9/change/ HTTP/1.1" 200 16376
INFO 2026-05-21 08:56:58,551 basehttp 9076 134996752836288 "GET /admin/jsi18n/ HTTP/1.1" 200 3342
INFO 2026-05-21 08:56:58,551 basehttp 9076 134996752836288 "GET /admin/jsi18n/ HTTP/1.1" 200 3342
INFO 2026-05-21 08:56:59,385 basehttp 9076 134996752836288 "GET /admin/OnlineShop/product/9/delete/ HTTP/1.1" 200 11956
INFO 2026-05-21 08:56:59,385 basehttp 9076 134996752836288 "GET /admin/OnlineShop/product/9/delete/ HTTP/1.1" 200 11956
INFO 2026-05-21 08:57:00,257 basehttp 9076 134996752836288 "POST /admin/OnlineShop/product/9/delete/ HTTP/1.1" 302 0
INFO 2026-05-21 08:57:00,257 basehttp 9076 134996752836288 "POST /admin/OnlineShop/product/9/delete/ HTTP/1.1" 302 0
INFO 2026-05-21 08:57:00,288 basehttp 9076 134996752836288 "GET /admin/OnlineShop/product/ HTTP/1.1" 200 15025
INFO 2026-05-21 08:57:00,288 basehttp 9076 134996752836288 "GET /admin/OnlineShop/product/ HTTP/1.1" 200 15025
INFO 2026-05-21 08:57:00,392 basehttp 9076 134996752836288 "GET /admin/jsi18n/ HTTP/1.1" 200 3342
INFO 2026-05-21 08:57:00,392 basehttp 9076 134996752836288 "GET /admin/jsi18n/ HTTP/1.1" 200 3342
INFO 2026-05-21 08:57:01,301 basehttp 9076 134996752836288 "GET /admin/OnlineShop/product/8/change/ HTTP/1.1" 200 16312
INFO 2026-05-21 08:57:01,301 basehttp 9076 134996752836288 "GET /admin/OnlineShop/product/8/change/ HTTP/1.1" 200 16312
INFO 2026-05-21 08:57:01,416 basehttp 9076 134996752836288 "GET /admin/jsi18n/ HTTP/1.1" 200 3342
INFO 2026-05-21 08:57:01,416 basehttp 9076 134996752836288 "GET /admin/jsi18n/ HTTP/1.1" 200 3342
INFO 2026-05-21 08:57:02,307 basehttp 9076 134996752836288 "GET /admin/OnlineShop/product/8/delete/ HTTP/1.1" 200 11908
INFO 2026-05-21 08:57:02,307 basehttp 9076 134996752836288 "GET /admin/OnlineShop/product/8/delete/ HTTP/1.1" 200 11908
INFO 2026-05-21 08:57:03,043 basehttp 9076 134996752836288 "POST /admin/OnlineShop/product/8/delete/ HTTP/1.1" 302 0
INFO 2026-05-21 08:57:03,043 basehttp 9076 134996752836288 "POST /admin/OnlineShop/product/8/delete/ HTTP/1.1" 302 0
INFO 2026-05-21 08:57:03,083 basehttp 9076 134996752836288 "GET /admin/OnlineShop/product/ HTTP/1.1" 200 14657
INFO 2026-05-21 08:57:03,083 basehttp 9076 134996752836288 "GET /admin/OnlineShop/product/ HTTP/1.1" 200 14657
INFO 2026-05-21 08:57:03,251 basehttp 9076 134996752836288 "GET /admin/jsi18n/ HTTP/1.1" 200 3342
INFO 2026-05-21 08:57:03,251 basehttp 9076 134996752836288 "GET /admin/jsi18n/ HTTP/1.1" 200 3342
INFO 2026-05-21 08:57:03,927 basehttp 9076 134996752836288 "GET /admin/OnlineShop/product/7/change/ HTTP/1.1" 200 16428
INFO 2026-05-21 08:57:03,927 basehttp 9076 134996752836288 "GET /admin/OnlineShop/product/7/change/ HTTP/1.1" 200 16428
INFO 2026-05-21 08:57:03,998 basehttp 9076 134996752836288 "GET /admin/jsi18n/ HTTP/1.1" 200 3342
INFO 2026-05-21 08:57:03,998 basehttp 9076 134996752836288 "GET /admin/jsi18n/ HTTP/1.1" 200 3342
INFO 2026-05-21 08:57:04,946 basehttp 9076 134996752836288 "GET /admin/OnlineShop/product/7/delete/ HTTP/1.1" 200 11995
INFO 2026-05-21 08:57:04,946 basehttp 9076 134996752836288 "GET /admin/OnlineShop/product/7/delete/ HTTP/1.1" 200 11995
INFO 2026-05-21 08:57:05,861 basehttp 9076 134996752836288 "POST /admin/OnlineShop/product/7/delete/ HTTP/1.1" 302 0
INFO 2026-05-21 08:57:05,861 basehttp 9076 134996752836288 "POST /admin/OnlineShop/product/7/delete/ HTTP/1.1" 302 0
INFO 2026-05-21 08:57:05,899 basehttp 9076 134996752836288 "GET /admin/OnlineShop/product/ HTTP/1.1" 200 14276
INFO 2026-05-21 08:57:05,899 basehttp 9076 134996752836288 "GET /admin/OnlineShop/product/ HTTP/1.1" 200 14276
INFO 2026-05-21 08:57:06,028 basehttp 9076 134996752836288 "GET /admin/jsi18n/ HTTP/1.1" 200 3342
INFO 2026-05-21 08:57:06,028 basehttp 9076 134996752836288 "GET /admin/jsi18n/ HTTP/1.1" 200 3342
INFO 2026-05-21 08:57:07,082 basehttp 9076 134996752836288 "GET /admin/OnlineShop/product/6/change/ HTTP/1.1" 200 16524
INFO 2026-05-21 08:57:07,082 basehttp 9076 134996752836288 "GET /admin/OnlineShop/product/6/change/ HTTP/1.1" 200 16524
INFO 2026-05-21 08:57:07,201 basehttp 9076 134996752836288 "GET /admin/jsi18n/ HTTP/1.1" 200 3342
INFO 2026-05-21 08:57:07,201 basehttp 9076 134996752836288 "GET /admin/jsi18n/ HTTP/1.1" 200 3342
INFO 2026-05-21 08:57:08,164 basehttp 9076 134996752836288 "GET /admin/OnlineShop/product/6/delete/ HTTP/1.1" 200 12067
INFO 2026-05-21 08:57:08,164 basehttp 9076 134996752836288 "GET /admin/OnlineShop/product/6/delete/ HTTP/1.1" 200 12067
INFO 2026-05-21 08:57:09,056 basehttp 9076 134996752836288 "POST /admin/OnlineShop/product/6/delete/ HTTP/1.1" 302 0
INFO 2026-05-21 08:57:09,056 basehttp 9076 134996752836288 "POST /admin/OnlineShop/product/6/delete/ HTTP/1.1" 302 0
INFO 2026-05-21 08:57:09,091 basehttp 9076 134996752836288 "GET /admin/OnlineShop/product/ HTTP/1.1" 200 13842
INFO 2026-05-21 08:57:09,091 basehttp 9076 134996752836288 "GET /admin/OnlineShop/product/ HTTP/1.1" 200 13842
INFO 2026-05-21 08:57:09,217 basehttp 9076 134996752836288 "GET /admin/jsi18n/ HTTP/1.1" 200 3342
INFO 2026-05-21 08:57:09,217 basehttp 9076 134996752836288 "GET /admin/jsi18n/ HTTP/1.1" 200 3342
INFO 2026-05-21 08:57:10,177 basehttp 9076 134996752836288 "GET /admin/OnlineShop/product/5/change/ HTTP/1.1" 200 16336
INFO 2026-05-21 08:57:10,177 basehttp 9076 134996752836288 "GET /admin/OnlineShop/product/5/change/ HTTP/1.1" 200 16336
INFO 2026-05-21 08:57:10,279 basehttp 9076 134996752836288 "GET /admin/jsi18n/ HTTP/1.1" 200 3342
INFO 2026-05-21 08:57:10,279 basehttp 9076 134996752836288 "GET /admin/jsi18n/ HTTP/1.1" 200 3342
INFO 2026-05-21 08:57:11,143 basehttp 9076 134996752836288 "GET /admin/OnlineShop/product/5/delete/ HTTP/1.1" 200 11926
INFO 2026-05-21 08:57:11,143 basehttp 9076 134996752836288 "GET /admin/OnlineShop/product/5/delete/ HTTP/1.1" 200 11926
INFO 2026-05-21 08:57:12,005 basehttp 9076 134996752836288 "POST /admin/OnlineShop/product/5/delete/ HTTP/1.1" 302 0
INFO 2026-05-21 08:57:12,005 basehttp 9076 134996752836288 "POST /admin/OnlineShop/product/5/delete/ HTTP/1.1" 302 0
INFO 2026-05-21 08:57:12,044 basehttp 9076 134996752836288 "GET /admin/OnlineShop/product/ HTTP/1.1" 200 13430
INFO 2026-05-21 08:57:12,044 basehttp 9076 134996752836288 "GET /admin/OnlineShop/product/ HTTP/1.1" 200 13430
INFO 2026-05-21 08:57:12,167 basehttp 9076 134996752836288 "GET /admin/jsi18n/ HTTP/1.1" 200 3342
INFO 2026-05-21 08:57:12,167 basehttp 9076 134996752836288 "GET /admin/jsi18n/ HTTP/1.1" 200 3342
INFO 2026-05-21 08:57:13,180 basehttp 9076 134996752836288 "GET /admin/OnlineShop/product/4/change/ HTTP/1.1" 200 16344
INFO 2026-05-21 08:57:13,180 basehttp 9076 134996752836288 "GET /admin/OnlineShop/product/4/change/ HTTP/1.1" 200 16344
INFO 2026-05-21 08:57:13,261 basehttp 9076 134996752836288 "GET /admin/jsi18n/ HTTP/1.1" 200 3342
INFO 2026-05-21 08:57:13,261 basehttp 9076 134996752836288 "GET /admin/jsi18n/ HTTP/1.1" 200 3342
INFO 2026-05-21 08:57:14,664 basehttp 9076 134996752836288 "GET /admin/OnlineShop/product/4/delete/ HTTP/1.1" 200 11932
INFO 2026-05-21 08:57:14,664 basehttp 9076 134996752836288 "GET /admin/OnlineShop/product/4/delete/ HTTP/1.1" 200 11932
INFO 2026-05-21 08:57:15,841 basehttp 9076 134996752836288 "POST /admin/OnlineShop/product/4/delete/ HTTP/1.1" 302 0
INFO 2026-05-21 08:57:15,841 basehttp 9076 134996752836288 "POST /admin/OnlineShop/product/4/delete/ HTTP/1.1" 302 0
INFO 2026-05-21 08:57:15,873 basehttp 9076 134996752836288 "GET /admin/OnlineShop/product/ HTTP/1.1" 200 12048
INFO 2026-05-21 08:57:15,873 basehttp 9076 134996752836288 "GET /admin/OnlineShop/product/ HTTP/1.1" 200 12048
INFO 2026-05-21 08:57:16,015 basehttp 9076 134996752836288 "GET /admin/jsi18n/ HTTP/1.1" 200 3342
INFO 2026-05-21 08:57:16,015 basehttp 9076 134996752836288 "GET /admin/jsi18n/ HTTP/1.1" 200 3342
INFO 2026-05-21 08:57:17,230 basehttp 9076 134996752836288 "GET /admin/OnlineShop/product/add/ HTTP/1.1" 200 15899
INFO 2026-05-21 08:57:17,230 basehttp 9076 134996752836288 "GET /admin/OnlineShop/product/add/ HTTP/1.1" 200 15899
INFO 2026-05-21 08:57:17,346 basehttp 9076 134996752836288 "GET /admin/jsi18n/ HTTP/1.1" 200 3342
INFO 2026-05-21 08:57:17,346 basehttp 9076 134996752836288 "GET /admin/jsi18n/ HTTP/1.1" 200 3342
INFO 2026-05-21 08:57:47,349 basehttp 9076 134996752836288 "POST /admin/OnlineShop/product/add/ HTTP/1.1" 302 0
INFO 2026-05-21 08:57:47,349 basehttp 9076 134996752836288 "POST /admin/OnlineShop/product/add/ HTTP/1.1" 302 0
INFO 2026-05-21 08:57:47,387 basehttp 9076 134996752836288 "GET /admin/OnlineShop/product/ HTTP/1.1" 200 13423
INFO 2026-05-21 08:57:47,387 basehttp 9076 134996752836288 "GET /admin/OnlineShop/product/ HTTP/1.1" 200 13423
INFO 2026-05-21 08:57:47,529 basehttp 9076 134996752836288 "GET /admin/jsi18n/ HTTP/1.1" 200 3342
INFO 2026-05-21 08:57:47,529 basehttp 9076 134996752836288 "GET /admin/jsi18n/ HTTP/1.1" 200 3342
INFO 2026-05-21 08:57:50,367 basehttp 9076 134996752836288 "GET /admin/OnlineShop/product/add/ HTTP/1.1" 200 15899
INFO 2026-05-21 08:57:50,367 basehttp 9076 134996752836288 "GET /admin/OnlineShop/product/add/ HTTP/1.1" 200 15899
INFO 2026-05-21 08:57:50,467 basehttp 9076 134996752836288 "GET /admin/jsi18n/ HTTP/1.1" 200 3342
INFO 2026-05-21 08:57:50,467 basehttp 9076 134996752836288 "GET /admin/jsi18n/ HTTP/1.1" 200 3342
INFO 2026-05-21 08:58:26,079 basehttp 9076 134996752836288 "POST /admin/OnlineShop/product/add/ HTTP/1.1" 302 0
INFO 2026-05-21 08:58:26,079 basehttp 9076 134996752836288 "POST /admin/OnlineShop/product/add/ HTTP/1.1" 302 0
INFO 2026-05-21 08:58:26,115 basehttp 9076 134996752836288 "GET /admin/OnlineShop/product/ HTTP/1.1" 200 13727
INFO 2026-05-21 08:58:26,115 basehttp 9076 134996752836288 "GET /admin/OnlineShop/product/ HTTP/1.1" 200 13727
INFO 2026-05-21 08:58:26,273 basehttp 9076 134996752836288 "GET /admin/jsi18n/ HTTP/1.1" 200 3342
INFO 2026-05-21 08:58:26,273 basehttp 9076 134996752836288 "GET /admin/jsi18n/ HTTP/1.1" 200 3342
INFO 2026-05-21 08:58:28,978 basehttp 9076 134996752836288 "GET /admin/OnlineShop/product/add/ HTTP/1.1" 200 15899
INFO 2026-05-21 08:58:28,978 basehttp 9076 134996752836288 "GET /admin/OnlineShop/product/add/ HTTP/1.1" 200 15899
INFO 2026-05-21 08:58:29,070 basehttp 9076 134996752836288 "GET /admin/jsi18n/ HTTP/1.1" 200 3342
INFO 2026-05-21 08:58:29,070 basehttp 9076 134996752836288 "GET /admin/jsi18n/ HTTP/1.1" 200 3342
INFO 2026-05-21 08:59:14,757 basehttp 9076 134996752836288 "POST /admin/OnlineShop/product/add/ HTTP/1.1" 302 0
INFO 2026-05-21 08:59:14,757 basehttp 9076 134996752836288 "POST /admin/OnlineShop/product/add/ HTTP/1.1" 302 0
INFO 2026-05-21 08:59:14,798 basehttp 9076 134996752836288 "GET /admin/OnlineShop/product/ HTTP/1.1" 200 14171
INFO 2026-05-21 08:59:14,798 basehttp 9076 134996752836288 "GET /admin/OnlineShop/product/ HTTP/1.1" 200 14171
INFO 2026-05-21 08:59:14,952 basehttp 9076 134996752836288 "GET /admin/jsi18n/ HTTP/1.1" 200 3342
INFO 2026-05-21 08:59:14,952 basehttp 9076 134996752836288 "GET /admin/jsi18n/ HTTP/1.1" 200 3342
INFO 2026-05-21 08:59:16,875 basehttp 9076 134996752836288 "GET /admin/OnlineShop/product/add/ HTTP/1.1" 200 15899
INFO 2026-05-21 08:59:16,875 basehttp 9076 134996752836288 "GET /admin/OnlineShop/product/add/ HTTP/1.1" 200 15899
INFO 2026-05-21 08:59:16,955 basehttp 9076 134996752836288 "GET /admin/jsi18n/ HTTP/1.1" 200 3342
INFO 2026-05-21 08:59:16,955 basehttp 9076 134996752836288 "GET /admin/jsi18n/ HTTP/1.1" 200 3342
INFO 2026-05-21 09:00:50,633 basehttp 9076 134996752836288 "POST /admin/OnlineShop/product/add/ HTTP/1.1" 200 16164
INFO 2026-05-21 09:00:50,633 basehttp 9076 134996752836288 "POST /admin/OnlineShop/product/add/ HTTP/1.1" 200 16164
INFO 2026-05-21 09:00:50,715 basehttp 9076 134996752836288 "GET /admin/jsi18n/ HTTP/1.1" 200 3342
INFO 2026-05-21 09:00:50,715 basehttp 9076 134996752836288 "GET /admin/jsi18n/ HTTP/1.1" 200 3342
INFO 2026-05-21 09:00:56,714 basehttp 9076 134996752836288 "POST /admin/OnlineShop/product/add/ HTTP/1.1" 302 0
INFO 2026-05-21 09:00:56,714 basehttp 9076 134996752836288 "POST /admin/OnlineShop/product/add/ HTTP/1.1" 302 0
INFO 2026-05-21 09:00:56,762 basehttp 9076 134996752836288 "GET /admin/OnlineShop/product/ HTTP/1.1" 200 14403
INFO 2026-05-21 09:00:56,762 basehttp 9076 134996752836288 "GET /admin/OnlineShop/product/ HTTP/1.1" 200 14403
INFO 2026-05-21 09:00:56,949 basehttp 9076 134996752836288 "GET /admin/jsi18n/ HTTP/1.1" 200 3342
INFO 2026-05-21 09:00:56,949 basehttp 9076 134996752836288 "GET /admin/jsi18n/ HTTP/1.1" 200 3342
INFO 2026-05-21 09:01:18,488 basehttp 9076 134996752836288 "GET /admin/OnlineShop/product/add/ HTTP/1.1" 200 15899
INFO 2026-05-21 09:01:18,488 basehttp 9076 134996752836288 "GET /admin/OnlineShop/product/add/ HTTP/1.1" 200 15899
INFO 2026-05-21 09:01:18,576 basehttp 9076 134996752836288 "GET /admin/jsi18n/ HTTP/1.1" 200 3342
INFO 2026-05-21 09:01:18,576 basehttp 9076 134996752836288 "GET /admin/jsi18n/ HTTP/1.1" 200 3342
INFO 2026-05-21 09:01:24,497 basehttp 9076 134996778014400 "GET /admin/OnlineShop/product/ HTTP/1.1" 302 0
INFO 2026-05-21 09:01:24,497 basehttp 9076 134996778014400 "GET /admin/OnlineShop/product/ HTTP/1.1" 302 0
INFO 2026-05-21 09:01:57,603 basehttp 9076 134996752836288 "POST /admin/OnlineShop/product/add/ HTTP/1.1" 302 0
INFO 2026-05-21 09:01:57,603 basehttp 9076 134996752836288 "POST /admin/OnlineShop/product/add/ HTTP/1.1" 302 0
INFO 2026-05-21 09:01:57,643 basehttp 9076 134996752836288 "GET /admin/OnlineShop/product/ HTTP/1.1" 200 14856
INFO 2026-05-21 09:01:57,643 basehttp 9076 134996752836288 "GET /admin/OnlineShop/product/ HTTP/1.1" 200 14856
INFO 2026-05-21 09:01:57,764 basehttp 9076 134996752836288 "GET /admin/jsi18n/ HTTP/1.1" 200 3342
INFO 2026-05-21 09:01:57,764 basehttp 9076 134996752836288 "GET /admin/jsi18n/ HTTP/1.1" 200 3342
INFO 2026-05-21 09:02:30,182 basehttp 9076 134996752836288 "GET /admin/OnlineShop/product/add/ HTTP/1.1" 200 15899
INFO 2026-05-21 09:02:30,182 basehttp 9076 134996752836288 "GET /admin/OnlineShop/product/add/ HTTP/1.1" 200 15899
INFO 2026-05-21 09:02:30,277 basehttp 9076 134996752836288 "GET /admin/jsi18n/ HTTP/1.1" 200 3342
INFO 2026-05-21 09:02:30,277 basehttp 9076 134996752836288 "GET /admin/jsi18n/ HTTP/1.1" 200 3342
INFO 2026-05-21 09:02:51,902 basehttp 9076 134996752836288 "POST /admin/OnlineShop/product/add/ HTTP/1.1" 200 16235
INFO 2026-05-21 09:02:51,902 basehttp 9076 134996752836288 "POST /admin/OnlineShop/product/add/ HTTP/1.1" 200 16235
INFO 2026-05-21 09:02:51,985 basehttp 9076 134996752836288 "GET /admin/jsi18n/ HTTP/1.1" 200 3342
INFO 2026-05-21 09:02:51,985 basehttp 9076 134996752836288 "GET /admin/jsi18n/ HTTP/1.1" 200 3342
INFO 2026-05-21 09:03:01,219 basehttp 9076 134996752836288 "POST /admin/OnlineShop/product/add/ HTTP/1.1" 302 0
INFO 2026-05-21 09:03:01,219 basehttp 9076 134996752836288 "POST /admin/OnlineShop/product/add/ HTTP/1.1" 302 0
INFO 2026-05-21 09:03:01,240 basehttp 9076 134996752836288 "GET /admin/OnlineShop/product/ HTTP/1.1" 200 15293
INFO 2026-05-21 09:03:01,240 basehttp 9076 134996752836288 "GET /admin/OnlineShop/product/ HTTP/1.1" 200 15293
INFO 2026-05-21 09:03:01,365 basehttp 9076 134996752836288 "GET /admin/jsi18n/ HTTP/1.1" 200 3342
INFO 2026-05-21 09:03:01,365 basehttp 9076 134996752836288 "GET /admin/jsi18n/ HTTP/1.1" 200 3342
INFO 2026-05-21 09:04:01,683 basehttp 9076 134996752836288 "GET /admin/OnlineShop/product/add/ HTTP/1.1" 200 15899
INFO 2026-05-21 09:04:01,683 basehttp 9076 134996752836288 "GET /admin/OnlineShop/product/add/ HTTP/1.1" 200 15899
INFO 2026-05-21 09:04:01,782 basehttp 9076 134996752836288 "GET /admin/jsi18n/ HTTP/1.1" 200 3342
INFO 2026-05-21 09:04:01,782 basehttp 9076 134996752836288 "GET /admin/jsi18n/ HTTP/1.1" 200 3342
INFO 2026-05-21 09:04:32,712 basehttp 9076 134996752836288 "POST /admin/OnlineShop/product/add/ HTTP/1.1" 302 0
INFO 2026-05-21 09:04:32,712 basehttp 9076 134996752836288 "POST /admin/OnlineShop/product/add/ HTTP/1.1" 302 0
INFO 2026-05-21 09:04:32,750 basehttp 9076 134996752836288 "GET /admin/OnlineShop/product/ HTTP/1.1" 200 15699
INFO 2026-05-21 09:04:32,750 basehttp 9076 134996752836288 "GET /admin/OnlineShop/product/ HTTP/1.1" 200 15699
INFO 2026-05-21 09:04:32,889 basehttp 9076 134996752836288 "GET /admin/jsi18n/ HTTP/1.1" 200 3342
INFO 2026-05-21 09:04:32,889 basehttp 9076 134996752836288 "GET /admin/jsi18n/ HTTP/1.1" 200 3342
INFO 2026-05-21 09:04:36,386 basehttp 9076 134996752836288 "GET /admin/OnlineShop/product/add/ HTTP/1.1" 200 15899
INFO 2026-05-21 09:04:36,386 basehttp 9076 134996752836288 "GET /admin/OnlineShop/product/add/ HTTP/1.1" 200 15899
INFO 2026-05-21 09:04:36,485 basehttp 9076 134996752836288 "GET /admin/jsi18n/ HTTP/1.1" 200 3342
INFO 2026-05-21 09:04:36,485 basehttp 9076 134996752836288 "GET /admin/jsi18n/ HTTP/1.1" 200 3342
INFO 2026-05-21 09:05:15,441 basehttp 9076 134996752836288 "POST /admin/OnlineShop/product/add/ HTTP/1.1" 302 0
INFO 2026-05-21 09:05:15,441 basehttp 9076 134996752836288 "POST /admin/OnlineShop/product/add/ HTTP/1.1" 302 0
INFO 2026-05-21 09:05:15,476 basehttp 9076 134996752836288 "GET /admin/OnlineShop/product/ HTTP/1.1" 200 16045
INFO 2026-05-21 09:05:15,476 basehttp 9076 134996752836288 "GET /admin/OnlineShop/product/ HTTP/1.1" 200 16045
INFO 2026-05-21 09:05:15,595 basehttp 9076 134996752836288 "GET /admin/jsi18n/ HTTP/1.1" 200 3342
INFO 2026-05-21 09:05:15,595 basehttp 9076 134996752836288 "GET /admin/jsi18n/ HTTP/1.1" 200 3342
INFO 2026-05-21 09:05:44,470 basehttp 9076 134996752836288 "GET /admin/OnlineShop/product/add/ HTTP/1.1" 200 15899
INFO 2026-05-21 09:05:44,470 basehttp 9076 134996752836288 "GET /admin/OnlineShop/product/add/ HTTP/1.1" 200 15899
INFO 2026-05-21 09:05:44,609 basehttp 9076 134996752836288 "GET /admin/jsi18n/ HTTP/1.1" 200 3342
INFO 2026-05-21 09:05:44,609 basehttp 9076 134996752836288 "GET /admin/jsi18n/ HTTP/1.1" 200 3342
INFO 2026-05-21 09:05:54,732 basehttp 9076 134996752836288 "POST /admin/OnlineShop/product/add/ HTTP/1.1" 302 0
INFO 2026-05-21 09:05:54,732 basehttp 9076 134996752836288 "POST /admin/OnlineShop/product/add/ HTTP/1.1" 302 0
INFO 2026-05-21 09:05:54,761 basehttp 9076 134996752836288 "GET /admin/OnlineShop/product/ HTTP/1.1" 200 16473
INFO 2026-05-21 09:05:54,761 basehttp 9076 134996752836288 "GET /admin/OnlineShop/product/ HTTP/1.1" 200 16473
INFO 2026-05-21 09:05:54,897 basehttp 9076 134996752836288 "GET /admin/jsi18n/ HTTP/1.1" 200 3342
INFO 2026-05-21 09:05:54,897 basehttp 9076 134996752836288 "GET /admin/jsi18n/ HTTP/1.1" 200 3342
INFO 2026-05-21 09:06:04,273 basehttp 9076 134996752836288 "GET /admin/OnlineShop/product/add/ HTTP/1.1" 200 15899
INFO 2026-05-21 09:06:04,273 basehttp 9076 134996752836288 "GET /admin/OnlineShop/product/add/ HTTP/1.1" 200 15899
INFO 2026-05-21 09:06:04,349 basehttp 9076 134996752836288 "GET /admin/jsi18n/ HTTP/1.1" 200 3342
INFO 2026-05-21 09:06:04,349 basehttp 9076 134996752836288 "GET /admin/jsi18n/ HTTP/1.1" 200 3342
INFO 2026-05-21 09:06:13,497 basehttp 9076 134996752836288 "POST /admin/OnlineShop/product/add/ HTTP/1.1" 302 0
INFO 2026-05-21 09:06:13,497 basehttp 9076 134996752836288 "POST /admin/OnlineShop/product/add/ HTTP/1.1" 302 0
INFO 2026-05-21 09:06:13,535 basehttp 9076 134996752836288 "GET /admin/OnlineShop/product/ HTTP/1.1" 200 16761
INFO 2026-05-21 09:06:13,535 basehttp 9076 134996752836288 "GET /admin/OnlineShop/product/ HTTP/1.1" 200 16761
INFO 2026-05-21 09:06:13,654 basehttp 9076 134996752836288 "GET /admin/jsi18n/ HTTP/1.1" 200 3342
INFO 2026-05-21 09:06:13,654 basehttp 9076 134996752836288 "GET /admin/jsi18n/ HTTP/1.1" 200 3342
INFO 2026-05-21 09:06:16,151 basehttp 9076 134996752836288 "GET /admin/OnlineShop/faq/ HTTP/1.1" 200 16671
INFO 2026-05-21 09:06:16,151 basehttp 9076 134996752836288 "GET /admin/OnlineShop/faq/ HTTP/1.1" 200 16671
INFO 2026-05-21 09:06:16,242 basehttp 9076 134996752836288 "GET /admin/jsi18n/ HTTP/1.1" 200 3342
INFO 2026-05-21 09:06:16,242 basehttp 9076 134996752836288 "GET /admin/jsi18n/ HTTP/1.1" 200 3342
INFO 2026-05-21 09:06:23,268 basehttp 9076 134996752836288 "GET /admin/OnlineShop/faq/10/change/ HTTP/1.1" 200 13966
INFO 2026-05-21 09:06:23,268 basehttp 9076 134996752836288 "GET /admin/OnlineShop/faq/10/change/ HTTP/1.1" 200 13966
INFO 2026-05-21 09:06:23,371 basehttp 9076 134996752836288 "GET /admin/jsi18n/ HTTP/1.1" 200 3342
INFO 2026-05-21 09:06:23,371 basehttp 9076 134996752836288 "GET /admin/jsi18n/ HTTP/1.1" 200 3342
INFO 2026-05-21 09:06:25,080 basehttp 9076 134996752836288 "GET /admin/OnlineShop/faq/10/history/ HTTP/1.1" 200 11246
INFO 2026-05-21 09:06:25,080 basehttp 9076 134996752836288 "GET /admin/OnlineShop/faq/10/history/ HTTP/1.1" 200 11246
INFO 2026-05-21 09:06:27,377 basehttp 9076 134996752836288 "GET /admin/OnlineShop/faq/10/change/ HTTP/1.1" 200 13966
INFO 2026-05-21 09:06:27,377 basehttp 9076 134996752836288 "GET /admin/OnlineShop/faq/10/change/ HTTP/1.1" 200 13966
INFO 2026-05-21 09:06:29,302 basehttp 9076 134996752836288 "GET /admin/OnlineShop/faq/10/delete/ HTTP/1.1" 200 11923
INFO 2026-05-21 09:06:29,302 basehttp 9076 134996752836288 "GET /admin/OnlineShop/faq/10/delete/ HTTP/1.1" 200 11923
INFO 2026-05-21 09:06:30,834 basehttp 9076 134996752836288 "POST /admin/OnlineShop/faq/10/delete/ HTTP/1.1" 302 0
INFO 2026-05-21 09:06:30,834 basehttp 9076 134996752836288 "POST /admin/OnlineShop/faq/10/delete/ HTTP/1.1" 302 0
INFO 2026-05-21 09:06:30,867 basehttp 9076 134996752836288 "GET /admin/OnlineShop/faq/ HTTP/1.1" 200 16498
INFO 2026-05-21 09:06:30,867 basehttp 9076 134996752836288 "GET /admin/OnlineShop/faq/ HTTP/1.1" 200 16498
INFO 2026-05-21 09:06:31,000 basehttp 9076 134996752836288 "GET /admin/jsi18n/ HTTP/1.1" 200 3342
INFO 2026-05-21 09:06:31,000 basehttp 9076 134996752836288 "GET /admin/jsi18n/ HTTP/1.1" 200 3342
INFO 2026-05-21 09:06:32,663 basehttp 9076 134996752836288 "GET /admin/OnlineShop/faq/9/change/ HTTP/1.1" 200 14107
INFO 2026-05-21 09:06:32,663 basehttp 9076 134996752836288 "GET /admin/OnlineShop/faq/9/change/ HTTP/1.1" 200 14107
INFO 2026-05-21 09:06:32,744 basehttp 9076 134996752836288 "GET /admin/jsi18n/ HTTP/1.1" 200 3342
INFO 2026-05-21 09:06:32,744 basehttp 9076 134996752836288 "GET /admin/jsi18n/ HTTP/1.1" 200 3342
INFO 2026-05-21 09:06:33,885 basehttp 9076 134996752836288 "GET /admin/OnlineShop/faq/9/delete/ HTTP/1.1" 200 11981
INFO 2026-05-21 09:06:33,885 basehttp 9076 134996752836288 "GET /admin/OnlineShop/faq/9/delete/ HTTP/1.1" 200 11981
INFO 2026-05-21 09:06:34,813 basehttp 9076 134996752836288 "POST /admin/OnlineShop/faq/9/delete/ HTTP/1.1" 302 0
INFO 2026-05-21 09:06:34,813 basehttp 9076 134996752836288 "POST /admin/OnlineShop/faq/9/delete/ HTTP/1.1" 302 0
INFO 2026-05-21 09:06:34,863 basehttp 9076 134996752836288 "GET /admin/OnlineShop/faq/ HTTP/1.1" 200 16100
INFO 2026-05-21 09:06:34,863 basehttp 9076 134996752836288 "GET /admin/OnlineShop/faq/ HTTP/1.1" 200 16100
INFO 2026-05-21 09:06:35,011 basehttp 9076 134996752836288 "GET /admin/jsi18n/ HTTP/1.1" 200 3342
INFO 2026-05-21 09:06:35,011 basehttp 9076 134996752836288 "GET /admin/jsi18n/ HTTP/1.1" 200 3342
INFO 2026-05-21 09:06:35,875 basehttp 9076 134996752836288 "GET /admin/OnlineShop/faq/8/change/ HTTP/1.1" 200 13909
INFO 2026-05-21 09:06:35,875 basehttp 9076 134996752836288 "GET /admin/OnlineShop/faq/8/change/ HTTP/1.1" 200 13909
INFO 2026-05-21 09:06:36,005 basehttp 9076 134996752836288 "GET /admin/jsi18n/ HTTP/1.1" 200 3342
INFO 2026-05-21 09:06:36,005 basehttp 9076 134996752836288 "GET /admin/jsi18n/ HTTP/1.1" 200 3342
INFO 2026-05-21 09:06:36,824 basehttp 9076 134996752836288 "GET /admin/OnlineShop/faq/8/delete/ HTTP/1.1" 200 11897
INFO 2026-05-21 09:06:36,824 basehttp 9076 134996752836288 "GET /admin/OnlineShop/faq/8/delete/ HTTP/1.1" 200 11897
INFO 2026-05-21 09:06:38,148 basehttp 9076 134996752836288 "POST /admin/OnlineShop/faq/8/delete/ HTTP/1.1" 302 0
INFO 2026-05-21 09:06:38,148 basehttp 9076 134996752836288 "POST /admin/OnlineShop/faq/8/delete/ HTTP/1.1" 302 0
INFO 2026-05-21 09:06:38,178 basehttp 9076 134996752836288 "GET /admin/OnlineShop/faq/ HTTP/1.1" 200 15710
INFO 2026-05-21 09:06:38,178 basehttp 9076 134996752836288 "GET /admin/OnlineShop/faq/ HTTP/1.1" 200 15710
INFO 2026-05-21 09:06:38,289 basehttp 9076 134996752836288 "GET /admin/jsi18n/ HTTP/1.1" 200 3342
INFO 2026-05-21 09:06:38,289 basehttp 9076 134996752836288 "GET /admin/jsi18n/ HTTP/1.1" 200 3342
INFO 2026-05-21 09:06:39,150 basehttp 9076 134996752836288 "GET /admin/OnlineShop/faq/7/change/ HTTP/1.1" 200 14073
INFO 2026-05-21 09:06:39,150 basehttp 9076 134996752836288 "GET /admin/OnlineShop/faq/7/change/ HTTP/1.1" 200 14073
INFO 2026-05-21 09:06:39,218 basehttp 9076 134996752836288 "GET /admin/jsi18n/ HTTP/1.1" 200 3342
INFO 2026-05-21 09:06:39,218 basehttp 9076 134996752836288 "GET /admin/jsi18n/ HTTP/1.1" 200 3342
INFO 2026-05-21 09:06:40,002 basehttp 9076 134996752836288 "GET /admin/OnlineShop/faq/7/delete/ HTTP/1.1" 200 11942
INFO 2026-05-21 09:06:40,002 basehttp 9076 134996752836288 "GET /admin/OnlineShop/faq/7/delete/ HTTP/1.1" 200 11942
INFO 2026-05-21 09:06:40,916 basehttp 9076 134996752836288 "POST /admin/OnlineShop/faq/7/delete/ HTTP/1.1" 302 0
INFO 2026-05-21 09:06:40,916 basehttp 9076 134996752836288 "POST /admin/OnlineShop/faq/7/delete/ HTTP/1.1" 302 0
INFO 2026-05-21 09:06:40,949 basehttp 9076 134996752836288 "GET /admin/OnlineShop/faq/ HTTP/1.1" 200 15333
INFO 2026-05-21 09:06:40,949 basehttp 9076 134996752836288 "GET /admin/OnlineShop/faq/ HTTP/1.1" 200 15333
INFO 2026-05-21 09:06:41,126 basehttp 9076 134996752836288 "GET /admin/jsi18n/ HTTP/1.1" 200 3342
INFO 2026-05-21 09:06:41,126 basehttp 9076 134996752836288 "GET /admin/jsi18n/ HTTP/1.1" 200 3342
INFO 2026-05-21 09:06:41,974 basehttp 9076 134996752836288 "GET /admin/OnlineShop/faq/6/change/ HTTP/1.1" 200 14108
INFO 2026-05-21 09:06:41,974 basehttp 9076 134996752836288 "GET /admin/OnlineShop/faq/6/change/ HTTP/1.1" 200 14108
INFO 2026-05-21 09:06:42,044 basehttp 9076 134996752836288 "GET /admin/jsi18n/ HTTP/1.1" 200 3342
INFO 2026-05-21 09:06:42,044 basehttp 9076 134996752836288 "GET /admin/jsi18n/ HTTP/1.1" 200 3342
INFO 2026-05-21 09:06:42,917 basehttp 9076 134996752836288 "GET /admin/OnlineShop/faq/6/delete/ HTTP/1.1" 200 11897
INFO 2026-05-21 09:06:42,917 basehttp 9076 134996752836288 "GET /admin/OnlineShop/faq/6/delete/ HTTP/1.1" 200 11897
INFO 2026-05-21 09:06:43,989 basehttp 9076 134996752836288 "POST /admin/OnlineShop/faq/6/delete/ HTTP/1.1" 302 0
INFO 2026-05-21 09:06:43,989 basehttp 9076 134996752836288 "POST /admin/OnlineShop/faq/6/delete/ HTTP/1.1" 302 0
INFO 2026-05-21 09:06:44,017 basehttp 9076 134996752836288 "GET /admin/OnlineShop/faq/ HTTP/1.1" 200 14956
INFO 2026-05-21 09:06:44,017 basehttp 9076 134996752836288 "GET /admin/OnlineShop/faq/ HTTP/1.1" 200 14956
INFO 2026-05-21 09:06:44,129 basehttp 9076 134996752836288 "GET /admin/jsi18n/ HTTP/1.1" 200 3342
INFO 2026-05-21 09:06:44,129 basehttp 9076 134996752836288 "GET /admin/jsi18n/ HTTP/1.1" 200 3342
INFO 2026-05-21 09:06:48,049 basehttp 9076 134996752836288 "GET /products HTTP/1.1" 301 0
INFO 2026-05-21 09:06:48,049 basehttp 9076 134996752836288 "GET /products HTTP/1.1" 301 0
INFO 2026-05-21 09:06:48,091 basehttp 9076 134996761228992 "GET /products/ HTTP/1.1" 200 28073
INFO 2026-05-21 09:06:48,091 basehttp 9076 134996761228992 "GET /products/ HTTP/1.1" 200 28073
INFO 2026-05-21 09:06:50,762 basehttp 9076 134996761228992 "GET /product/24/reviews/ HTTP/1.1" 200 12247
INFO 2026-05-21 09:06:50,762 basehttp 9076 134996761228992 "GET /product/24/reviews/ HTTP/1.1" 200 12247
INFO 2026-05-21 09:06:55,499 basehttp 9076 134996761228992 "GET /products/edit/24 HTTP/1.1" 200 11986
INFO 2026-05-21 09:06:55,499 basehttp 9076 134996761228992 "GET /products/edit/24 HTTP/1.1" 200 11986
INFO 2026-05-21 09:07:03,194 basehttp 9076 134996761228992 "GET /admin/OnlineShop/faq/5/change/ HTTP/1.1" 200 13909
INFO 2026-05-21 09:07:03,194 basehttp 9076 134996761228992 "GET /admin/OnlineShop/faq/5/change/ HTTP/1.1" 200 13909
INFO 2026-05-21 09:07:03,301 basehttp 9076 134996761228992 "GET /admin/jsi18n/ HTTP/1.1" 200 3342
INFO 2026-05-21 09:07:03,301 basehttp 9076 134996761228992 "GET /admin/jsi18n/ HTTP/1.1" 200 3342
INFO 2026-05-21 09:07:04,366 basehttp 9076 134996761228992 "GET /admin/OnlineShop/faq/5/delete/ HTTP/1.1" 200 11834
INFO 2026-05-21 09:07:04,366 basehttp 9076 134996761228992 "GET /admin/OnlineShop/faq/5/delete/ HTTP/1.1" 200 11834
INFO 2026-05-21 09:07:05,546 basehttp 9076 134996761228992 "POST /admin/OnlineShop/faq/5/delete/ HTTP/1.1" 302 0
INFO 2026-05-21 09:07:05,546 basehttp 9076 134996761228992 "POST /admin/OnlineShop/faq/5/delete/ HTTP/1.1" 302 0
INFO 2026-05-21 09:07:05,580 basehttp 9076 134996761228992 "GET /admin/OnlineShop/faq/ HTTP/1.1" 200 14615
INFO 2026-05-21 09:07:05,580 basehttp 9076 134996761228992 "GET /admin/OnlineShop/faq/ HTTP/1.1" 200 14615
INFO 2026-05-21 09:07:05,737 basehttp 9076 134996778014400 "GET /admin/jsi18n/ HTTP/1.1" 200 3342
INFO 2026-05-21 09:07:05,737 basehttp 9076 134996778014400 "GET /admin/jsi18n/ HTTP/1.1" 200 3342
INFO 2026-05-21 09:07:07,469 basehttp 9076 134996761228992 "GET /admin/OnlineShop/faq/4/change/ HTTP/1.1" 200 13843
INFO 2026-05-21 09:07:07,469 basehttp 9076 134996761228992 "GET /admin/OnlineShop/faq/4/change/ HTTP/1.1" 200 13843
INFO 2026-05-21 09:07:07,543 basehttp 9076 134996778014400 "GET /admin/jsi18n/ HTTP/1.1" 200 3342
INFO 2026-05-21 09:07:07,543 basehttp 9076 134996778014400 "GET /admin/jsi18n/ HTTP/1.1" 200 3342
INFO 2026-05-21 09:07:08,687 basehttp 9076 134996761228992 "GET /admin/OnlineShop/faq/4/delete/ HTTP/1.1" 200 11879
INFO 2026-05-21 09:07:08,687 basehttp 9076 134996761228992 "GET /admin/OnlineShop/faq/4/delete/ HTTP/1.1" 200 11879
INFO 2026-05-21 09:07:09,595 basehttp 9076 134996761228992 "POST /admin/OnlineShop/faq/4/delete/ HTTP/1.1" 302 0
INFO 2026-05-21 09:07:09,595 basehttp 9076 134996761228992 "POST /admin/OnlineShop/faq/4/delete/ HTTP/1.1" 302 0
INFO 2026-05-21 09:07:09,630 basehttp 9076 134996761228992 "GET /admin/OnlineShop/faq/ HTTP/1.1" 200 14280
INFO 2026-05-21 09:07:09,630 basehttp 9076 134996761228992 "GET /admin/OnlineShop/faq/ HTTP/1.1" 200 14280
INFO 2026-05-21 09:07:09,794 basehttp 9076 134996778014400 "GET /admin/jsi18n/ HTTP/1.1" 200 3342
INFO 2026-05-21 09:07:09,794 basehttp 9076 134996778014400 "GET /admin/jsi18n/ HTTP/1.1" 200 3342
INFO 2026-05-21 09:07:10,720 basehttp 9076 134996761228992 "GET /admin/OnlineShop/faq/3/change/ HTTP/1.1" 200 13944
INFO 2026-05-21 09:07:10,720 basehttp 9076 134996761228992 "GET /admin/OnlineShop/faq/3/change/ HTTP/1.1" 200 13944
INFO 2026-05-21 09:07:10,799 basehttp 9076 134996778014400 "GET /admin/jsi18n/ HTTP/1.1" 200 3342
INFO 2026-05-21 09:07:10,799 basehttp 9076 134996778014400 "GET /admin/jsi18n/ HTTP/1.1" 200 3342
INFO 2026-05-21 09:07:11,875 basehttp 9076 134996761228992 "GET /admin/OnlineShop/faq/3/delete/ HTTP/1.1" 200 11966
INFO 2026-05-21 09:07:11,875 basehttp 9076 134996761228992 "GET /admin/OnlineShop/faq/3/delete/ HTTP/1.1" 200 11966
INFO 2026-05-21 09:07:12,868 basehttp 9076 134996761228992 "POST /admin/OnlineShop/faq/3/delete/ HTTP/1.1" 302 0
INFO 2026-05-21 09:07:12,868 basehttp 9076 134996761228992 "POST /admin/OnlineShop/faq/3/delete/ HTTP/1.1" 302 0
INFO 2026-05-21 09:07:12,911 basehttp 9076 134996761228992 "GET /admin/OnlineShop/faq/ HTTP/1.1" 200 13901
INFO 2026-05-21 09:07:12,911 basehttp 9076 134996761228992 "GET /admin/OnlineShop/faq/ HTTP/1.1" 200 13901
INFO 2026-05-21 09:07:13,019 basehttp 9076 134996778014400 "GET /admin/jsi18n/ HTTP/1.1" 200 3342
INFO 2026-05-21 09:07:13,019 basehttp 9076 134996778014400 "GET /admin/jsi18n/ HTTP/1.1" 200 3342
INFO 2026-05-21 09:07:13,999 basehttp 9076 134996761228992 "GET /admin/OnlineShop/faq/2/change/ HTTP/1.1" 200 13802
INFO 2026-05-21 09:07:13,999 basehttp 9076 134996761228992 "GET /admin/OnlineShop/faq/2/change/ HTTP/1.1" 200 13802
INFO 2026-05-21 09:07:14,075 basehttp 9076 134996778014400 "GET /admin/jsi18n/ HTTP/1.1" 200 3342
INFO 2026-05-21 09:07:14,075 basehttp 9076 134996778014400 "GET /admin/jsi18n/ HTTP/1.1" 200 3342
INFO 2026-05-21 09:07:14,970 basehttp 9076 134996761228992 "GET /admin/OnlineShop/faq/2/delete/ HTTP/1.1" 200 11957
INFO 2026-05-21 09:07:14,970 basehttp 9076 134996761228992 "GET /admin/OnlineShop/faq/2/delete/ HTTP/1.1" 200 11957
INFO 2026-05-21 09:07:15,944 basehttp 9076 134996761228992 "POST /admin/OnlineShop/faq/2/delete/ HTTP/1.1" 302 0
INFO 2026-05-21 09:07:15,944 basehttp 9076 134996761228992 "POST /admin/OnlineShop/faq/2/delete/ HTTP/1.1" 302 0
INFO 2026-05-21 09:07:15,986 basehttp 9076 134996761228992 "GET /admin/OnlineShop/faq/ HTTP/1.1" 200 13495
INFO 2026-05-21 09:07:15,986 basehttp 9076 134996761228992 "GET /admin/OnlineShop/faq/ HTTP/1.1" 200 13495
INFO 2026-05-21 09:07:16,106 basehttp 9076 134996778014400 "GET /admin/jsi18n/ HTTP/1.1" 200 3342
INFO 2026-05-21 09:07:16,106 basehttp 9076 134996778014400 "GET /admin/jsi18n/ HTTP/1.1" 200 3342
INFO 2026-05-21 09:07:16,980 basehttp 9076 134996761228992 "GET /admin/OnlineShop/faq/1/change/ HTTP/1.1" 200 14076
INFO 2026-05-21 09:07:16,980 basehttp 9076 134996761228992 "GET /admin/OnlineShop/faq/1/change/ HTTP/1.1" 200 14076
INFO 2026-05-21 09:07:17,048 basehttp 9076 134996778014400 "GET /admin/jsi18n/ HTTP/1.1" 200 3342
INFO 2026-05-21 09:07:17,048 basehttp 9076 134996778014400 "GET /admin/jsi18n/ HTTP/1.1" 200 3342
INFO 2026-05-21 09:07:18,242 basehttp 9076 134996761228992 "GET /admin/OnlineShop/faq/1/delete/ HTTP/1.1" 200 12032
INFO 2026-05-21 09:07:18,242 basehttp 9076 134996761228992 "GET /admin/OnlineShop/faq/1/delete/ HTTP/1.1" 200 12032
INFO 2026-05-21 09:07:19,169 basehttp 9076 134996761228992 "POST /admin/OnlineShop/faq/1/delete/ HTTP/1.1" 302 0
INFO 2026-05-21 09:07:19,169 basehttp 9076 134996761228992 "POST /admin/OnlineShop/faq/1/delete/ HTTP/1.1" 302 0
INFO 2026-05-21 09:07:19,194 basehttp 9076 134996761228992 "GET /admin/OnlineShop/faq/ HTTP/1.1" 200 12060
INFO 2026-05-21 09:07:19,194 basehttp 9076 134996761228992 "GET /admin/OnlineShop/faq/ HTTP/1.1" 200 12060
INFO 2026-05-21 09:07:19,299 basehttp 9076 134996778014400 "GET /admin/jsi18n/ HTTP/1.1" 200 3342
INFO 2026-05-21 09:07:19,299 basehttp 9076 134996778014400 "GET /admin/jsi18n/ HTTP/1.1" 200 3342
INFO 2026-05-21 09:07:20,958 basehttp 9076 134996761228992 "GET /admin/OnlineShop/faq/add/ HTTP/1.1" 200 13237
INFO 2026-05-21 09:07:20,958 basehttp 9076 134996761228992 "GET /admin/OnlineShop/faq/add/ HTTP/1.1" 200 13237
INFO 2026-05-21 09:07:21,029 basehttp 9076 134996778014400 "GET /admin/jsi18n/ HTTP/1.1" 200 3342
INFO 2026-05-21 09:07:21,029 basehttp 9076 134996778014400 "GET /admin/jsi18n/ HTTP/1.1" 200 3342
INFO 2026-05-21 09:08:13,568 basehttp 9076 134996761228992 "POST /admin/OnlineShop/faq/add/ HTTP/1.1" 302 0
INFO 2026-05-21 09:08:13,568 basehttp 9076 134996761228992 "POST /admin/OnlineShop/faq/add/ HTTP/1.1" 302 0
INFO 2026-05-21 09:08:13,602 basehttp 9076 134996761228992 "GET /admin/OnlineShop/faq/ HTTP/1.1" 200 13525
INFO 2026-05-21 09:08:13,602 basehttp 9076 134996761228992 "GET /admin/OnlineShop/faq/ HTTP/1.1" 200 13525
INFO 2026-05-21 09:08:13,742 basehttp 9076 134996778014400 "GET /admin/jsi18n/ HTTP/1.1" 200 3342
INFO 2026-05-21 09:08:13,742 basehttp 9076 134996778014400 "GET /admin/jsi18n/ HTTP/1.1" 200 3342
INFO 2026-05-21 09:08:17,995 basehttp 9076 134996761228992 "GET /faq HTTP/1.1" 301 0
INFO 2026-05-21 09:08:17,995 basehttp 9076 134996761228992 "GET /faq HTTP/1.1" 301 0
INFO 2026-05-21 09:08:18,023 basehttp 9076 134996778014400 "GET /faq/ HTTP/1.1" 200 9564
INFO 2026-05-21 09:08:18,023 basehttp 9076 134996778014400 "GET /faq/ HTTP/1.1" 200 9564
INFO 2026-05-21 09:08:59,249 basehttp 9076 134996778014400 "GET /admin/OnlineShop/faq/add/ HTTP/1.1" 200 13237
INFO 2026-05-21 09:08:59,249 basehttp 9076 134996778014400 "GET /admin/OnlineShop/faq/add/ HTTP/1.1" 200 13237
INFO 2026-05-21 09:08:59,389 basehttp 9076 134996778014400 "GET /admin/jsi18n/ HTTP/1.1" 200 3342
INFO 2026-05-21 09:08:59,389 basehttp 9076 134996778014400 "GET /admin/jsi18n/ HTTP/1.1" 200 3342
INFO 2026-05-21 09:09:16,850 basehttp 9076 134996778014400 "POST /admin/OnlineShop/faq/add/ HTTP/1.1" 302 0
INFO 2026-05-21 09:09:16,850 basehttp 9076 134996778014400 "POST /admin/OnlineShop/faq/add/ HTTP/1.1" 302 0
INFO 2026-05-21 09:09:16,884 basehttp 9076 134996778014400 "GET /admin/OnlineShop/faq/ HTTP/1.1" 200 14039
INFO 2026-05-21 09:09:16,884 basehttp 9076 134996778014400 "GET /admin/OnlineShop/faq/ HTTP/1.1" 200 14039
INFO 2026-05-21 09:09:17,012 basehttp 9076 134996778014400 "GET /admin/jsi18n/ HTTP/1.1" 200 3342
INFO 2026-05-21 09:09:17,012 basehttp 9076 134996778014400 "GET /admin/jsi18n/ HTTP/1.1" 200 3342
INFO 2026-05-21 09:09:36,901 basehttp 9076 134996778014400 "GET /admin/OnlineShop/faq/add/ HTTP/1.1" 200 13237
INFO 2026-05-21 09:09:36,901 basehttp 9076 134996778014400 "GET /admin/OnlineShop/faq/add/ HTTP/1.1" 200 13237
INFO 2026-05-21 09:09:37,002 basehttp 9076 134996778014400 "GET /admin/jsi18n/ HTTP/1.1" 200 3342
INFO 2026-05-21 09:09:37,002 basehttp 9076 134996778014400 "GET /admin/jsi18n/ HTTP/1.1" 200 3342
INFO 2026-05-21 09:09:47,750 basehttp 9076 134996778014400 "POST /admin/OnlineShop/faq/add/ HTTP/1.1" 302 0
INFO 2026-05-21 09:09:47,750 basehttp 9076 134996778014400 "POST /admin/OnlineShop/faq/add/ HTTP/1.1" 302 0
INFO 2026-05-21 09:09:47,775 basehttp 9076 134996778014400 "GET /admin/OnlineShop/faq/ HTTP/1.1" 200 14703
INFO 2026-05-21 09:09:47,775 basehttp 9076 134996778014400 "GET /admin/OnlineShop/faq/ HTTP/1.1" 200 14703
INFO 2026-05-21 09:09:47,917 basehttp 9076 134996778014400 "GET /admin/jsi18n/ HTTP/1.1" 200 3342
INFO 2026-05-21 09:09:47,917 basehttp 9076 134996778014400 "GET /admin/jsi18n/ HTTP/1.1" 200 3342
INFO 2026-05-21 09:10:00,652 basehttp 9076 134996778014400 "GET /admin/OnlineShop/faq/add/ HTTP/1.1" 200 13237
INFO 2026-05-21 09:10:00,652 basehttp 9076 134996778014400 "GET /admin/OnlineShop/faq/add/ HTTP/1.1" 200 13237
INFO 2026-05-21 09:10:00,734 basehttp 9076 134996778014400 "GET /admin/jsi18n/ HTTP/1.1" 200 3342
INFO 2026-05-21 09:10:00,734 basehttp 9076 134996778014400 "GET /admin/jsi18n/ HTTP/1.1" 200 3342
INFO 2026-05-21 09:10:14,755 basehttp 9076 134996778014400 "POST /admin/OnlineShop/faq/add/ HTTP/1.1" 302 0
INFO 2026-05-21 09:10:14,755 basehttp 9076 134996778014400 "POST /admin/OnlineShop/faq/add/ HTTP/1.1" 302 0
INFO 2026-05-21 09:10:14,789 basehttp 9076 134996778014400 "GET /admin/OnlineShop/faq/ HTTP/1.1" 200 15103
INFO 2026-05-21 09:10:14,789 basehttp 9076 134996778014400 "GET /admin/OnlineShop/faq/ HTTP/1.1" 200 15103
INFO 2026-05-21 09:10:14,910 basehttp 9076 134996778014400 "GET /admin/jsi18n/ HTTP/1.1" 200 3342
INFO 2026-05-21 09:10:14,910 basehttp 9076 134996778014400 "GET /admin/jsi18n/ HTTP/1.1" 200 3342
INFO 2026-05-21 09:10:42,770 basehttp 9076 134996778014400 "GET /admin/OnlineShop/faq/add/ HTTP/1.1" 200 13237
INFO 2026-05-21 09:10:42,770 basehttp 9076 134996778014400 "GET /admin/OnlineShop/faq/add/ HTTP/1.1" 200 13237
INFO 2026-05-21 09:10:42,857 basehttp 9076 134996778014400 "GET /admin/jsi18n/ HTTP/1.1" 200 3342
INFO 2026-05-21 09:10:42,857 basehttp 9076 134996778014400 "GET /admin/jsi18n/ HTTP/1.1" 200 3342
INFO 2026-05-21 09:11:32,384 basehttp 9076 134996778014400 "POST /admin/OnlineShop/faq/add/ HTTP/1.1" 302 0
INFO 2026-05-21 09:11:32,384 basehttp 9076 134996778014400 "POST /admin/OnlineShop/faq/add/ HTTP/1.1" 302 0
INFO 2026-05-21 09:11:32,407 basehttp 9076 134996778014400 "GET /admin/OnlineShop/faq/ HTTP/1.1" 200 15733
INFO 2026-05-21 09:11:32,407 basehttp 9076 134996778014400 "GET /admin/OnlineShop/faq/ HTTP/1.1" 200 15733
INFO 2026-05-21 09:11:32,546 basehttp 9076 134996778014400 "GET /admin/jsi18n/ HTTP/1.1" 200 3342
INFO 2026-05-21 09:11:32,546 basehttp 9076 134996778014400 "GET /admin/jsi18n/ HTTP/1.1" 200 3342
INFO 2026-05-21 09:11:36,123 basehttp 9076 134996778014400 "GET /faq/ HTTP/1.1" 200 12590
INFO 2026-05-21 09:11:36,123 basehttp 9076 134996778014400 "GET /faq/ HTTP/1.1" 200 12590
INFO 2026-05-21 09:12:01,927 basehttp 9076 134996778014400 "GET /admin/OnlineShop/employee/ HTTP/1.1" 200 15692
INFO 2026-05-21 09:12:01,927 basehttp 9076 134996778014400 "GET /admin/OnlineShop/employee/ HTTP/1.1" 200 15692
INFO 2026-05-21 09:12:02,042 basehttp 9076 134996778014400 "GET /admin/jsi18n/ HTTP/1.1" 200 3342
INFO 2026-05-21 09:12:02,042 basehttp 9076 134996778014400 "GET /admin/jsi18n/ HTTP/1.1" 200 3342
INFO 2026-05-21 09:12:04,092 basehttp 9076 134996778014400 "GET /admin/OnlineShop/employee/10/change/ HTTP/1.1" 200 15605
INFO 2026-05-21 09:12:04,092 basehttp 9076 134996778014400 "GET /admin/OnlineShop/employee/10/change/ HTTP/1.1" 200 15605
INFO 2026-05-21 09:12:04,175 basehttp 9076 134996778014400 "GET /admin/jsi18n/ HTTP/1.1" 200 3342
INFO 2026-05-21 09:12:04,175 basehttp 9076 134996778014400 "GET /admin/jsi18n/ HTTP/1.1" 200 3342
INFO 2026-05-21 09:12:05,365 basehttp 9076 134996778014400 "GET /admin/OnlineShop/employee/10/history/ HTTP/1.1" 200 11102
INFO 2026-05-21 09:12:05,365 basehttp 9076 134996778014400 "GET /admin/OnlineShop/employee/10/history/ HTTP/1.1" 200 11102
INFO 2026-05-21 09:12:08,607 basehttp 9076 134996778014400 "GET /admin/OnlineShop/employee/10/change/ HTTP/1.1" 200 15605
INFO 2026-05-21 09:12:08,607 basehttp 9076 134996778014400 "GET /admin/OnlineShop/employee/10/change/ HTTP/1.1" 200 15605
INFO 2026-05-21 09:12:14,763 basehttp 9076 134996778014400 "GET /admin/OnlineShop/employee/10/delete/ HTTP/1.1" 200 11807
INFO 2026-05-21 09:12:14,763 basehttp 9076 134996778014400 "GET /admin/OnlineShop/employee/10/delete/ HTTP/1.1" 200 11807
INFO 2026-05-21 09:12:16,746 basehttp 9076 134996778014400 "POST /admin/OnlineShop/employee/10/delete/ HTTP/1.1" 302 0
INFO 2026-05-21 09:12:16,746 basehttp 9076 134996778014400 "POST /admin/OnlineShop/employee/10/delete/ HTTP/1.1" 302 0
INFO 2026-05-21 09:12:16,777 basehttp 9076 134996778014400 "GET /admin/OnlineShop/employee/ HTTP/1.1" 200 15571
INFO 2026-05-21 09:12:16,777 basehttp 9076 134996778014400 "GET /admin/OnlineShop/employee/ HTTP/1.1" 200 15571
INFO 2026-05-21 09:12:16,890 basehttp 9076 134996778014400 "GET /admin/jsi18n/ HTTP/1.1" 200 3342
INFO 2026-05-21 09:12:16,890 basehttp 9076 134996778014400 "GET /admin/jsi18n/ HTTP/1.1" 200 3342
INFO 2026-05-21 09:12:18,127 basehttp 9076 134996778014400 "GET /admin/OnlineShop/employee/9/change/ HTTP/1.1" 200 15604
INFO 2026-05-21 09:12:18,127 basehttp 9076 134996778014400 "GET /admin/OnlineShop/employee/9/change/ HTTP/1.1" 200 15604
INFO 2026-05-21 09:12:18,204 basehttp 9076 134996778014400 "GET /admin/jsi18n/ HTTP/1.1" 200 3342
INFO 2026-05-21 09:12:18,204 basehttp 9076 134996778014400 "GET /admin/jsi18n/ HTTP/1.1" 200 3342
INFO 2026-05-21 09:12:19,261 basehttp 9076 134996778014400 "GET /admin/OnlineShop/employee/9/delete/ HTTP/1.1" 200 11805
INFO 2026-05-21 09:12:19,261 basehttp 9076 134996778014400 "GET /admin/OnlineShop/employee/9/delete/ HTTP/1.1" 200 11805
INFO 2026-05-21 09:12:20,236 basehttp 9076 134996778014400 "POST /admin/OnlineShop/employee/9/delete/ HTTP/1.1" 302 0
INFO 2026-05-21 09:12:20,236 basehttp 9076 134996778014400 "POST /admin/OnlineShop/employee/9/delete/ HTTP/1.1" 302 0
INFO 2026-05-21 09:12:20,259 basehttp 9076 134996778014400 "GET /admin/OnlineShop/employee/ HTTP/1.1" 200 15292
INFO 2026-05-21 09:12:20,259 basehttp 9076 134996778014400 "GET /admin/OnlineShop/employee/ HTTP/1.1" 200 15292
INFO 2026-05-21 09:12:20,417 basehttp 9076 134996778014400 "GET /admin/jsi18n/ HTTP/1.1" 200 3342
INFO 2026-05-21 09:12:20,417 basehttp 9076 134996778014400 "GET /admin/jsi18n/ HTTP/1.1" 200 3342
INFO 2026-05-21 09:12:21,373 basehttp 9076 134996778014400 "GET /admin/OnlineShop/employee/8/change/ HTTP/1.1" 200 15604
INFO 2026-05-21 09:12:21,373 basehttp 9076 134996778014400 "GET /admin/OnlineShop/employee/8/change/ HTTP/1.1" 200 15604
INFO 2026-05-21 09:12:21,476 basehttp 9076 134996778014400 "GET /admin/jsi18n/ HTTP/1.1" 200 3342
INFO 2026-05-21 09:12:21,476 basehttp 9076 134996778014400 "GET /admin/jsi18n/ HTTP/1.1" 200 3342
INFO 2026-05-21 09:12:22,584 basehttp 9076 134996778014400 "GET /admin/OnlineShop/employee/8/delete/ HTTP/1.1" 200 11805
INFO 2026-05-21 09:12:22,584 basehttp 9076 134996778014400 "GET /admin/OnlineShop/employee/8/delete/ HTTP/1.1" 200 11805
INFO 2026-05-21 09:12:23,442 basehttp 9076 134996778014400 "POST /admin/OnlineShop/employee/8/delete/ HTTP/1.1" 302 0
INFO 2026-05-21 09:12:23,442 basehttp 9076 134996778014400 "POST /admin/OnlineShop/employee/8/delete/ HTTP/1.1" 302 0
INFO 2026-05-21 09:12:23,484 basehttp 9076 134996778014400 "GET /admin/OnlineShop/employee/ HTTP/1.1" 200 15013
INFO 2026-05-21 09:12:23,484 basehttp 9076 134996778014400 "GET /admin/OnlineShop/employee/ HTTP/1.1" 200 15013
INFO 2026-05-21 09:12:23,593 basehttp 9076 134996778014400 "GET /admin/jsi18n/ HTTP/1.1" 200 3342
INFO 2026-05-21 09:12:23,593 basehttp 9076 134996778014400 "GET /admin/jsi18n/ HTTP/1.1" 200 3342
INFO 2026-05-21 09:12:24,677 basehttp 9076 134996778014400 "GET /admin/OnlineShop/employee/7/change/ HTTP/1.1" 200 15625
INFO 2026-05-21 09:12:24,677 basehttp 9076 134996778014400 "GET /admin/OnlineShop/employee/7/change/ HTTP/1.1" 200 15625
INFO 2026-05-21 09:12:24,757 basehttp 9076 134996778014400 "GET /admin/jsi18n/ HTTP/1.1" 200 3342
INFO 2026-05-21 09:12:24,757 basehttp 9076 134996778014400 "GET /admin/jsi18n/ HTTP/1.1" 200 3342
INFO 2026-05-21 09:12:31,548 basehttp 9076 134996778014400 "GET /admin/OnlineShop/employee/7/delete/ HTTP/1.1" 200 11823
INFO 2026-05-21 09:12:31,548 basehttp 9076 134996778014400 "GET /admin/OnlineShop/employee/7/delete/ HTTP/1.1" 200 11823
INFO 2026-05-21 09:12:32,627 basehttp 9076 134996778014400 "POST /admin/OnlineShop/employee/7/delete/ HTTP/1.1" 302 0
INFO 2026-05-21 09:12:32,627 basehttp 9076 134996778014400 "POST /admin/OnlineShop/employee/7/delete/ HTTP/1.1" 302 0
INFO 2026-05-21 09:12:32,673 basehttp 9076 134996778014400 "GET /admin/OnlineShop/employee/ HTTP/1.1" 200 14728
INFO 2026-05-21 09:12:32,673 basehttp 9076 134996778014400 "GET /admin/OnlineShop/employee/ HTTP/1.1" 200 14728
INFO 2026-05-21 09:12:32,774 basehttp 9076 134996778014400 "GET /admin/jsi18n/ HTTP/1.1" 200 3342
INFO 2026-05-21 09:12:32,774 basehttp 9076 134996778014400 "GET /admin/jsi18n/ HTTP/1.1" 200 3342
INFO 2026-05-21 09:12:34,288 basehttp 9076 134996778014400 "GET /admin/OnlineShop/employee/6/change/ HTTP/1.1" 200 15613
INFO 2026-05-21 09:12:34,288 basehttp 9076 134996778014400 "GET /admin/OnlineShop/employee/6/change/ HTTP/1.1" 200 15613
INFO 2026-05-21 09:12:34,355 basehttp 9076 134996778014400 "GET /admin/jsi18n/ HTTP/1.1" 200 3342
INFO 2026-05-21 09:12:34,355 basehttp 9076 134996778014400 "GET /admin/jsi18n/ HTTP/1.1" 200 3342
INFO 2026-05-21 09:12:35,486 basehttp 9076 134996778014400 "GET /admin/OnlineShop/employee/6/delete/ HTTP/1.1" 200 11811
INFO 2026-05-21 09:12:35,486 basehttp 9076 134996778014400 "GET /admin/OnlineShop/employee/6/delete/ HTTP/1.1" 200 11811
INFO 2026-05-21 09:12:36,407 basehttp 9076 134996778014400 "POST /admin/OnlineShop/employee/6/delete/ HTTP/1.1" 302 0
INFO 2026-05-21 09:12:36,407 basehttp 9076 134996778014400 "POST /admin/OnlineShop/employee/6/delete/ HTTP/1.1" 302 0
INFO 2026-05-21 09:12:36,434 basehttp 9076 134996778014400 "GET /admin/OnlineShop/employee/ HTTP/1.1" 200 14441
INFO 2026-05-21 09:12:36,434 basehttp 9076 134996778014400 "GET /admin/OnlineShop/employee/ HTTP/1.1" 200 14441
INFO 2026-05-21 09:12:36,551 basehttp 9076 134996778014400 "GET /admin/jsi18n/ HTTP/1.1" 200 3342
INFO 2026-05-21 09:12:36,551 basehttp 9076 134996778014400 "GET /admin/jsi18n/ HTTP/1.1" 200 3342
INFO 2026-05-21 09:12:38,523 basehttp 9076 134996778014400 "GET /admin/OnlineShop/employee/5/change/ HTTP/1.1" 200 15610
INFO 2026-05-21 09:12:38,523 basehttp 9076 134996778014400 "GET /admin/OnlineShop/employee/5/change/ HTTP/1.1" 200 15610
INFO 2026-05-21 09:12:38,612 basehttp 9076 134996778014400 "GET /admin/jsi18n/ HTTP/1.1" 200 3342
INFO 2026-05-21 09:12:38,612 basehttp 9076 134996778014400 "GET /admin/jsi18n/ HTTP/1.1" 200 3342
INFO 2026-05-21 09:12:39,712 basehttp 9076 134996778014400 "GET /admin/OnlineShop/employee/5/delete/ HTTP/1.1" 200 11811
INFO 2026-05-21 09:12:39,712 basehttp 9076 134996778014400 "GET /admin/OnlineShop/employee/5/delete/ HTTP/1.1" 200 11811
INFO 2026-05-21 09:12:40,723 basehttp 9076 134996778014400 "POST /admin/OnlineShop/employee/5/delete/ HTTP/1.1" 302 0
INFO 2026-05-21 09:12:40,723 basehttp 9076 134996778014400 "POST /admin/OnlineShop/employee/5/delete/ HTTP/1.1" 302 0
INFO 2026-05-21 09:12:40,750 basehttp 9076 134996778014400 "GET /admin/OnlineShop/employee/ HTTP/1.1" 200 14158
INFO 2026-05-21 09:12:40,750 basehttp 9076 134996778014400 "GET /admin/OnlineShop/employee/ HTTP/1.1" 200 14158
INFO 2026-05-21 09:12:40,869 basehttp 9076 134996778014400 "GET /admin/jsi18n/ HTTP/1.1" 200 3342
INFO 2026-05-21 09:12:40,869 basehttp 9076 134996778014400 "GET /admin/jsi18n/ HTTP/1.1" 200 3342
INFO 2026-05-21 09:12:41,878 basehttp 9076 134996778014400 "GET /admin/OnlineShop/employee/4/change/ HTTP/1.1" 200 15612
INFO 2026-05-21 09:12:41,878 basehttp 9076 134996778014400 "GET /admin/OnlineShop/employee/4/change/ HTTP/1.1" 200 15612
INFO 2026-05-21 09:12:41,974 basehttp 9076 134996778014400 "GET /admin/jsi18n/ HTTP/1.1" 200 3342
INFO 2026-05-21 09:12:41,974 basehttp 9076 134996778014400 "GET /admin/jsi18n/ HTTP/1.1" 200 3342
INFO 2026-05-21 09:12:42,966 basehttp 9076 134996778014400 "GET /admin/OnlineShop/employee/4/delete/ HTTP/1.1" 200 11811
INFO 2026-05-21 09:12:42,966 basehttp 9076 134996778014400 "GET /admin/OnlineShop/employee/4/delete/ HTTP/1.1" 200 11811
INFO 2026-05-21 09:12:44,027 basehttp 9076 134996778014400 "POST /admin/OnlineShop/employee/4/delete/ HTTP/1.1" 302 0
INFO 2026-05-21 09:12:44,027 basehttp 9076 134996778014400 "POST /admin/OnlineShop/employee/4/delete/ HTTP/1.1" 302 0
INFO 2026-05-21 09:12:44,051 basehttp 9076 134996778014400 "GET /admin/OnlineShop/employee/ HTTP/1.1" 200 13875
INFO 2026-05-21 09:12:44,051 basehttp 9076 134996778014400 "GET /admin/OnlineShop/employee/ HTTP/1.1" 200 13875
INFO 2026-05-21 09:12:44,197 basehttp 9076 134996778014400 "GET /admin/jsi18n/ HTTP/1.1" 200 3342
INFO 2026-05-21 09:12:44,197 basehttp 9076 134996778014400 "GET /admin/jsi18n/ HTTP/1.1" 200 3342
INFO 2026-05-21 09:12:45,101 basehttp 9076 134996778014400 "GET /admin/OnlineShop/employee/3/change/ HTTP/1.1" 200 15652
INFO 2026-05-21 09:12:45,101 basehttp 9076 134996778014400 "GET /admin/OnlineShop/employee/3/change/ HTTP/1.1" 200 15652
INFO 2026-05-21 09:12:45,180 basehttp 9076 134996778014400 "GET /admin/jsi18n/ HTTP/1.1" 200 3342
INFO 2026-05-21 09:12:45,180 basehttp 9076 134996778014400 "GET /admin/jsi18n/ HTTP/1.1" 200 3342
INFO 2026-05-21 09:12:46,657 basehttp 9076 134996778014400 "GET /admin/OnlineShop/employee/3/delete/ HTTP/1.1" 200 11817
INFO 2026-05-21 09:12:46,657 basehttp 9076 134996778014400 "GET /admin/OnlineShop/employee/3/delete/ HTTP/1.1" 200 11817
INFO 2026-05-21 09:12:47,545 basehttp 9076 134996778014400 "POST /admin/OnlineShop/employee/3/delete/ HTTP/1.1" 302 0
INFO 2026-05-21 09:12:47,545 basehttp 9076 134996778014400 "POST /admin/OnlineShop/employee/3/delete/ HTTP/1.1" 302 0
INFO 2026-05-21 09:12:47,574 basehttp 9076 134996778014400 "GET /admin/OnlineShop/employee/ HTTP/1.1" 200 13590
INFO 2026-05-21 09:12:47,574 basehttp 9076 134996778014400 "GET /admin/OnlineShop/employee/ HTTP/1.1" 200 13590
INFO 2026-05-21 09:12:47,692 basehttp 9076 134996778014400 "GET /admin/jsi18n/ HTTP/1.1" 200 3342
INFO 2026-05-21 09:12:47,692 basehttp 9076 134996778014400 "GET /admin/jsi18n/ HTTP/1.1" 200 3342
INFO 2026-05-21 09:12:48,754 basehttp 9076 134996778014400 "GET /admin/OnlineShop/employee/2/change/ HTTP/1.1" 200 15615
INFO 2026-05-21 09:12:48,754 basehttp 9076 134996778014400 "GET /admin/OnlineShop/employee/2/change/ HTTP/1.1" 200 15615
INFO 2026-05-21 09:12:48,839 basehttp 9076 134996778014400 "GET /admin/jsi18n/ HTTP/1.1" 200 3342
INFO 2026-05-21 09:12:48,839 basehttp 9076 134996778014400 "GET /admin/jsi18n/ HTTP/1.1" 200 3342
INFO 2026-05-21 09:12:50,988 basehttp 9076 134996778014400 "GET /admin/OnlineShop/employee/2/delete/ HTTP/1.1" 200 11796
INFO 2026-05-21 09:12:50,988 basehttp 9076 134996778014400 "GET /admin/OnlineShop/employee/2/delete/ HTTP/1.1" 200 11796
INFO 2026-05-21 09:12:51,978 basehttp 9076 134996778014400 "POST /admin/OnlineShop/employee/2/delete/ HTTP/1.1" 302 0
INFO 2026-05-21 09:12:51,978 basehttp 9076 134996778014400 "POST /admin/OnlineShop/employee/2/delete/ HTTP/1.1" 302 0
INFO 2026-05-21 09:12:52,007 basehttp 9076 134996778014400 "GET /admin/OnlineShop/employee/ HTTP/1.1" 200 13309
INFO 2026-05-21 09:12:52,007 basehttp 9076 134996778014400 "GET /admin/OnlineShop/employee/ HTTP/1.1" 200 13309
INFO 2026-05-21 09:12:52,153 basehttp 9076 134996778014400 "GET /admin/jsi18n/ HTTP/1.1" 200 3342
INFO 2026-05-21 09:12:52,153 basehttp 9076 134996778014400 "GET /admin/jsi18n/ HTTP/1.1" 200 3342
INFO 2026-05-21 09:12:52,982 basehttp 9076 134996778014400 "GET /admin/OnlineShop/employee/1/change/ HTTP/1.1" 200 15640
INFO 2026-05-21 09:12:52,982 basehttp 9076 134996778014400 "GET /admin/OnlineShop/employee/1/change/ HTTP/1.1" 200 15640
INFO 2026-05-21 09:12:53,036 basehttp 9076 134996778014400 "GET /admin/jsi18n/ HTTP/1.1" 200 3342
INFO 2026-05-21 09:12:53,036 basehttp 9076 134996778014400 "GET /admin/jsi18n/ HTTP/1.1" 200 3342
INFO 2026-05-21 09:12:54,853 basehttp 9076 134996778014400 "GET /admin/OnlineShop/employee/1/delete/ HTTP/1.1" 200 11811
INFO 2026-05-21 09:12:54,853 basehttp 9076 134996778014400 "GET /admin/OnlineShop/employee/1/delete/ HTTP/1.1" 200 11811
INFO 2026-05-21 09:12:56,160 basehttp 9076 134996778014400 "POST /admin/OnlineShop/employee/1/delete/ HTTP/1.1" 302 0
INFO 2026-05-21 09:12:56,160 basehttp 9076 134996778014400 "POST /admin/OnlineShop/employee/1/delete/ HTTP/1.1" 302 0
INFO 2026-05-21 09:12:56,206 basehttp 9076 134996778014400 "GET /admin/OnlineShop/employee/ HTTP/1.1" 200 12013
INFO 2026-05-21 09:12:56,206 basehttp 9076 134996778014400 "GET /admin/OnlineShop/employee/ HTTP/1.1" 200 12013
INFO 2026-05-21 09:12:56,325 basehttp 9076 134996778014400 "GET /admin/jsi18n/ HTTP/1.1" 200 3342
INFO 2026-05-21 09:12:56,325 basehttp 9076 134996778014400 "GET /admin/jsi18n/ HTTP/1.1" 200 3342
INFO 2026-05-21 09:14:07,025 basehttp 9076 134996778014400 "GET /admin/OnlineShop/employee/add/ HTTP/1.1" 200 15174
INFO 2026-05-21 09:14:07,025 basehttp 9076 134996778014400 "GET /admin/OnlineShop/employee/add/ HTTP/1.1" 200 15174
INFO 2026-05-21 09:14:07,114 basehttp 9076 134996778014400 "GET /admin/jsi18n/ HTTP/1.1" 200 3342
INFO 2026-05-21 09:14:07,114 basehttp 9076 134996778014400 "GET /admin/jsi18n/ HTTP/1.1" 200 3342
INFO 2026-05-21 09:20:11,225 basehttp 9076 134996778014400 "POST /admin/OnlineShop/employee/add/ HTTP/1.1" 302 0
INFO 2026-05-21 09:20:11,225 basehttp 9076 134996778014400 "POST /admin/OnlineShop/employee/add/ HTTP/1.1" 302 0
INFO 2026-05-21 09:20:11,283 basehttp 9076 134996778014400 "GET /admin/OnlineShop/employee/ HTTP/1.1" 200 13366
INFO 2026-05-21 09:20:11,283 basehttp 9076 134996778014400 "GET /admin/OnlineShop/employee/ HTTP/1.1" 200 13366
INFO 2026-05-21 09:20:11,426 basehttp 9076 134996778014400 "GET /admin/jsi18n/ HTTP/1.1" 200 3342
INFO 2026-05-21 09:20:11,426 basehttp 9076 134996778014400 "GET /admin/jsi18n/ HTTP/1.1" 200 3342
INFO 2026-05-21 09:20:15,254 basehttp 9076 134996778014400 "GET /vacancies HTTP/1.1" 301 0
INFO 2026-05-21 09:20:15,254 basehttp 9076 134996778014400 "GET /vacancies HTTP/1.1" 301 0
INFO 2026-05-21 09:20:15,283 basehttp 9076 134996794799808 "GET /vacancies/ HTTP/1.1" 200 16026
INFO 2026-05-21 09:20:15,283 basehttp 9076 134996794799808 "GET /vacancies/ HTTP/1.1" 200 16026
INFO 2026-05-21 09:20:18,261 basehttp 9076 134996794799808 "GET /contacts HTTP/1.1" 301 0
INFO 2026-05-21 09:20:18,261 basehttp 9076 134996794799808 "GET /contacts HTTP/1.1" 301 0
INFO 2026-05-21 09:20:18,291 basehttp 9076 134996794799808 "GET /contacts/ HTTP/1.1" 200 10189
INFO 2026-05-21 09:20:18,291 basehttp 9076 134996794799808 "GET /contacts/ HTTP/1.1" 200 10189
INFO 2026-05-21 09:20:18,370 basehttp 9076 134996794799808 "GET /media/images/images.jpeg HTTP/1.1" 200 8198
INFO 2026-05-21 09:20:18,370 basehttp 9076 134996794799808 "GET /media/images/images.jpeg HTTP/1.1" 200 8198
INFO 2026-05-21 09:20:52,152 basehttp 9076 134996794799808 "GET /admin/OnlineShop/employee/add/ HTTP/1.1" 200 15174
INFO 2026-05-21 09:20:52,152 basehttp 9076 134996794799808 "GET /admin/OnlineShop/employee/add/ HTTP/1.1" 200 15174
INFO 2026-05-21 09:20:52,218 basehttp 9076 134996794799808 "GET /admin/OnlineShop/employee/add/ HTTP/1.1" 200 15174
INFO 2026-05-21 09:20:52,218 basehttp 9076 134996794799808 "GET /admin/OnlineShop/employee/add/ HTTP/1.1" 200 15174
INFO 2026-05-21 09:20:52,322 basehttp 9076 134996769621696 "GET /admin/jsi18n/ HTTP/1.1" 200 3342
INFO 2026-05-21 09:20:52,322 basehttp 9076 134996769621696 "GET /admin/jsi18n/ HTTP/1.1" 200 3342
INFO 2026-05-21 09:21:33,338 basehttp 9076 134996794799808 "POST /admin/OnlineShop/employee/add/ HTTP/1.1" 200 15490
INFO 2026-05-21 09:21:33,338 basehttp 9076 134996794799808 "POST /admin/OnlineShop/employee/add/ HTTP/1.1" 200 15490
INFO 2026-05-21 09:21:33,439 basehttp 9076 134996769621696 "GET /admin/jsi18n/ HTTP/1.1" 200 3342
INFO 2026-05-21 09:21:33,439 basehttp 9076 134996769621696 "GET /admin/jsi18n/ HTTP/1.1" 200 3342
INFO 2026-05-21 09:23:43,032 basehttp 9076 134996769621696 "POST /admin/OnlineShop/employee/add/ HTTP/1.1" 302 0
INFO 2026-05-21 09:23:43,032 basehttp 9076 134996769621696 "POST /admin/OnlineShop/employee/add/ HTTP/1.1" 302 0
INFO 2026-05-21 09:23:43,060 basehttp 9076 134996769621696 "GET /admin/OnlineShop/employee/ HTTP/1.1" 200 13646
INFO 2026-05-21 09:23:43,060 basehttp 9076 134996769621696 "GET /admin/OnlineShop/employee/ HTTP/1.1" 200 13646
INFO 2026-05-21 09:23:43,184 basehttp 9076 134996769621696 "GET /admin/jsi18n/ HTTP/1.1" 200 3342
INFO 2026-05-21 09:23:43,184 basehttp 9076 134996769621696 "GET /admin/jsi18n/ HTTP/1.1" 200 3342
INFO 2026-05-21 09:23:45,973 basehttp 9076 134996769621696 "GET /contacts/ HTTP/1.1" 200 11163
INFO 2026-05-21 09:23:45,973 basehttp 9076 134996769621696 "GET /contacts/ HTTP/1.1" 200 11163
INFO 2026-05-21 09:23:46,069 basehttp 9076 134996794799808 "GET /media/images/images_78K63yu.jpeg HTTP/1.1" 200 11178
INFO 2026-05-21 09:23:46,069 basehttp 9076 134996794799808 "GET /media/images/images_78K63yu.jpeg HTTP/1.1" 200 11178
INFO 2026-05-21 09:23:46,076 basehttp 9076 134996769621696 "GET /media/images/images.jpeg HTTP/1.1" 304 0
INFO 2026-05-21 09:23:46,076 basehttp 9076 134996769621696 "GET /media/images/images.jpeg HTTP/1.1" 304 0
INFO 2026-05-21 09:24:27,915 basehttp 9076 134996769621696 "GET /admin/OnlineShop/employee/add/ HTTP/1.1" 200 15174
INFO 2026-05-21 09:24:27,915 basehttp 9076 134996769621696 "GET /admin/OnlineShop/employee/add/ HTTP/1.1" 200 15174
INFO 2026-05-21 09:24:28,006 basehttp 9076 134996794799808 "GET /admin/jsi18n/ HTTP/1.1" 200 3342
INFO 2026-05-21 09:24:28,006 basehttp 9076 134996794799808 "GET /admin/jsi18n/ HTTP/1.1" 200 3342
INFO 2026-05-21 09:26:02,955 basehttp 9076 134996769621696 "POST /admin/OnlineShop/employee/add/ HTTP/1.1" 302 0
INFO 2026-05-21 09:26:02,955 basehttp 9076 134996769621696 "POST /admin/OnlineShop/employee/add/ HTTP/1.1" 302 0
INFO 2026-05-21 09:26:02,995 basehttp 9076 134996769621696 "GET /admin/OnlineShop/employee/ HTTP/1.1" 200 13933
INFO 2026-05-21 09:26:02,995 basehttp 9076 134996769621696 "GET /admin/OnlineShop/employee/ HTTP/1.1" 200 13933
INFO 2026-05-21 09:26:03,161 basehttp 9076 134996794799808 "GET /admin/jsi18n/ HTTP/1.1" 200 3342
INFO 2026-05-21 09:26:03,161 basehttp 9076 134996794799808 "GET /admin/jsi18n/ HTTP/1.1" 200 3342
INFO 2026-05-21 09:26:05,753 basehttp 9076 134996769621696 "GET /contacts/ HTTP/1.1" 200 12192
INFO 2026-05-21 09:26:05,753 basehttp 9076 134996769621696 "GET /contacts/ HTTP/1.1" 200 12192
INFO 2026-05-21 09:26:05,801 basehttp 9076 134996794799808 "GET /media/images/bhqvnjgklwtxfs1i2sxbsuln78ffsj10.png HTTP/1.1" 200 60011
INFO 2026-05-21 09:26:05,801 basehttp 9076 134996794799808 "GET /media/images/bhqvnjgklwtxfs1i2sxbsuln78ffsj10.png HTTP/1.1" 200 60011
INFO 2026-05-21 09:26:05,810 basehttp 9076 134996794799808 "GET /media/images/images.jpeg HTTP/1.1" 304 0
INFO 2026-05-21 09:26:05,810 basehttp 9076 134996794799808 "GET /media/images/images.jpeg HTTP/1.1" 304 0
INFO 2026-05-21 09:26:05,818 basehttp 9076 134996769621696 "GET /media/images/images_78K63yu.jpeg HTTP/1.1" 304 0
INFO 2026-05-21 09:26:05,818 basehttp 9076 134996769621696 "GET /media/images/images_78K63yu.jpeg HTTP/1.1" 304 0
INFO 2026-05-21 09:26:32,248 basehttp 9076 134996794799808 "GET /admin/OnlineShop/employee/add/ HTTP/1.1" 200 15174
INFO 2026-05-21 09:26:32,248 basehttp 9076 134996794799808 "GET /admin/OnlineShop/employee/add/ HTTP/1.1" 200 15174
INFO 2026-05-21 09:26:32,345 basehttp 9076 134996794799808 "GET /admin/jsi18n/ HTTP/1.1" 200 3342
INFO 2026-05-21 09:26:32,345 basehttp 9076 134996794799808 "GET /admin/jsi18n/ HTTP/1.1" 200 3342
INFO 2026-05-21 09:27:55,959 basehttp 9076 134996794799808 "POST /admin/OnlineShop/employee/add/ HTTP/1.1" 302 0
INFO 2026-05-21 09:27:55,959 basehttp 9076 134996794799808 "POST /admin/OnlineShop/employee/add/ HTTP/1.1" 302 0
INFO 2026-05-21 09:27:55,984 basehttp 9076 134996794799808 "GET /admin/OnlineShop/employee/ HTTP/1.1" 200 14230
INFO 2026-05-21 09:27:55,984 basehttp 9076 134996794799808 "GET /admin/OnlineShop/employee/ HTTP/1.1" 200 14230
INFO 2026-05-21 09:27:56,129 basehttp 9076 134996794799808 "GET /admin/jsi18n/ HTTP/1.1" 200 3342
INFO 2026-05-21 09:27:56,129 basehttp 9076 134996794799808 "GET /admin/jsi18n/ HTTP/1.1" 200 3342
INFO 2026-05-21 09:27:59,048 basehttp 9076 134996794799808 "GET /contacts/ HTTP/1.1" 200 13222
INFO 2026-05-21 09:27:59,048 basehttp 9076 134996794799808 "GET /contacts/ HTTP/1.1" 200 13222
INFO 2026-05-21 09:27:59,098 basehttp 9076 134996794799808 "GET /media/images/images_9RErow8.jpeg HTTP/1.1" 200 10144
INFO 2026-05-21 09:27:59,098 basehttp 9076 134996794799808 "GET /media/images/images_9RErow8.jpeg HTTP/1.1" 200 10144
INFO 2026-05-21 09:27:59,133 basehttp 9076 134996769621696 "GET /media/images/images_78K63yu.jpeg HTTP/1.1" 304 0
INFO 2026-05-21 09:27:59,133 basehttp 9076 134996769621696 "GET /media/images/images_78K63yu.jpeg HTTP/1.1" 304 0
INFO 2026-05-21 09:27:59,139 basehttp 9076 134996794799808 "GET /media/images/images.jpeg HTTP/1.1" 304 0
INFO 2026-05-21 09:27:59,142 basehttp 9076 134996761228992 "GET /media/images/bhqvnjgklwtxfs1i2sxbsuln78ffsj10.png HTTP/1.1" 304 0
INFO 2026-05-21 09:27:59,139 basehttp 9076 134996794799808 "GET /media/images/images.jpeg HTTP/1.1" 304 0
INFO 2026-05-21 09:27:59,142 basehttp 9076 134996761228992 "GET /media/images/bhqvnjgklwtxfs1i2sxbsuln78ffsj10.png HTTP/1.1" 304 0
INFO 2026-05-21 09:28:14,256 basehttp 9076 134996794799808 "GET /admin/OnlineShop/employee/add/ HTTP/1.1" 200 15174
INFO 2026-05-21 09:28:14,256 basehttp 9076 134996794799808 "GET /admin/OnlineShop/employee/add/ HTTP/1.1" 200 15174
INFO 2026-05-21 09:28:14,361 basehttp 9076 134996794799808 "GET /admin/jsi18n/ HTTP/1.1" 200 3342
INFO 2026-05-21 09:28:14,361 basehttp 9076 134996794799808 "GET /admin/jsi18n/ HTTP/1.1" 200 3342
INFO 2026-05-21 09:29:35,632 basehttp 9076 134996794799808 "POST /admin/OnlineShop/employee/add/ HTTP/1.1" 302 0
INFO 2026-05-21 09:29:35,632 basehttp 9076 134996794799808 "POST /admin/OnlineShop/employee/add/ HTTP/1.1" 302 0
INFO 2026-05-21 09:29:35,666 basehttp 9076 134996794799808 "GET /admin/OnlineShop/employee/ HTTP/1.1" 200 14523
INFO 2026-05-21 09:29:35,666 basehttp 9076 134996794799808 "GET /admin/OnlineShop/employee/ HTTP/1.1" 200 14523
INFO 2026-05-21 09:29:35,782 basehttp 9076 134996794799808 "GET /admin/jsi18n/ HTTP/1.1" 200 3342
INFO 2026-05-21 09:29:35,782 basehttp 9076 134996794799808 "GET /admin/jsi18n/ HTTP/1.1" 200 3342
INFO 2026-05-21 09:29:38,620 basehttp 9076 134996794799808 "GET /contacts/ HTTP/1.1" 200 14275
INFO 2026-05-21 09:29:38,620 basehttp 9076 134996794799808 "GET /contacts/ HTTP/1.1" 200 14275
INFO 2026-05-21 09:29:38,675 basehttp 9076 134996794799808 "GET /media/images/images_5muloCf.jpeg HTTP/1.1" 200 3924
INFO 2026-05-21 09:29:38,675 basehttp 9076 134996794799808 "GET /media/images/images_5muloCf.jpeg HTTP/1.1" 200 3924
INFO 2026-05-21 09:29:38,682 basehttp 9076 134996769621696 "GET /media/images/images_78K63yu.jpeg HTTP/1.1" 304 0
INFO 2026-05-21 09:29:38,682 basehttp 9076 134996769621696 "GET /media/images/images_78K63yu.jpeg HTTP/1.1" 304 0
INFO 2026-05-21 09:29:38,688 basehttp 9076 134996794799808 "GET /media/images/bhqvnjgklwtxfs1i2sxbsuln78ffsj10.png HTTP/1.1" 304 0
INFO 2026-05-21 09:29:38,689 basehttp 9076 134996761228992 "GET /media/images/images.jpeg HTTP/1.1" 304 0
INFO 2026-05-21 09:29:38,689 basehttp 9076 134996761228992 "GET /media/images/images.jpeg HTTP/1.1" 304 0
INFO 2026-05-21 09:29:38,688 basehttp 9076 134996794799808 "GET /media/images/bhqvnjgklwtxfs1i2sxbsuln78ffsj10.png HTTP/1.1" 304 0
INFO 2026-05-21 09:29:38,695 basehttp 9076 134996786407104 "GET /media/images/images_9RErow8.jpeg HTTP/1.1" 304 0
INFO 2026-05-21 09:29:38,695 basehttp 9076 134996786407104 "GET /media/images/images_9RErow8.jpeg HTTP/1.1" 304 0
INFO 2026-05-21 09:58:53,853 basehttp 9076 134996769621696 "GET /admin/OnlineShop/employee/add/ HTTP/1.1" 200 15174
INFO 2026-05-21 09:58:53,853 basehttp 9076 134996769621696 "GET /admin/OnlineShop/employee/add/ HTTP/1.1" 200 15174
INFO 2026-05-21 09:58:53,949 basehttp 9076 134996769621696 "GET /admin/jsi18n/ HTTP/1.1" 200 3342
INFO 2026-05-21 09:58:53,949 basehttp 9076 134996769621696 "GET /admin/jsi18n/ HTTP/1.1" 200 3342
INFO 2026-05-21 10:00:05,062 basehttp 9076 134996769621696 "POST /admin/OnlineShop/employee/add/ HTTP/1.1" 302 0
INFO 2026-05-21 10:00:05,062 basehttp 9076 134996769621696 "POST /admin/OnlineShop/employee/add/ HTTP/1.1" 302 0
INFO 2026-05-21 10:00:05,090 basehttp 9076 134996769621696 "GET /admin/OnlineShop/employee/ HTTP/1.1" 200 14810
INFO 2026-05-21 10:00:05,090 basehttp 9076 134996769621696 "GET /admin/OnlineShop/employee/ HTTP/1.1" 200 14810
INFO 2026-05-21 10:00:05,208 basehttp 9076 134996769621696 "GET /admin/jsi18n/ HTTP/1.1" 200 3342
INFO 2026-05-21 10:00:05,208 basehttp 9076 134996769621696 "GET /admin/jsi18n/ HTTP/1.1" 200 3342
INFO 2026-05-21 10:00:07,933 basehttp 9076 134996769621696 "GET /contacts/ HTTP/1.1" 200 15313
INFO 2026-05-21 10:00:07,933 basehttp 9076 134996769621696 "GET /contacts/ HTTP/1.1" 200 15313
INFO 2026-05-21 10:00:08,008 basehttp 9076 134996761228992 "GET /media/images/images_IwwhVXU.jpeg HTTP/1.1" 200 14053
INFO 2026-05-21 10:00:08,008 basehttp 9076 134996761228992 "GET /media/images/images_IwwhVXU.jpeg HTTP/1.1" 200 14053
INFO 2026-05-21 10:00:08,022 basehttp 9076 134996761228992 "GET /media/images/images.jpeg HTTP/1.1" 304 0
INFO 2026-05-21 10:00:08,025 basehttp 9076 134996769621696 "GET /media/images/images_78K63yu.jpeg HTTP/1.1" 304 0
INFO 2026-05-21 10:00:08,026 basehttp 9076 134996794799808 "GET /media/images/bhqvnjgklwtxfs1i2sxbsuln78ffsj10.png HTTP/1.1" 304 0
INFO 2026-05-21 10:00:08,025 basehttp 9076 134996769621696 "GET /media/images/images_78K63yu.jpeg HTTP/1.1" 304 0
INFO 2026-05-21 10:00:08,022 basehttp 9076 134996761228992 "GET /media/images/images.jpeg HTTP/1.1" 304 0
INFO 2026-05-21 10:00:08,043 basehttp 9076 134996786407104 "GET /media/images/images_9RErow8.jpeg HTTP/1.1" 304 0
INFO 2026-05-21 10:00:08,043 basehttp 9076 134996786407104 "GET /media/images/images_9RErow8.jpeg HTTP/1.1" 304 0
INFO 2026-05-21 10:00:08,026 basehttp 9076 134996794799808 "GET /media/images/bhqvnjgklwtxfs1i2sxbsuln78ffsj10.png HTTP/1.1" 304 0
INFO 2026-05-21 10:00:08,038 basehttp 9076 134996778014400 "GET /media/images/images_5muloCf.jpeg HTTP/1.1" 304 0
INFO 2026-05-21 10:00:08,038 basehttp 9076 134996778014400 "GET /media/images/images_5muloCf.jpeg HTTP/1.1" 304 0
INFO 2026-05-21 10:00:36,439 basehttp 9076 134996769621696 "GET /products HTTP/1.1" 301 0
INFO 2026-05-21 10:00:36,439 basehttp 9076 134996769621696 "GET /products HTTP/1.1" 301 0
INFO 2026-05-21 10:00:36,483 basehttp 9076 134996761228992 "GET /products/ HTTP/1.1" 200 28073
INFO 2026-05-21 10:00:36,483 basehttp 9076 134996761228992 "GET /products/ HTTP/1.1" 200 28073
INFO 2026-05-21 10:00:40,282 basehttp 9076 134996761228992 "GET /admin/OnlineShop/customer/ HTTP/1.1" 200 13734
INFO 2026-05-21 10:00:40,282 basehttp 9076 134996761228992 "GET /admin/OnlineShop/customer/ HTTP/1.1" 200 13734
INFO 2026-05-21 10:00:40,401 basehttp 9076 134996761228992 "GET /admin/jsi18n/ HTTP/1.1" 200 3342
INFO 2026-05-21 10:00:40,401 basehttp 9076 134996761228992 "GET /admin/jsi18n/ HTTP/1.1" 200 3342
INFO 2026-05-21 10:00:47,749 basehttp 9076 134996761228992 "GET /admin/OnlineShop/customer/6/change/ HTTP/1.1" 200 14906
INFO 2026-05-21 10:00:47,749 basehttp 9076 134996761228992 "GET /admin/OnlineShop/customer/6/change/ HTTP/1.1" 200 14906
INFO 2026-05-21 10:00:47,818 basehttp 9076 134996761228992 "GET /admin/jsi18n/ HTTP/1.1" 200 3342
INFO 2026-05-21 10:00:47,818 basehttp 9076 134996761228992 "GET /admin/jsi18n/ HTTP/1.1" 200 3342
INFO 2026-05-21 10:01:17,245 basehttp 9076 134996761228992 "GET /admin/OnlineShop/customer/6/delete/ HTTP/1.1" 200 11856
INFO 2026-05-21 10:01:17,245 basehttp 9076 134996761228992 "GET /admin/OnlineShop/customer/6/delete/ HTTP/1.1" 200 11856
INFO 2026-05-21 10:01:19,977 basehttp 9076 134996761228992 "POST /admin/OnlineShop/customer/6/delete/ HTTP/1.1" 302 0
INFO 2026-05-21 10:01:19,977 basehttp 9076 134996761228992 "POST /admin/OnlineShop/customer/6/delete/ HTTP/1.1" 302 0
INFO 2026-05-21 10:01:20,014 basehttp 9076 134996761228992 "GET /admin/OnlineShop/customer/ HTTP/1.1" 200 13601
INFO 2026-05-21 10:01:20,014 basehttp 9076 134996761228992 "GET /admin/OnlineShop/customer/ HTTP/1.1" 200 13601
INFO 2026-05-21 10:01:20,140 basehttp 9076 134996761228992 "GET /admin/jsi18n/ HTTP/1.1" 200 3342
INFO 2026-05-21 10:01:20,140 basehttp 9076 134996761228992 "GET /admin/jsi18n/ HTTP/1.1" 200 3342
INFO 2026-05-21 10:01:24,918 basehttp 9076 134996761228992 "GET /admin/OnlineShop/customer/4/change/ HTTP/1.1" 200 14865
INFO 2026-05-21 10:01:24,918 basehttp 9076 134996761228992 "GET /admin/OnlineShop/customer/4/change/ HTTP/1.1" 200 14865
INFO 2026-05-21 10:01:24,987 basehttp 9076 134996761228992 "GET /admin/jsi18n/ HTTP/1.1" 200 3342
INFO 2026-05-21 10:01:24,987 basehttp 9076 134996761228992 "GET /admin/jsi18n/ HTTP/1.1" 200 3342
INFO 2026-05-21 10:01:26,950 basehttp 9076 134996761228992 "GET /admin/OnlineShop/customer/4/delete/ HTTP/1.1" 200 11826
INFO 2026-05-21 10:01:26,950 basehttp 9076 134996761228992 "GET /admin/OnlineShop/customer/4/delete/ HTTP/1.1" 200 11826
INFO 2026-05-21 10:01:28,666 basehttp 9076 134996761228992 "POST /admin/OnlineShop/customer/4/delete/ HTTP/1.1" 302 0
INFO 2026-05-21 10:01:28,666 basehttp 9076 134996761228992 "POST /admin/OnlineShop/customer/4/delete/ HTTP/1.1" 302 0
INFO 2026-05-21 10:01:28,696 basehttp 9076 134996761228992 "GET /admin/OnlineShop/customer/ HTTP/1.1" 200 13297
INFO 2026-05-21 10:01:28,696 basehttp 9076 134996761228992 "GET /admin/OnlineShop/customer/ HTTP/1.1" 200 13297
INFO 2026-05-21 10:01:28,806 basehttp 9076 134996761228992 "GET /admin/jsi18n/ HTTP/1.1" 200 3342
INFO 2026-05-21 10:01:28,806 basehttp 9076 134996761228992 "GET /admin/jsi18n/ HTTP/1.1" 200 3342
INFO 2026-05-21 10:01:30,043 basehttp 9076 134996761228992 "GET /admin/OnlineShop/customer/7/change/ HTTP/1.1" 200 14802
INFO 2026-05-21 10:01:30,043 basehttp 9076 134996761228992 "GET /admin/OnlineShop/customer/7/change/ HTTP/1.1" 200 14802
INFO 2026-05-21 10:01:30,128 basehttp 9076 134996761228992 "GET /admin/jsi18n/ HTTP/1.1" 200 3342
INFO 2026-05-21 10:01:30,128 basehttp 9076 134996761228992 "GET /admin/jsi18n/ HTTP/1.1" 200 3342
INFO 2026-05-21 10:01:31,712 basehttp 9076 134996761228992 "GET /admin/OnlineShop/customer/7/delete/ HTTP/1.1" 200 11778
INFO 2026-05-21 10:01:31,712 basehttp 9076 134996761228992 "GET /admin/OnlineShop/customer/7/delete/ HTTP/1.1" 200 11778
INFO 2026-05-21 10:01:33,337 basehttp 9076 134996761228992 "POST /admin/OnlineShop/customer/7/delete/ HTTP/1.1" 302 0
INFO 2026-05-21 10:01:33,337 basehttp 9076 134996761228992 "POST /admin/OnlineShop/customer/7/delete/ HTTP/1.1" 302 0
INFO 2026-05-21 10:01:33,379 basehttp 9076 134996761228992 "GET /admin/OnlineShop/customer/ HTTP/1.1" 200 12002
INFO 2026-05-21 10:01:33,379 basehttp 9076 134996761228992 "GET /admin/OnlineShop/customer/ HTTP/1.1" 200 12002
INFO 2026-05-21 10:01:33,497 basehttp 9076 134996761228992 "GET /admin/jsi18n/ HTTP/1.1" 200 3342
INFO 2026-05-21 10:01:33,497 basehttp 9076 134996761228992 "GET /admin/jsi18n/ HTTP/1.1" 200 3342
INFO 2026-05-21 10:01:35,410 basehttp 9076 134996761228992 "GET /admin/OnlineShop/customer/add/ HTTP/1.1" 200 14534
INFO 2026-05-21 10:01:35,410 basehttp 9076 134996761228992 "GET /admin/OnlineShop/customer/add/ HTTP/1.1" 200 14534
INFO 2026-05-21 10:01:35,470 basehttp 9076 134996761228992 "GET /admin/jsi18n/ HTTP/1.1" 200 3342
INFO 2026-05-21 10:01:35,470 basehttp 9076 134996761228992 "GET /admin/jsi18n/ HTTP/1.1" 200 3342
INFO 2026-05-21 10:02:13,676 basehttp 9076 134996761228992 "POST /admin/OnlineShop/customer/add/ HTTP/1.1" 302 0
INFO 2026-05-21 10:02:13,676 basehttp 9076 134996761228992 "POST /admin/OnlineShop/customer/add/ HTTP/1.1" 302 0
INFO 2026-05-21 10:02:13,699 basehttp 9076 134996761228992 "GET /admin/OnlineShop/customer/ HTTP/1.1" 200 13363
INFO 2026-05-21 10:02:13,699 basehttp 9076 134996761228992 "GET /admin/OnlineShop/customer/ HTTP/1.1" 200 13363
INFO 2026-05-21 10:02:13,812 basehttp 9076 134996761228992 "GET /admin/jsi18n/ HTTP/1.1" 200 3342
INFO 2026-05-21 10:02:13,812 basehttp 9076 134996761228992 "GET /admin/jsi18n/ HTTP/1.1" 200 3342
INFO 2026-05-21 10:02:16,193 basehttp 9076 134996761228992 "GET /admin/OnlineShop/customer/add/ HTTP/1.1" 200 14534
INFO 2026-05-21 10:02:16,193 basehttp 9076 134996761228992 "GET /admin/OnlineShop/customer/add/ HTTP/1.1" 200 14534
INFO 2026-05-21 10:02:16,262 basehttp 9076 134996761228992 "GET /admin/jsi18n/ HTTP/1.1" 200 3342
INFO 2026-05-21 10:02:16,262 basehttp 9076 134996761228992 "GET /admin/jsi18n/ HTTP/1.1" 200 3342
INFO 2026-05-21 10:02:24,402 basehttp 9076 134996761228992 "GET /admin/auth/user/ HTTP/1.1" 200 17567
INFO 2026-05-21 10:02:24,402 basehttp 9076 134996761228992 "GET /admin/auth/user/ HTTP/1.1" 200 17567
INFO 2026-05-21 10:02:24,538 basehttp 9076 134996761228992 "GET /admin/jsi18n/ HTTP/1.1" 200 3342
INFO 2026-05-21 10:02:24,538 basehttp 9076 134996761228992 "GET /admin/jsi18n/ HTTP/1.1" 200 3342
INFO 2026-05-21 10:02:38,541 basehttp 9076 134996761228992 "GET /admin/OnlineShop/article/ HTTP/1.1" 200 15873
INFO 2026-05-21 10:02:38,541 basehttp 9076 134996761228992 "GET /admin/OnlineShop/article/ HTTP/1.1" 200 15873
INFO 2026-05-21 10:02:38,619 basehttp 9076 134996761228992 "GET /admin/jsi18n/ HTTP/1.1" 200 3342
INFO 2026-05-21 10:02:38,619 basehttp 9076 134996761228992 "GET /admin/jsi18n/ HTTP/1.1" 200 3342
INFO 2026-05-21 10:02:42,224 basehttp 9076 134996761228992 "GET /admin/OnlineShop/category/ HTTP/1.1" 200 14380
INFO 2026-05-21 10:02:42,224 basehttp 9076 134996761228992 "GET /admin/OnlineShop/category/ HTTP/1.1" 200 14380
INFO 2026-05-21 10:02:42,315 basehttp 9076 134996761228992 "GET /admin/jsi18n/ HTTP/1.1" 200 3342
INFO 2026-05-21 10:02:42,315 basehttp 9076 134996761228992 "GET /admin/jsi18n/ HTTP/1.1" 200 3342
INFO 2026-05-21 10:02:51,310 basehttp 9076 134996761228992 "GET /admin/OnlineShop/customer/ HTTP/1.1" 200 13149
INFO 2026-05-21 10:02:51,310 basehttp 9076 134996761228992 "GET /admin/OnlineShop/customer/ HTTP/1.1" 200 13149
INFO 2026-05-21 10:02:51,395 basehttp 9076 134996761228992 "GET /admin/jsi18n/ HTTP/1.1" 200 3342
INFO 2026-05-21 10:02:51,395 basehttp 9076 134996761228992 "GET /admin/jsi18n/ HTTP/1.1" 200 3342
INFO 2026-05-21 10:02:56,809 basehttp 9076 134996761228992 "GET /admin/OnlineShop/category/ HTTP/1.1" 200 14380
INFO 2026-05-21 10:02:56,809 basehttp 9076 134996761228992 "GET /admin/OnlineShop/category/ HTTP/1.1" 200 14380
INFO 2026-05-21 10:02:56,905 basehttp 9076 134996761228992 "GET /admin/jsi18n/ HTTP/1.1" 200 3342
INFO 2026-05-21 10:02:56,905 basehttp 9076 134996761228992 "GET /admin/jsi18n/ HTTP/1.1" 200 3342
INFO 2026-05-21 10:02:57,714 basehttp 9076 134996761228992 "GET /admin/OnlineShop/article/ HTTP/1.1" 200 15873
INFO 2026-05-21 10:02:57,714 basehttp 9076 134996761228992 "GET /admin/OnlineShop/article/ HTTP/1.1" 200 15873
INFO 2026-05-21 10:02:57,798 basehttp 9076 134996761228992 "GET /admin/jsi18n/ HTTP/1.1" 200 3342
INFO 2026-05-21 10:02:57,798 basehttp 9076 134996761228992 "GET /admin/jsi18n/ HTTP/1.1" 200 3342
INFO 2026-05-21 10:02:58,978 basehttp 9076 134996761228992 "GET /admin/OnlineShop/article/11/change/ HTTP/1.1" 200 16463
INFO 2026-05-21 10:02:58,978 basehttp 9076 134996761228992 "GET /admin/OnlineShop/article/11/change/ HTTP/1.1" 200 16463
INFO 2026-05-21 10:02:59,073 basehttp 9076 134996761228992 "GET /admin/jsi18n/ HTTP/1.1" 200 3342
INFO 2026-05-21 10:02:59,073 basehttp 9076 134996761228992 "GET /admin/jsi18n/ HTTP/1.1" 200 3342
INFO 2026-05-21 10:03:04,508 basehttp 9076 134996761228992 "GET /admin/OnlineShop/article/11/history/ HTTP/1.1" 200 11126
INFO 2026-05-21 10:03:04,508 basehttp 9076 134996761228992 "GET /admin/OnlineShop/article/11/history/ HTTP/1.1" 200 11126
INFO 2026-05-21 10:03:06,114 basehttp 9076 134996761228992 "GET /admin/OnlineShop/article/11/change/ HTTP/1.1" 200 16463
INFO 2026-05-21 10:03:06,114 basehttp 9076 134996761228992 "GET /admin/OnlineShop/article/11/change/ HTTP/1.1" 200 16463
INFO 2026-05-21 10:03:07,117 basehttp 9076 134996761228992 "GET /admin/OnlineShop/article/ HTTP/1.1" 200 15873
INFO 2026-05-21 10:03:07,117 basehttp 9076 134996761228992 "GET /admin/OnlineShop/article/ HTTP/1.1" 200 15873
INFO 2026-05-21 10:03:10,205 basehttp 9076 134996761228992 "GET /admin/OnlineShop/article/2/change/ HTTP/1.1" 200 16724
INFO 2026-05-21 10:03:10,205 basehttp 9076 134996761228992 "GET /admin/OnlineShop/article/2/change/ HTTP/1.1" 200 16724
INFO 2026-05-21 10:03:10,313 basehttp 9076 134996761228992 "GET /admin/jsi18n/ HTTP/1.1" 200 3342
INFO 2026-05-21 10:03:10,313 basehttp 9076 134996761228992 "GET /admin/jsi18n/ HTTP/1.1" 200 3342
INFO 2026-05-21 10:03:13,549 basehttp 9076 134996761228992 "GET /admin/OnlineShop/article/2/delete/ HTTP/1.1" 200 11944
INFO 2026-05-21 10:03:13,549 basehttp 9076 134996761228992 "GET /admin/OnlineShop/article/2/delete/ HTTP/1.1" 200 11944
INFO 2026-05-21 10:03:15,095 basehttp 9076 134996761228992 "POST /admin/OnlineShop/article/2/delete/ HTTP/1.1" 302 0
INFO 2026-05-21 10:03:15,095 basehttp 9076 134996761228992 "POST /admin/OnlineShop/article/2/delete/ HTTP/1.1" 302 0
INFO 2026-05-21 10:03:15,125 basehttp 9076 134996761228992 "GET /admin/OnlineShop/article/ HTTP/1.1" 200 15705
INFO 2026-05-21 10:03:15,125 basehttp 9076 134996761228992 "GET /admin/OnlineShop/article/ HTTP/1.1" 200 15705
INFO 2026-05-21 10:03:15,229 basehttp 9076 134996761228992 "GET /admin/jsi18n/ HTTP/1.1" 200 3342
INFO 2026-05-21 10:03:15,229 basehttp 9076 134996761228992 "GET /admin/jsi18n/ HTTP/1.1" 200 3342
INFO 2026-05-21 10:03:16,639 basehttp 9076 134996761228992 "GET /admin/OnlineShop/article/3/change/ HTTP/1.1" 200 16493
INFO 2026-05-21 10:03:16,639 basehttp 9076 134996761228992 "GET /admin/OnlineShop/article/3/change/ HTTP/1.1" 200 16493
INFO 2026-05-21 10:03:16,758 basehttp 9076 134996761228992 "GET /admin/jsi18n/ HTTP/1.1" 200 3342
INFO 2026-05-21 10:03:16,758 basehttp 9076 134996761228992 "GET /admin/jsi18n/ HTTP/1.1" 200 3342
INFO 2026-05-21 10:03:17,888 basehttp 9076 134996761228992 "GET /admin/OnlineShop/article/3/delete/ HTTP/1.1" 200 11821
INFO 2026-05-21 10:03:17,888 basehttp 9076 134996761228992 "GET /admin/OnlineShop/article/3/delete/ HTTP/1.1" 200 11821
INFO 2026-05-21 10:03:19,037 basehttp 9076 134996761228992 "POST /admin/OnlineShop/article/3/delete/ HTTP/1.1" 302 0
INFO 2026-05-21 10:03:19,037 basehttp 9076 134996761228992 "POST /admin/OnlineShop/article/3/delete/ HTTP/1.1" 302 0
INFO 2026-05-21 10:03:19,063 basehttp 9076 134996761228992 "GET /admin/OnlineShop/article/ HTTP/1.1" 200 15370
INFO 2026-05-21 10:03:19,063 basehttp 9076 134996761228992 "GET /admin/OnlineShop/article/ HTTP/1.1" 200 15370
INFO 2026-05-21 10:03:19,251 basehttp 9076 134996761228992 "GET /admin/jsi18n/ HTTP/1.1" 200 3342
INFO 2026-05-21 10:03:19,251 basehttp 9076 134996761228992 "GET /admin/jsi18n/ HTTP/1.1" 200 3342
INFO 2026-05-21 10:03:21,221 basehttp 9076 134996761228992 "GET /admin/OnlineShop/article/4/change/ HTTP/1.1" 200 16473
INFO 2026-05-21 10:03:21,221 basehttp 9076 134996761228992 "GET /admin/OnlineShop/article/4/change/ HTTP/1.1" 200 16473
INFO 2026-05-21 10:03:21,295 basehttp 9076 134996761228992 "GET /admin/jsi18n/ HTTP/1.1" 200 3342
INFO 2026-05-21 10:03:21,295 basehttp 9076 134996761228992 "GET /admin/jsi18n/ HTTP/1.1" 200 3342
INFO 2026-05-21 10:03:24,898 basehttp 9076 134996761228992 "GET /admin/OnlineShop/article/4/delete/ HTTP/1.1" 200 11821
INFO 2026-05-21 10:03:24,898 basehttp 9076 134996761228992 "GET /admin/OnlineShop/article/4/delete/ HTTP/1.1" 200 11821
INFO 2026-05-21 10:03:26,726 basehttp 9076 134996761228992 "POST /admin/OnlineShop/article/4/delete/ HTTP/1.1" 302 0
INFO 2026-05-21 10:03:26,726 basehttp 9076 134996761228992 "POST /admin/OnlineShop/article/4/delete/ HTTP/1.1" 302 0
INFO 2026-05-21 10:03:26,758 basehttp 9076 134996761228992 "GET /admin/OnlineShop/article/ HTTP/1.1" 200 15076
INFO 2026-05-21 10:03:26,758 basehttp 9076 134996761228992 "GET /admin/OnlineShop/article/ HTTP/1.1" 200 15076
INFO 2026-05-21 10:03:26,898 basehttp 9076 134996761228992 "GET /admin/jsi18n/ HTTP/1.1" 200 3342
INFO 2026-05-21 10:03:26,898 basehttp 9076 134996761228992 "GET /admin/jsi18n/ HTTP/1.1" 200 3342
INFO 2026-05-21 10:03:28,117 basehttp 9076 134996761228992 "GET /admin/OnlineShop/article/11/change/ HTTP/1.1" 200 16463
INFO 2026-05-21 10:03:28,117 basehttp 9076 134996761228992 "GET /admin/OnlineShop/article/11/change/ HTTP/1.1" 200 16463
INFO 2026-05-21 10:03:28,232 basehttp 9076 134996761228992 "GET /admin/jsi18n/ HTTP/1.1" 200 3342
INFO 2026-05-21 10:03:28,232 basehttp 9076 134996761228992 "GET /admin/jsi18n/ HTTP/1.1" 200 3342
INFO 2026-05-21 10:03:29,181 basehttp 9076 134996761228992 "GET /admin/OnlineShop/article/11/delete/ HTTP/1.1" 200 11823
INFO 2026-05-21 10:03:29,181 basehttp 9076 134996761228992 "GET /admin/OnlineShop/article/11/delete/ HTTP/1.1" 200 11823
INFO 2026-05-21 10:03:30,322 basehttp 9076 134996761228992 "POST /admin/OnlineShop/article/11/delete/ HTTP/1.1" 302 0
INFO 2026-05-21 10:03:30,322 basehttp 9076 134996761228992 "POST /admin/OnlineShop/article/11/delete/ HTTP/1.1" 302 0
INFO 2026-05-21 10:03:30,357 basehttp 9076 134996761228992 "GET /admin/OnlineShop/article/ HTTP/1.1" 200 14780
INFO 2026-05-21 10:03:30,357 basehttp 9076 134996761228992 "GET /admin/OnlineShop/article/ HTTP/1.1" 200 14780
INFO 2026-05-21 10:03:30,490 basehttp 9076 134996761228992 "GET /admin/jsi18n/ HTTP/1.1" 200 3342
INFO 2026-05-21 10:03:30,490 basehttp 9076 134996761228992 "GET /admin/jsi18n/ HTTP/1.1" 200 3342
INFO 2026-05-21 10:03:31,727 basehttp 9076 134996761228992 "GET /admin/OnlineShop/article/10/change/ HTTP/1.1" 200 16477
INFO 2026-05-21 10:03:31,727 basehttp 9076 134996761228992 "GET /admin/OnlineShop/article/10/change/ HTTP/1.1" 200 16477
INFO 2026-05-21 10:03:31,819 basehttp 9076 134996761228992 "GET /admin/jsi18n/ HTTP/1.1" 200 3342
INFO 2026-05-21 10:03:31,819 basehttp 9076 134996761228992 "GET /admin/jsi18n/ HTTP/1.1" 200 3342
INFO 2026-05-21 10:03:32,672 basehttp 9076 134996761228992 "GET /admin/OnlineShop/article/10/delete/ HTTP/1.1" 200 11823
INFO 2026-05-21 10:03:32,672 basehttp 9076 134996761228992 "GET /admin/OnlineShop/article/10/delete/ HTTP/1.1" 200 11823
INFO 2026-05-21 10:03:33,776 basehttp 9076 134996761228992 "POST /admin/OnlineShop/article/10/delete/ HTTP/1.1" 302 0
INFO 2026-05-21 10:03:33,776 basehttp 9076 134996761228992 "POST /admin/OnlineShop/article/10/delete/ HTTP/1.1" 302 0
INFO 2026-05-21 10:03:33,814 basehttp 9076 134996761228992 "GET /admin/OnlineShop/article/ HTTP/1.1" 200 14484
INFO 2026-05-21 10:03:33,814 basehttp 9076 134996761228992 "GET /admin/OnlineShop/article/ HTTP/1.1" 200 14484
INFO 2026-05-21 10:03:33,973 basehttp 9076 134996761228992 "GET /admin/jsi18n/ HTTP/1.1" 200 3342
INFO 2026-05-21 10:03:33,973 basehttp 9076 134996761228992 "GET /admin/jsi18n/ HTTP/1.1" 200 3342
INFO 2026-05-21 10:03:35,094 basehttp 9076 134996761228992 "GET /admin/OnlineShop/article/9/change/ HTTP/1.1" 200 16480
INFO 2026-05-21 10:03:35,094 basehttp 9076 134996761228992 "GET /admin/OnlineShop/article/9/change/ HTTP/1.1" 200 16480
INFO 2026-05-21 10:03:35,179 basehttp 9076 134996761228992 "GET /admin/jsi18n/ HTTP/1.1" 200 3342
INFO 2026-05-21 10:03:35,179 basehttp 9076 134996761228992 "GET /admin/jsi18n/ HTTP/1.1" 200 3342
INFO 2026-05-21 10:03:36,375 basehttp 9076 134996761228992 "GET /admin/OnlineShop/article/9/delete/ HTTP/1.1" 200 11830
INFO 2026-05-21 10:03:36,375 basehttp 9076 134996761228992 "GET /admin/OnlineShop/article/9/delete/ HTTP/1.1" 200 11830
INFO 2026-05-21 10:03:37,364 basehttp 9076 134996761228992 "POST /admin/OnlineShop/article/9/delete/ HTTP/1.1" 302 0
INFO 2026-05-21 10:03:37,364 basehttp 9076 134996761228992 "POST /admin/OnlineShop/article/9/delete/ HTTP/1.1" 302 0
INFO 2026-05-21 10:03:37,398 basehttp 9076 134996761228992 "GET /admin/OnlineShop/article/ HTTP/1.1" 200 14187
INFO 2026-05-21 10:03:37,398 basehttp 9076 134996761228992 "GET /admin/OnlineShop/article/ HTTP/1.1" 200 14187
INFO 2026-05-21 10:03:37,513 basehttp 9076 134996761228992 "GET /admin/jsi18n/ HTTP/1.1" 200 3342
INFO 2026-05-21 10:03:37,513 basehttp 9076 134996761228992 "GET /admin/jsi18n/ HTTP/1.1" 200 3342
INFO 2026-05-21 10:03:38,376 basehttp 9076 134996761228992 "GET /admin/OnlineShop/article/8/change/ HTTP/1.1" 200 16475
INFO 2026-05-21 10:03:38,376 basehttp 9076 134996761228992 "GET /admin/OnlineShop/article/8/change/ HTTP/1.1" 200 16475
INFO 2026-05-21 10:03:38,469 basehttp 9076 134996761228992 "GET /admin/jsi18n/ HTTP/1.1" 200 3342
INFO 2026-05-21 10:03:38,469 basehttp 9076 134996761228992 "GET /admin/jsi18n/ HTTP/1.1" 200 3342
INFO 2026-05-21 10:03:39,734 basehttp 9076 134996761228992 "GET /admin/OnlineShop/article/8/delete/ HTTP/1.1" 200 11821
INFO 2026-05-21 10:03:39,734 basehttp 9076 134996761228992 "GET /admin/OnlineShop/article/8/delete/ HTTP/1.1" 200 11821
INFO 2026-05-21 10:03:40,831 basehttp 9076 134996761228992 "POST /admin/OnlineShop/article/8/delete/ HTTP/1.1" 302 0
INFO 2026-05-21 10:03:40,831 basehttp 9076 134996761228992 "POST /admin/OnlineShop/article/8/delete/ HTTP/1.1" 302 0
INFO 2026-05-21 10:03:40,865 basehttp 9076 134996761228992 "GET /admin/OnlineShop/article/ HTTP/1.1" 200 13890
INFO 2026-05-21 10:03:40,865 basehttp 9076 134996761228992 "GET /admin/OnlineShop/article/ HTTP/1.1" 200 13890
INFO 2026-05-21 10:03:41,017 basehttp 9076 134996761228992 "GET /admin/jsi18n/ HTTP/1.1" 200 3342
INFO 2026-05-21 10:03:41,017 basehttp 9076 134996761228992 "GET /admin/jsi18n/ HTTP/1.1" 200 3342
INFO 2026-05-21 10:03:42,184 basehttp 9076 134996761228992 "GET /admin/OnlineShop/article/7/change/ HTTP/1.1" 200 16430
INFO 2026-05-21 10:03:42,184 basehttp 9076 134996761228992 "GET /admin/OnlineShop/article/7/change/ HTTP/1.1" 200 16430
INFO 2026-05-21 10:03:42,253 basehttp 9076 134996761228992 "GET /admin/jsi18n/ HTTP/1.1" 200 3342
INFO 2026-05-21 10:03:42,253 basehttp 9076 134996761228992 "GET /admin/jsi18n/ HTTP/1.1" 200 3342
INFO 2026-05-21 10:03:45,568 basehttp 9076 134996761228992 "GET /admin/OnlineShop/article/7/delete/ HTTP/1.1" 200 11791
INFO 2026-05-21 10:03:45,568 basehttp 9076 134996761228992 "GET /admin/OnlineShop/article/7/delete/ HTTP/1.1" 200 11791
INFO 2026-05-21 10:03:46,621 basehttp 9076 134996761228992 "POST /admin/OnlineShop/article/7/delete/ HTTP/1.1" 302 0
INFO 2026-05-21 10:03:46,621 basehttp 9076 134996761228992 "POST /admin/OnlineShop/article/7/delete/ HTTP/1.1" 302 0
INFO 2026-05-21 10:03:46,644 basehttp 9076 134996761228992 "GET /admin/OnlineShop/article/ HTTP/1.1" 200 13606
INFO 2026-05-21 10:03:46,644 basehttp 9076 134996761228992 "GET /admin/OnlineShop/article/ HTTP/1.1" 200 13606
INFO 2026-05-21 10:03:46,791 basehttp 9076 134996761228992 "GET /admin/jsi18n/ HTTP/1.1" 200 3342
INFO 2026-05-21 10:03:46,791 basehttp 9076 134996761228992 "GET /admin/jsi18n/ HTTP/1.1" 200 3342
INFO 2026-05-21 10:03:47,835 basehttp 9076 134996761228992 "GET /admin/OnlineShop/article/6/change/ HTTP/1.1" 200 16475
INFO 2026-05-21 10:03:47,835 basehttp 9076 134996761228992 "GET /admin/OnlineShop/article/6/change/ HTTP/1.1" 200 16475
INFO 2026-05-21 10:03:47,914 basehttp 9076 134996761228992 "GET /admin/jsi18n/ HTTP/1.1" 200 3342
INFO 2026-05-21 10:03:47,914 basehttp 9076 134996761228992 "GET /admin/jsi18n/ HTTP/1.1" 200 3342
INFO 2026-05-21 10:03:49,013 basehttp 9076 134996761228992 "GET /admin/OnlineShop/article/6/delete/ HTTP/1.1" 200 11821
INFO 2026-05-21 10:03:49,013 basehttp 9076 134996761228992 "GET /admin/OnlineShop/article/6/delete/ HTTP/1.1" 200 11821
INFO 2026-05-21 10:03:49,945 basehttp 9076 134996761228992 "POST /admin/OnlineShop/article/6/delete/ HTTP/1.1" 302 0
INFO 2026-05-21 10:03:49,945 basehttp 9076 134996761228992 "POST /admin/OnlineShop/article/6/delete/ HTTP/1.1" 302 0
INFO 2026-05-21 10:03:49,978 basehttp 9076 134996761228992 "GET /admin/OnlineShop/article/ HTTP/1.1" 200 13321
INFO 2026-05-21 10:03:49,978 basehttp 9076 134996761228992 "GET /admin/OnlineShop/article/ HTTP/1.1" 200 13321
INFO 2026-05-21 10:03:50,107 basehttp 9076 134996761228992 "GET /admin/jsi18n/ HTTP/1.1" 200 3342
INFO 2026-05-21 10:03:50,107 basehttp 9076 134996761228992 "GET /admin/jsi18n/ HTTP/1.1" 200 3342
INFO 2026-05-21 10:03:51,030 basehttp 9076 134996761228992 "GET /admin/OnlineShop/article/5/change/ HTTP/1.1" 200 16488
INFO 2026-05-21 10:03:51,030 basehttp 9076 134996761228992 "GET /admin/OnlineShop/article/5/change/ HTTP/1.1" 200 16488
INFO 2026-05-21 10:03:51,110 basehttp 9076 134996761228992 "GET /admin/jsi18n/ HTTP/1.1" 200 3342
INFO 2026-05-21 10:03:51,110 basehttp 9076 134996761228992 "GET /admin/jsi18n/ HTTP/1.1" 200 3342
INFO 2026-05-21 10:03:51,948 basehttp 9076 134996761228992 "GET /admin/OnlineShop/article/5/delete/ HTTP/1.1" 200 11821
INFO 2026-05-21 10:03:51,948 basehttp 9076 134996761228992 "GET /admin/OnlineShop/article/5/delete/ HTTP/1.1" 200 11821
INFO 2026-05-21 10:03:53,168 basehttp 9076 134996761228992 "POST /admin/OnlineShop/article/5/delete/ HTTP/1.1" 302 0
INFO 2026-05-21 10:03:53,168 basehttp 9076 134996761228992 "POST /admin/OnlineShop/article/5/delete/ HTTP/1.1" 302 0
INFO 2026-05-21 10:03:53,196 basehttp 9076 134996761228992 "GET /admin/OnlineShop/article/ HTTP/1.1" 200 12011
INFO 2026-05-21 10:03:53,196 basehttp 9076 134996761228992 "GET /admin/OnlineShop/article/ HTTP/1.1" 200 12011
INFO 2026-05-21 10:03:53,317 basehttp 9076 134996761228992 "GET /admin/jsi18n/ HTTP/1.1" 200 3342
INFO 2026-05-21 10:03:53,317 basehttp 9076 134996761228992 "GET /admin/jsi18n/ HTTP/1.1" 200 3342
INFO 2026-05-21 10:03:56,833 basehttp 9076 134996761228992 "GET /products/ HTTP/1.1" 200 28073
INFO 2026-05-21 10:03:56,833 basehttp 9076 134996761228992 "GET /products/ HTTP/1.1" 200 28073
INFO 2026-05-21 10:03:58,785 basehttp 9076 134996761228992 "GET /contacts HTTP/1.1" 301 0
INFO 2026-05-21 10:03:58,785 basehttp 9076 134996761228992 "GET /contacts HTTP/1.1" 301 0
INFO 2026-05-21 10:03:58,813 basehttp 9076 134996761228992 "GET /contacts/ HTTP/1.1" 200 15313
INFO 2026-05-21 10:03:58,813 basehttp 9076 134996761228992 "GET /contacts/ HTTP/1.1" 200 15313
INFO 2026-05-21 10:03:58,903 basehttp 9076 134996761228992 "GET /media/images/images_78K63yu.jpeg HTTP/1.1" 304 0
INFO 2026-05-21 10:03:58,903 basehttp 9076 134996761228992 "GET /media/images/images_78K63yu.jpeg HTTP/1.1" 304 0
INFO 2026-05-21 10:03:58,911 basehttp 9076 134996769621696 "GET /media/images/images_9RErow8.jpeg HTTP/1.1" 304 0
INFO 2026-05-21 10:03:58,911 basehttp 9076 134996769621696 "GET /media/images/images_9RErow8.jpeg HTTP/1.1" 304 0
INFO 2026-05-21 10:03:58,912 basehttp 9076 134996786407104 "GET /media/images/bhqvnjgklwtxfs1i2sxbsuln78ffsj10.png HTTP/1.1" 304 0
INFO 2026-05-21 10:03:58,912 basehttp 9076 134996786407104 "GET /media/images/bhqvnjgklwtxfs1i2sxbsuln78ffsj10.png HTTP/1.1" 304 0
INFO 2026-05-21 10:03:58,915 basehttp 9076 134996794799808 "GET /media/images/images_5muloCf.jpeg HTTP/1.1" 304 0
INFO 2026-05-21 10:03:58,915 basehttp 9076 134996794799808 "GET /media/images/images_5muloCf.jpeg HTTP/1.1" 304 0
INFO 2026-05-21 10:03:58,919 basehttp 9076 134996786407104 "GET /media/images/images_IwwhVXU.jpeg HTTP/1.1" 304 0
INFO 2026-05-21 10:03:58,919 basehttp 9076 134996786407104 "GET /media/images/images_IwwhVXU.jpeg HTTP/1.1" 304 0
INFO 2026-05-21 10:03:59,916 basehttp 9076 134996761228992 "GET /gif HTTP/1.1" 301 0
INFO 2026-05-21 10:03:59,916 basehttp 9076 134996761228992 "GET /gif HTTP/1.1" 301 0
INFO 2026-05-21 10:04:00,802 basehttp 9076 134996751787712 "GET /gif/ HTTP/1.1" 200 8528
INFO 2026-05-21 10:04:00,802 basehttp 9076 134996751787712 "GET /gif/ HTTP/1.1" 200 8528
INFO 2026-05-21 10:04:01,227 basehttp 9076 134996751787712 "GET /faq HTTP/1.1" 301 0
INFO 2026-05-21 10:04:01,227 basehttp 9076 134996751787712 "GET /faq HTTP/1.1" 301 0
INFO 2026-05-21 10:04:01,259 basehttp 9076 134996769621696 "GET /faq/ HTTP/1.1" 200 12590
INFO 2026-05-21 10:04:01,259 basehttp 9076 134996769621696 "GET /faq/ HTTP/1.1" 200 12590
INFO 2026-05-21 10:04:02,568 basehttp 9076 134996769621696 "GET /vacancies HTTP/1.1" 301 0
INFO 2026-05-21 10:04:02,568 basehttp 9076 134996769621696 "GET /vacancies HTTP/1.1" 301 0
INFO 2026-05-21 10:04:02,600 basehttp 9076 134996794799808 "GET /vacancies/ HTTP/1.1" 200 16026
INFO 2026-05-21 10:04:02,600 basehttp 9076 134996794799808 "GET /vacancies/ HTTP/1.1" 200 16026
INFO 2026-05-21 10:04:04,014 basehttp 9076 134996794799808 "GET /news HTTP/1.1" 301 0
INFO 2026-05-21 10:04:04,014 basehttp 9076 134996794799808 "GET /news HTTP/1.1" 301 0
INFO 2026-05-21 10:04:04,049 basehttp 9076 134996786407104 "GET /news/ HTTP/1.1" 200 9463
INFO 2026-05-21 10:04:04,049 basehttp 9076 134996786407104 "GET /news/ HTTP/1.1" 200 9463
INFO 2026-05-21 10:04:05,208 basehttp 9076 134996786407104 "GET /about HTTP/1.1" 301 0
INFO 2026-05-21 10:04:05,208 basehttp 9076 134996786407104 "GET /about HTTP/1.1" 301 0
INFO 2026-05-21 10:04:05,256 basehttp 9076 134996786407104 "GET /about/ HTTP/1.1" 200 11563
INFO 2026-05-21 10:04:05,256 basehttp 9076 134996786407104 "GET /about/ HTTP/1.1" 200 11563
INFO 2026-05-21 10:04:06,899 basehttp 9076 134996786407104 "GET /latest HTTP/1.1" 301 0
INFO 2026-05-21 10:04:06,899 basehttp 9076 134996786407104 "GET /latest HTTP/1.1" 301 0
ERROR 2026-05-21 10:04:06,971 basehttp 9076 134996786407104 "GET /latest/ HTTP/1.1" 500 84764
ERROR 2026-05-21 10:04:06,971 basehttp 9076 134996786407104 "GET /latest/ HTTP/1.1" 500 84764
INFO 2026-05-21 10:04:13,796 basehttp 9076 134996786407104 "GET /privacy-policy HTTP/1.1" 301 0
INFO 2026-05-21 10:04:13,796 basehttp 9076 134996786407104 "GET /privacy-policy HTTP/1.1" 301 0
INFO 2026-05-21 10:04:13,830 basehttp 9076 134996786407104 "GET /privacy-policy/ HTTP/1.1" 200 10010
INFO 2026-05-21 10:04:13,830 basehttp 9076 134996786407104 "GET /privacy-policy/ HTTP/1.1" 200 10010
INFO 2026-05-21 10:04:19,954 basehttp 9076 134996786407104 "GET /admin/OnlineShop/article/add/ HTTP/1.1" 200 15977
INFO 2026-05-21 10:04:19,954 basehttp 9076 134996786407104 "GET /admin/OnlineShop/article/add/ HTTP/1.1" 200 15977
INFO 2026-05-21 10:04:20,080 basehttp 9076 134996786407104 "GET /admin/jsi18n/ HTTP/1.1" 200 3342
INFO 2026-05-21 10:04:20,080 basehttp 9076 134996786407104 "GET /admin/jsi18n/ HTTP/1.1" 200 3342
INFO 2026-05-21 10:04:34,796 basehttp 9076 134996786407104 "GET /static/admin/img/calendar-icons.svg HTTP/1.1" 200 2455
INFO 2026-05-21 10:04:34,796 basehttp 9076 134996786407104 "GET /static/admin/img/calendar-icons.svg HTTP/1.1" 200 2455
INFO 2026-05-21 10:05:28,787 basehttp 9076 134996786407104 "POST /admin/OnlineShop/article/add/ HTTP/1.1" 200 16298
INFO 2026-05-21 10:05:28,787 basehttp 9076 134996786407104 "POST /admin/OnlineShop/article/add/ HTTP/1.1" 200 16298
INFO 2026-05-21 10:05:28,891 basehttp 9076 134996786407104 "GET /admin/jsi18n/ HTTP/1.1" 200 3342
INFO 2026-05-21 10:05:28,891 basehttp 9076 134996786407104 "GET /admin/jsi18n/ HTTP/1.1" 200 3342
INFO 2026-05-21 10:05:43,776 basehttp 9076 134996786407104 "POST /admin/OnlineShop/article/add/ HTTP/1.1" 302 0
INFO 2026-05-21 10:05:43,776 basehttp 9076 134996786407104 "POST /admin/OnlineShop/article/add/ HTTP/1.1" 302 0
INFO 2026-05-21 10:05:43,817 basehttp 9076 134996786407104 "GET /admin/OnlineShop/article/ HTTP/1.1" 200 13369
INFO 2026-05-21 10:05:43,817 basehttp 9076 134996786407104 "GET /admin/OnlineShop/article/ HTTP/1.1" 200 13369
INFO 2026-05-21 10:05:44,002 basehttp 9076 134996786407104 "GET /admin/jsi18n/ HTTP/1.1" 200 3342
INFO 2026-05-21 10:05:44,002 basehttp 9076 134996786407104 "GET /admin/jsi18n/ HTTP/1.1" 200 3342
INFO 2026-05-21 10:05:46,604 basehttp 9076 134996786407104 "GET /latest HTTP/1.1" 301 0
INFO 2026-05-21 10:05:46,604 basehttp 9076 134996786407104 "GET /latest HTTP/1.1" 301 0
INFO 2026-05-21 10:05:46,631 basehttp 9076 134996761228992 "GET /latest/ HTTP/1.1" 200 9585
INFO 2026-05-21 10:05:46,631 basehttp 9076 134996761228992 "GET /latest/ HTTP/1.1" 200 9585
INFO 2026-05-21 10:05:56,574 basehttp 9076 134996761228992 "GET /news HTTP/1.1" 301 0
INFO 2026-05-21 10:05:56,574 basehttp 9076 134996761228992 "GET /news HTTP/1.1" 301 0
INFO 2026-05-21 10:05:56,610 basehttp 9076 134996761228992 "GET /news/ HTTP/1.1" 200 9914
INFO 2026-05-21 10:05:56,610 basehttp 9076 134996761228992 "GET /news/ HTTP/1.1" 200 9914
INFO 2026-05-21 10:05:59,254 basehttp 9076 134996761228992 "GET /news/12/ HTTP/1.1" 200 8963
INFO 2026-05-21 10:05:59,254 basehttp 9076 134996761228992 "GET /news/12/ HTTP/1.1" 200 8963
INFO 2026-05-21 10:06:02,190 basehttp 9076 134996761228992 "GET /news/ HTTP/1.1" 200 9914
INFO 2026-05-21 10:06:02,190 basehttp 9076 134996761228992 "GET /news/ HTTP/1.1" 200 9914
INFO 2026-05-21 10:06:05,641 basehttp 9076 134996761228992 "GET /admin/OnlineShop/article/12/change/ HTTP/1.1" 200 16449
INFO 2026-05-21 10:06:05,641 basehttp 9076 134996761228992 "GET /admin/OnlineShop/article/12/change/ HTTP/1.1" 200 16449
INFO 2026-05-21 10:06:05,719 basehttp 9076 134996761228992 "GET /admin/jsi18n/ HTTP/1.1" 200 3342
INFO 2026-05-21 10:06:05,719 basehttp 9076 134996761228992 "GET /admin/jsi18n/ HTTP/1.1" 200 3342
INFO 2026-05-21 10:06:13,357 basehttp 9076 134996761228992 "POST /admin/OnlineShop/article/12/change/ HTTP/1.1" 302 0
INFO 2026-05-21 10:06:13,357 basehttp 9076 134996761228992 "POST /admin/OnlineShop/article/12/change/ HTTP/1.1" 302 0
INFO 2026-05-21 10:06:13,382 basehttp 9076 134996761228992 "GET /admin/OnlineShop/article/ HTTP/1.1" 200 13371
INFO 2026-05-21 10:06:13,382 basehttp 9076 134996761228992 "GET /admin/OnlineShop/article/ HTTP/1.1" 200 13371
INFO 2026-05-21 10:06:13,529 basehttp 9076 134996761228992 "GET /admin/jsi18n/ HTTP/1.1" 200 3342
INFO 2026-05-21 10:06:13,529 basehttp 9076 134996761228992 "GET /admin/jsi18n/ HTTP/1.1" 200 3342
INFO 2026-05-21 10:06:17,350 basehttp 9076 134996761228992 "GET /news/ HTTP/1.1" 200 9922
INFO 2026-05-21 10:06:17,350 basehttp 9076 134996761228992 "GET /news/ HTTP/1.1" 200 9922
INFO 2026-05-21 10:06:17,398 basehttp 9076 134996778014400 "GET /media/images/images_xBTjkGg.jpeg HTTP/1.1" 200 11358
INFO 2026-05-21 10:06:17,398 basehttp 9076 134996778014400 "GET /media/images/images_xBTjkGg.jpeg HTTP/1.1" 200 11358
INFO 2026-05-21 10:06:22,597 basehttp 9076 134996761228992 "GET /latest HTTP/1.1" 301 0
INFO 2026-05-21 10:06:22,597 basehttp 9076 134996761228992 "GET /latest HTTP/1.1" 301 0
INFO 2026-05-21 10:06:22,626 basehttp 9076 134996778014400 "GET /latest/ HTTP/1.1" 200 9585
INFO 2026-05-21 10:06:22,626 basehttp 9076 134996778014400 "GET /latest/ HTTP/1.1" 200 9585
INFO 2026-05-21 10:06:24,265 basehttp 9076 134996778014400 "GET /about HTTP/1.1" 301 0
INFO 2026-05-21 10:06:24,265 basehttp 9076 134996778014400 "GET /about HTTP/1.1" 301 0
INFO 2026-05-21 10:06:24,301 basehttp 9076 134996761228992 "GET /about/ HTTP/1.1" 200 11563
INFO 2026-05-21 10:06:24,301 basehttp 9076 134996761228992 "GET /about/ HTTP/1.1" 200 11563
INFO 2026-05-21 10:06:25,323 basehttp 9076 134996761228992 "GET /news HTTP/1.1" 301 0
INFO 2026-05-21 10:06:25,323 basehttp 9076 134996761228992 "GET /news HTTP/1.1" 301 0
INFO 2026-05-21 10:06:25,352 basehttp 9076 134996778014400 "GET /news/ HTTP/1.1" 200 9922
INFO 2026-05-21 10:06:25,352 basehttp 9076 134996778014400 "GET /news/ HTTP/1.1" 200 9922
INFO 2026-05-21 10:06:25,463 basehttp 9076 134996778014400 "GET /media/images/images_xBTjkGg.jpeg HTTP/1.1" 304 0
INFO 2026-05-21 10:06:25,463 basehttp 9076 134996778014400 "GET /media/images/images_xBTjkGg.jpeg HTTP/1.1" 304 0
INFO 2026-05-21 10:06:33,166 basehttp 9076 134996778014400 "GET /admin/OnlineShop/article/add/ HTTP/1.1" 200 15977
INFO 2026-05-21 10:06:33,166 basehttp 9076 134996778014400 "GET /admin/OnlineShop/article/add/ HTTP/1.1" 200 15977
INFO 2026-05-21 10:06:33,273 basehttp 9076 134996778014400 "GET /admin/jsi18n/ HTTP/1.1" 200 3342
INFO 2026-05-21 10:06:33,273 basehttp 9076 134996778014400 "GET /admin/jsi18n/ HTTP/1.1" 200 3342
INFO 2026-05-21 10:07:46,757 basehttp 9076 134996778014400 "POST /admin/OnlineShop/article/add/ HTTP/1.1" 302 0
INFO 2026-05-21 10:07:46,757 basehttp 9076 134996778014400 "POST /admin/OnlineShop/article/add/ HTTP/1.1" 302 0
INFO 2026-05-21 10:07:46,788 basehttp 9076 134996778014400 "GET /admin/OnlineShop/article/ HTTP/1.1" 200 13655
INFO 2026-05-21 10:07:46,788 basehttp 9076 134996778014400 "GET /admin/OnlineShop/article/ HTTP/1.1" 200 13655
INFO 2026-05-21 10:07:46,975 basehttp 9076 134996778014400 "GET /admin/jsi18n/ HTTP/1.1" 200 3342
INFO 2026-05-21 10:07:46,975 basehttp 9076 134996778014400 "GET /admin/jsi18n/ HTTP/1.1" 200 3342
INFO 2026-05-21 10:07:49,836 basehttp 9076 134996778014400 "GET /news/ HTTP/1.1" 200 10511
INFO 2026-05-21 10:07:49,836 basehttp 9076 134996778014400 "GET /news/ HTTP/1.1" 200 10511
INFO 2026-05-21 10:07:49,934 basehttp 9076 134996751787712 "GET /media/images/images_xBTjkGg.jpeg HTTP/1.1" 304 0
INFO 2026-05-21 10:07:49,934 basehttp 9076 134996751787712 "GET /media/images/images_xBTjkGg.jpeg HTTP/1.1" 304 0
INFO 2026-05-21 10:07:53,835 basehttp 9076 134996778014400 "GET /news/ HTTP/1.1" 200 10511
INFO 2026-05-21 10:07:53,835 basehttp 9076 134996778014400 "GET /news/ HTTP/1.1" 200 10511
INFO 2026-05-21 10:07:53,893 basehttp 9076 134996751787712 "GET /media/images/images.png HTTP/1.1" 200 9626
INFO 2026-05-21 10:07:53,893 basehttp 9076 134996751787712 "GET /media/images/images.png HTTP/1.1" 200 9626
INFO 2026-05-21 10:08:04,803 basehttp 9076 134996778014400 "GET /admin/OnlineShop/article/add/ HTTP/1.1" 200 15977
INFO 2026-05-21 10:08:04,803 basehttp 9076 134996778014400 "GET /admin/OnlineShop/article/add/ HTTP/1.1" 200 15977
INFO 2026-05-21 10:08:04,891 basehttp 9076 134996751787712 "GET /admin/jsi18n/ HTTP/1.1" 200 3342
INFO 2026-05-21 10:08:04,891 basehttp 9076 134996751787712 "GET /admin/jsi18n/ HTTP/1.1" 200 3342
INFO 2026-05-21 10:09:17,677 basehttp 9076 134996778014400 "POST /admin/OnlineShop/article/add/ HTTP/1.1" 302 0
INFO 2026-05-21 10:09:17,677 basehttp 9076 134996778014400 "POST /admin/OnlineShop/article/add/ HTTP/1.1" 302 0
INFO 2026-05-21 10:09:17,707 basehttp 9076 134996778014400 "GET /admin/OnlineShop/article/ HTTP/1.1" 200 14024
INFO 2026-05-21 10:09:17,707 basehttp 9076 134996778014400 "GET /admin/OnlineShop/article/ HTTP/1.1" 200 14024
INFO 2026-05-21 10:09:17,871 basehttp 9076 134996751787712 "GET /admin/jsi18n/ HTTP/1.1" 200 3342
INFO 2026-05-21 10:09:17,871 basehttp 9076 134996751787712 "GET /admin/jsi18n/ HTTP/1.1" 200 3342
INFO 2026-05-21 10:09:19,816 basehttp 9076 134996778014400 "GET /news/ HTTP/1.1" 200 11153
INFO 2026-05-21 10:09:19,816 basehttp 9076 134996778014400 "GET /news/ HTTP/1.1" 200 11153
INFO 2026-05-21 10:09:19,883 basehttp 9076 134996751787712 "GET /media/images/images_xbSwZna.jpeg HTTP/1.1" 200 11996
INFO 2026-05-21 10:09:19,883 basehttp 9076 134996751787712 "GET /media/images/images_xbSwZna.jpeg HTTP/1.1" 200 11996
INFO 2026-05-21 10:09:19,891 basehttp 9076 134996751787712 "GET /media/images/images_xBTjkGg.jpeg HTTP/1.1" 304 0
INFO 2026-05-21 10:09:19,891 basehttp 9076 134996751787712 "GET /media/images/images_xBTjkGg.jpeg HTTP/1.1" 304 0
INFO 2026-05-21 10:09:19,897 basehttp 9076 134996778014400 "GET /media/images/images.png HTTP/1.1" 304 0
INFO 2026-05-21 10:09:19,897 basehttp 9076 134996778014400 "GET /media/images/images.png HTTP/1.1" 304 0
INFO 2026-05-21 10:09:24,704 basehttp 9076 134996778014400 "GET /about HTTP/1.1" 301 0
INFO 2026-05-21 10:09:24,704 basehttp 9076 134996778014400 "GET /about HTTP/1.1" 301 0
INFO 2026-05-21 10:09:24,722 basehttp 9076 134996751787712 "GET /about/ HTTP/1.1" 200 11563
INFO 2026-05-21 10:09:24,722 basehttp 9076 134996751787712 "GET /about/ HTTP/1.1" 200 11563
INFO 2026-05-21 10:09:26,376 basehttp 9076 134996751787712 "GET /latest HTTP/1.1" 301 0
INFO 2026-05-21 10:09:26,376 basehttp 9076 134996751787712 "GET /latest HTTP/1.1" 301 0
INFO 2026-05-21 10:09:26,417 basehttp 9076 134996751787712 "GET /latest/ HTTP/1.1" 200 9584
INFO 2026-05-21 10:09:26,417 basehttp 9076 134996751787712 "GET /latest/ HTTP/1.1" 200 9584
INFO 2026-05-21 10:09:30,416 basehttp 9076 134996751787712 "GET /news HTTP/1.1" 301 0
INFO 2026-05-21 10:09:30,416 basehttp 9076 134996751787712 "GET /news HTTP/1.1" 301 0
INFO 2026-05-21 10:09:30,445 basehttp 9076 134996751787712 "GET /news/ HTTP/1.1" 200 11153
INFO 2026-05-21 10:09:30,445 basehttp 9076 134996751787712 "GET /news/ HTTP/1.1" 200 11153
INFO 2026-05-21 10:09:30,544 basehttp 9076 134996751787712 "GET /media/images/images.png HTTP/1.1" 304 0
INFO 2026-05-21 10:09:30,544 basehttp 9076 134996751787712 "GET /media/images/images.png HTTP/1.1" 304 0
INFO 2026-05-21 10:09:30,549 basehttp 9076 134996751787712 "GET /media/images/images_xbSwZna.jpeg HTTP/1.1" 304 0
INFO 2026-05-21 10:09:30,549 basehttp 9076 134996751787712 "GET /media/images/images_xbSwZna.jpeg HTTP/1.1" 304 0
INFO 2026-05-21 10:09:31,823 basehttp 9076 134996751787712 "GET /vacancies HTTP/1.1" 301 0
INFO 2026-05-21 10:09:31,823 basehttp 9076 134996751787712 "GET /vacancies HTTP/1.1" 301 0
INFO 2026-05-21 10:09:31,854 basehttp 9076 134996751787712 "GET /vacancies/ HTTP/1.1" 200 16026
INFO 2026-05-21 10:09:31,854 basehttp 9076 134996751787712 "GET /vacancies/ HTTP/1.1" 200 16026
INFO 2026-05-21 10:09:32,608 basehttp 9076 134996751787712 "GET /faq HTTP/1.1" 301 0
INFO 2026-05-21 10:09:32,608 basehttp 9076 134996751787712 "GET /faq HTTP/1.1" 301 0
INFO 2026-05-21 10:09:32,633 basehttp 9076 134996751787712 "GET /faq/ HTTP/1.1" 200 12590
INFO 2026-05-21 10:09:32,633 basehttp 9076 134996751787712 "GET /faq/ HTTP/1.1" 200 12590
INFO 2026-05-21 10:09:33,596 basehttp 9076 134996751787712 "GET /contacts HTTP/1.1" 301 0
INFO 2026-05-21 10:09:33,596 basehttp 9076 134996751787712 "GET /contacts HTTP/1.1" 301 0
INFO 2026-05-21 10:09:33,616 basehttp 9076 134996751787712 "GET /contacts/ HTTP/1.1" 200 15313
INFO 2026-05-21 10:09:33,616 basehttp 9076 134996751787712 "GET /contacts/ HTTP/1.1" 200 15313
INFO 2026-05-21 10:09:33,741 basehttp 9076 134996751787712 "GET /media/images/images.jpeg HTTP/1.1" 304 0
INFO 2026-05-21 10:09:33,741 basehttp 9076 134996751787712 "GET /media/images/images.jpeg HTTP/1.1" 304 0
INFO 2026-05-21 10:09:33,746 basehttp 9076 134996778014400 "GET /media/images/images_78K63yu.jpeg HTTP/1.1" 304 0
INFO 2026-05-21 10:09:33,746 basehttp 9076 134996778014400 "GET /media/images/images_78K63yu.jpeg HTTP/1.1" 304 0
INFO 2026-05-21 10:09:33,755 basehttp 9076 134996761228992 "GET /media/images/bhqvnjgklwtxfs1i2sxbsuln78ffsj10.png HTTP/1.1" 304 0
INFO 2026-05-21 10:09:33,755 basehttp 9076 134996761228992 "GET /media/images/bhqvnjgklwtxfs1i2sxbsuln78ffsj10.png HTTP/1.1" 304 0
INFO 2026-05-21 10:09:33,758 basehttp 9076 134996794799808 "GET /media/images/images_9RErow8.jpeg HTTP/1.1" 304 0
INFO 2026-05-21 10:09:33,758 basehttp 9076 134996794799808 "GET /media/images/images_9RErow8.jpeg HTTP/1.1" 304 0
INFO 2026-05-21 10:09:33,760 basehttp 9076 134996786407104 "GET /media/images/images_5muloCf.jpeg HTTP/1.1" 304 0
INFO 2026-05-21 10:09:33,760 basehttp 9076 134996786407104 "GET /media/images/images_5muloCf.jpeg HTTP/1.1" 304 0
INFO 2026-05-21 10:09:33,763 basehttp 9076 134996769621696 "GET /media/images/images_IwwhVXU.jpeg HTTP/1.1" 304 0
INFO 2026-05-21 10:09:33,763 basehttp 9076 134996769621696 "GET /media/images/images_IwwhVXU.jpeg HTTP/1.1" 304 0
INFO 2026-05-21 10:09:34,856 basehttp 9076 134996751787712 "GET /products HTTP/1.1" 301 0
INFO 2026-05-21 10:09:34,856 basehttp 9076 134996751787712 "GET /products HTTP/1.1" 301 0
INFO 2026-05-21 10:09:34,886 basehttp 9076 134996778014400 "GET /products/ HTTP/1.1" 200 28073
INFO 2026-05-21 10:09:34,886 basehttp 9076 134996778014400 "GET /products/ HTTP/1.1" 200 28073
INFO 2026-05-21 10:09:35,769 basehttp 9076 134996778014400 "GET /gif HTTP/1.1" 301 0
INFO 2026-05-21 10:09:35,769 basehttp 9076 134996778014400 "GET /gif HTTP/1.1" 301 0
INFO 2026-05-21 10:09:36,624 basehttp 9076 134996761228992 "GET /gif/ HTTP/1.1" 200 8528
INFO 2026-05-21 10:09:36,624 basehttp 9076 134996761228992 "GET /gif/ HTTP/1.1" 200 8528
INFO 2026-05-21 10:09:37,654 basehttp 9076 134996761228992 "GET /privacy-policy HTTP/1.1" 301 0
INFO 2026-05-21 10:09:37,654 basehttp 9076 134996761228992 "GET /privacy-policy HTTP/1.1" 301 0
INFO 2026-05-21 10:09:37,682 basehttp 9076 134996794799808 "GET /privacy-policy/ HTTP/1.1" 200 10010
INFO 2026-05-21 10:09:37,682 basehttp 9076 134996794799808 "GET /privacy-policy/ HTTP/1.1" 200 10010
INFO 2026-05-21 10:09:41,153 basehttp 9076 134996794799808 "GET /admin/OnlineShop/ HTTP/1.1" 200 10469
INFO 2026-05-21 10:09:41,153 basehttp 9076 134996794799808 "GET /admin/OnlineShop/ HTTP/1.1" 200 10469
INFO 2026-05-21 10:09:41,226 basehttp 9076 134996794799808 "GET /static/admin/css/dashboard.css HTTP/1.1" 200 441
INFO 2026-05-21 10:09:41,226 basehttp 9076 134996794799808 "GET /static/admin/css/dashboard.css HTTP/1.1" 200 441
INFO 2026-05-21 10:09:47,830 basehttp 9076 134996794799808 "GET /admin/OnlineShop/sale/ HTTP/1.1" 200 11820
INFO 2026-05-21 10:09:47,830 basehttp 9076 134996794799808 "GET /admin/OnlineShop/sale/ HTTP/1.1" 200 11820
INFO 2026-05-21 10:09:47,898 basehttp 9076 134996794799808 "GET /admin/jsi18n/ HTTP/1.1" 200 3342
INFO 2026-05-21 10:09:47,898 basehttp 9076 134996794799808 "GET /admin/jsi18n/ HTTP/1.1" 200 3342
INFO 2026-05-21 10:09:49,280 basehttp 9076 134996794799808 "GET /admin/auth/user/ HTTP/1.1" 200 17567
INFO 2026-05-21 10:09:49,280 basehttp 9076 134996794799808 "GET /admin/auth/user/ HTTP/1.1" 200 17567
INFO 2026-05-21 10:09:49,386 basehttp 9076 134996794799808 "GET /admin/jsi18n/ HTTP/1.1" 200 3342
INFO 2026-05-21 10:09:49,386 basehttp 9076 134996794799808 "GET /admin/jsi18n/ HTTP/1.1" 200 3342
INFO 2026-05-21 10:09:52,916 basehttp 9076 134996794799808 "GET /admin/auth/user/3/change/ HTTP/1.1" 200 29376
INFO 2026-05-21 10:09:52,916 basehttp 9076 134996794799808 "GET /admin/auth/user/3/change/ HTTP/1.1" 200 29376
INFO 2026-05-21 10:09:53,025 basehttp 9076 134996794799808 "GET /admin/jsi18n/ HTTP/1.1" 200 3342
INFO 2026-05-21 10:09:53,025 basehttp 9076 134996794799808 "GET /admin/jsi18n/ HTTP/1.1" 200 3342
INFO 2026-05-21 10:09:58,128 basehttp 9076 134996794799808 "GET /admin/auth/user/3/delete/ HTTP/1.1" 200 18215
INFO 2026-05-21 10:09:58,128 basehttp 9076 134996794799808 "GET /admin/auth/user/3/delete/ HTTP/1.1" 200 18215
INFO 2026-05-21 10:10:05,325 basehttp 9076 134996794799808 "POST /admin/auth/user/3/delete/ HTTP/1.1" 302 0
INFO 2026-05-21 10:10:05,325 basehttp 9076 134996794799808 "POST /admin/auth/user/3/delete/ HTTP/1.1" 302 0
INFO 2026-05-21 10:10:05,372 basehttp 9076 134996794799808 "GET /admin/auth/user/ HTTP/1.1" 200 17263
INFO 2026-05-21 10:10:05,372 basehttp 9076 134996794799808 "GET /admin/auth/user/ HTTP/1.1" 200 17263
INFO 2026-05-21 10:10:05,523 basehttp 9076 134996794799808 "GET /admin/jsi18n/ HTTP/1.1" 200 3342
INFO 2026-05-21 10:10:05,523 basehttp 9076 134996794799808 "GET /admin/jsi18n/ HTTP/1.1" 200 3342
INFO 2026-05-21 10:10:12,598 basehttp 9076 134996794799808 "GET /admin/auth/user/7/change/ HTTP/1.1" 200 29396
INFO 2026-05-21 10:10:12,598 basehttp 9076 134996794799808 "GET /admin/auth/user/7/change/ HTTP/1.1" 200 29396
INFO 2026-05-21 10:10:12,678 basehttp 9076 134996794799808 "GET /admin/jsi18n/ HTTP/1.1" 200 3342
INFO 2026-05-21 10:10:12,678 basehttp 9076 134996794799808 "GET /admin/jsi18n/ HTTP/1.1" 200 3342
INFO 2026-05-21 10:10:15,335 basehttp 9076 134996794799808 "GET /admin/auth/user/7/delete/ HTTP/1.1" 200 11744
INFO 2026-05-21 10:10:15,335 basehttp 9076 134996794799808 "GET /admin/auth/user/7/delete/ HTTP/1.1" 200 11744
INFO 2026-05-21 10:10:16,560 basehttp 9076 134996794799808 "POST /admin/auth/user/7/delete/ HTTP/1.1" 302 0
INFO 2026-05-21 10:10:16,560 basehttp 9076 134996794799808 "POST /admin/auth/user/7/delete/ HTTP/1.1" 302 0
INFO 2026-05-21 10:10:16,602 basehttp 9076 134996794799808 "GET /admin/auth/user/ HTTP/1.1" 200 16783
INFO 2026-05-21 10:10:16,602 basehttp 9076 134996794799808 "GET /admin/auth/user/ HTTP/1.1" 200 16783
INFO 2026-05-21 10:10:16,723 basehttp 9076 134996794799808 "GET /admin/jsi18n/ HTTP/1.1" 200 3342
INFO 2026-05-21 10:10:16,723 basehttp 9076 134996794799808 "GET /admin/jsi18n/ HTTP/1.1" 200 3342
INFO 2026-05-21 10:10:21,091 basehttp 9076 134996794799808 "GET /admin/auth/user/?o=-1 HTTP/1.1" 200 16865
INFO 2026-05-21 10:10:21,091 basehttp 9076 134996794799808 "GET /admin/auth/user/?o=-1 HTTP/1.1" 200 16865
INFO 2026-05-21 10:10:21,188 basehttp 9076 134996794799808 "GET /admin/jsi18n/ HTTP/1.1" 200 3342
INFO 2026-05-21 10:10:21,188 basehttp 9076 134996794799808 "GET /admin/jsi18n/ HTTP/1.1" 200 3342
INFO 2026-05-21 10:10:24,420 basehttp 9076 134996794799808 "GET /admin/auth/user/4/change/?_changelist_filters=o%3D-1 HTTP/1.1" 200 29436
INFO 2026-05-21 10:10:24,420 basehttp 9076 134996794799808 "GET /admin/auth/user/4/change/?_changelist_filters=o%3D-1 HTTP/1.1" 200 29436
INFO 2026-05-21 10:10:24,506 basehttp 9076 134996794799808 "GET /admin/jsi18n/ HTTP/1.1" 200 3342
INFO 2026-05-21 10:10:24,506 basehttp 9076 134996794799808 "GET /admin/jsi18n/ HTTP/1.1" 200 3342
INFO 2026-05-21 10:10:28,533 basehttp 9076 134996794799808 "GET /admin/auth/user/4/delete/?_changelist_filters=o%3D-1 HTTP/1.1" 200 11741
INFO 2026-05-21 10:10:28,533 basehttp 9076 134996794799808 "GET /admin/auth/user/4/delete/?_changelist_filters=o%3D-1 HTTP/1.1" 200 11741
INFO 2026-05-21 10:10:29,905 basehttp 9076 134996794799808 "POST /admin/auth/user/4/delete/?_changelist_filters=o%3D-1 HTTP/1.1" 302 0
INFO 2026-05-21 10:10:29,905 basehttp 9076 134996794799808 "POST /admin/auth/user/4/delete/?_changelist_filters=o%3D-1 HTTP/1.1" 302 0
INFO 2026-05-21 10:10:29,948 basehttp 9076 134996794799808 "GET /admin/auth/user/?o=-1 HTTP/1.1" 200 16540
INFO 2026-05-21 10:10:29,948 basehttp 9076 134996794799808 "GET /admin/auth/user/?o=-1 HTTP/1.1" 200 16540
INFO 2026-05-21 10:10:30,102 basehttp 9076 134996794799808 "GET /admin/jsi18n/ HTTP/1.1" 200 3342
INFO 2026-05-21 10:10:30,102 basehttp 9076 134996794799808 "GET /admin/jsi18n/ HTTP/1.1" 200 3342
INFO 2026-05-21 10:10:32,883 basehttp 9076 134996794799808 "GET /privacy-policy/ HTTP/1.1" 200 10010
INFO 2026-05-21 10:10:32,883 basehttp 9076 134996794799808 "GET /privacy-policy/ HTTP/1.1" 200 10010
INFO 2026-05-21 10:10:33,567 basehttp 9076 134996794799808 "GET /about HTTP/1.1" 301 0
INFO 2026-05-21 10:10:33,567 basehttp 9076 134996794799808 "GET /about HTTP/1.1" 301 0
INFO 2026-05-21 10:10:33,594 basehttp 9076 134996786407104 "GET /about/ HTTP/1.1" 200 11563
INFO 2026-05-21 10:10:33,594 basehttp 9076 134996786407104 "GET /about/ HTTP/1.1" 200 11563
INFO 2026-05-21 10:10:34,262 basehttp 9076 134996786407104 "GET /news HTTP/1.1" 301 0
INFO 2026-05-21 10:10:34,262 basehttp 9076 134996786407104 "GET /news HTTP/1.1" 301 0
INFO 2026-05-21 10:10:34,280 basehttp 9076 134996769621696 "GET /news/ HTTP/1.1" 200 11153
INFO 2026-05-21 10:10:34,280 basehttp 9076 134996769621696 "GET /news/ HTTP/1.1" 200 11153
INFO 2026-05-21 10:10:34,380 basehttp 9076 134996769621696 "GET /media/images/images_xBTjkGg.jpeg HTTP/1.1" 304 0
INFO 2026-05-21 10:10:34,380 basehttp 9076 134996769621696 "GET /media/images/images_xBTjkGg.jpeg HTTP/1.1" 304 0
INFO 2026-05-21 10:10:34,386 basehttp 9076 134996786407104 "GET /media/images/images_xbSwZna.jpeg HTTP/1.1" 304 0
INFO 2026-05-21 10:10:34,386 basehttp 9076 134996786407104 "GET /media/images/images_xbSwZna.jpeg HTTP/1.1" 304 0
INFO 2026-05-21 10:10:34,388 basehttp 9076 134996769621696 "GET /media/images/images.png HTTP/1.1" 304 0
INFO 2026-05-21 10:10:34,388 basehttp 9076 134996769621696 "GET /media/images/images.png HTTP/1.1" 304 0
INFO 2026-05-21 10:10:35,084 basehttp 9076 134996769621696 "GET /vacancies HTTP/1.1" 301 0
INFO 2026-05-21 10:10:35,084 basehttp 9076 134996769621696 "GET /vacancies HTTP/1.1" 301 0
INFO 2026-05-21 10:10:35,107 basehttp 9076 134996794799808 "GET /vacancies/ HTTP/1.1" 200 16026
INFO 2026-05-21 10:10:35,107 basehttp 9076 134996794799808 "GET /vacancies/ HTTP/1.1" 200 16026
INFO 2026-05-21 10:10:36,169 basehttp 9076 134996794799808 "GET /about HTTP/1.1" 301 0
INFO 2026-05-21 10:10:36,169 basehttp 9076 134996794799808 "GET /about HTTP/1.1" 301 0
INFO 2026-05-21 10:10:36,190 basehttp 9076 134996786407104 "GET /about/ HTTP/1.1" 200 11563
INFO 2026-05-21 10:10:36,190 basehttp 9076 134996786407104 "GET /about/ HTTP/1.1" 200 11563
INFO 2026-05-21 10:10:38,527 basehttp 9076 134996786407104 "GET /faq HTTP/1.1" 301 0
INFO 2026-05-21 10:10:38,527 basehttp 9076 134996786407104 "GET /faq HTTP/1.1" 301 0
INFO 2026-05-21 10:10:38,578 basehttp 9076 134996786407104 "GET /faq/ HTTP/1.1" 200 12590
INFO 2026-05-21 10:10:38,578 basehttp 9076 134996786407104 "GET /faq/ HTTP/1.1" 200 12590
INFO 2026-05-21 10:10:40,120 basehttp 9076 134996786407104 "GET /promocodes HTTP/1.1" 301 0
INFO 2026-05-21 10:10:40,120 basehttp 9076 134996786407104 "GET /promocodes HTTP/1.1" 301 0
INFO 2026-05-21 10:10:40,158 basehttp 9076 134996786407104 "GET /promocodes/ HTTP/1.1" 200 18474
INFO 2026-05-21 10:10:40,158 basehttp 9076 134996786407104 "GET /promocodes/ HTTP/1.1" 200 18474
INFO 2026-05-21 10:10:41,081 basehttp 9076 134996786407104 "GET /sales HTTP/1.1" 301 0
INFO 2026-05-21 10:10:41,081 basehttp 9076 134996786407104 "GET /sales HTTP/1.1" 301 0
INFO 2026-05-21 10:10:41,130 basehttp 9076 134996786407104 "GET /sales/ HTTP/1.1" 200 19673
INFO 2026-05-21 10:10:41,130 basehttp 9076 134996786407104 "GET /sales/ HTTP/1.1" 200 19673
INFO 2026-05-21 10:11:32,569 basehttp 9076 134996786407104 "GET /logout HTTP/1.1" 301 0
INFO 2026-05-21 10:11:32,569 basehttp 9076 134996786407104 "GET /logout HTTP/1.1" 301 0
INFO 2026-05-21 10:11:32,618 basehttp 9076 134996786407104 "GET /logout/ HTTP/1.1" 302 0
INFO 2026-05-21 10:11:32,618 basehttp 9076 134996786407104 "GET /logout/ HTTP/1.1" 302 0
INFO 2026-05-21 10:11:32,641 basehttp 9076 134996786407104 "GET /login/ HTTP/1.1" 200 9140
INFO 2026-05-21 10:11:32,641 basehttp 9076 134996786407104 "GET /login/ HTTP/1.1" 200 9140
INFO 2026-05-21 10:11:37,977 basehttp 9076 134996786407104 "GET /register/ HTTP/1.1" 200 8790
INFO 2026-05-21 10:11:37,977 basehttp 9076 134996786407104 "GET /register/ HTTP/1.1" 200 8790
INFO 2026-05-21 10:12:20,250 basehttp 9076 134996786407104 "POST /register/ HTTP/1.1" 200 9364
INFO 2026-05-21 10:12:20,250 basehttp 9076 134996786407104 "POST /register/ HTTP/1.1" 200 9364
INFO 2026-05-21 10:12:45,478 basehttp 9076 134996786407104 "POST /register/ HTTP/1.1" 200 9101
INFO 2026-05-21 10:12:45,478 basehttp 9076 134996786407104 "POST /register/ HTTP/1.1" 200 9101
INFO 2026-05-21 10:13:02,413 basehttp 9076 134996786407104 "POST /register/ HTTP/1.1" 302 0
INFO 2026-05-21 10:13:02,413 basehttp 9076 134996786407104 "POST /register/ HTTP/1.1" 302 0
INFO 2026-05-21 10:13:02,437 basehttp 9076 134996786407104 "GET /about/ HTTP/1.1" 200 11593
INFO 2026-05-21 10:13:02,437 basehttp 9076 134996786407104 "GET /about/ HTTP/1.1" 200 11593
INFO 2026-05-21 10:13:07,316 basehttp 9076 134996786407104 "GET /mypurchases HTTP/1.1" 301 0
INFO 2026-05-21 10:13:07,316 basehttp 9076 134996786407104 "GET /mypurchases HTTP/1.1" 301 0
INFO 2026-05-21 10:13:07,350 basehttp 9076 134996786407104 "GET /mypurchases/ HTTP/1.1" 200 10578
INFO 2026-05-21 10:13:07,350 basehttp 9076 134996786407104 "GET /mypurchases/ HTTP/1.1" 200 10578
INFO 2026-05-21 10:13:08,358 basehttp 9076 134996786407104 "GET /products HTTP/1.1" 301 0
INFO 2026-05-21 10:13:08,358 basehttp 9076 134996786407104 "GET /products HTTP/1.1" 301 0
INFO 2026-05-21 10:13:08,399 basehttp 9076 134996786407104 "GET /products/ HTTP/1.1" 200 26406
INFO 2026-05-21 10:13:08,399 basehttp 9076 134996786407104 "GET /products/ HTTP/1.1" 200 26406
INFO 2026-05-21 10:13:10,952 basehttp 9076 134996786407104 "GET /mypurchases HTTP/1.1" 301 0
INFO 2026-05-21 10:13:10,952 basehttp 9076 134996786407104 "GET /mypurchases HTTP/1.1" 301 0
INFO 2026-05-21 10:13:10,987 basehttp 9076 134996786407104 "GET /mypurchases/ HTTP/1.1" 200 10578
INFO 2026-05-21 10:13:10,987 basehttp 9076 134996786407104 "GET /mypurchases/ HTTP/1.1" 200 10578
INFO 2026-05-21 10:13:11,621 basehttp 9076 134996786407104 "GET /promocodes HTTP/1.1" 301 0
INFO 2026-05-21 10:13:11,621 basehttp 9076 134996786407104 "GET /promocodes HTTP/1.1" 301 0
INFO 2026-05-21 10:13:11,650 basehttp 9076 134996786407104 "GET /promocodes/ HTTP/1.1" 200 18504
INFO 2026-05-21 10:13:11,650 basehttp 9076 134996786407104 "GET /promocodes/ HTTP/1.1" 200 18504
INFO 2026-05-21 10:13:14,896 basehttp 9076 134996786407104 "GET /products HTTP/1.1" 301 0
INFO 2026-05-21 10:13:14,896 basehttp 9076 134996786407104 "GET /products HTTP/1.1" 301 0
INFO 2026-05-21 10:13:14,941 basehttp 9076 134996786407104 "GET /products/ HTTP/1.1" 200 26406
INFO 2026-05-21 10:13:14,941 basehttp 9076 134996786407104 "GET /products/ HTTP/1.1" 200 26406
INFO 2026-05-21 10:13:16,685 basehttp 9076 134996786407104 "GET /buy_product/24/ HTTP/1.1" 200 9767
INFO 2026-05-21 10:13:16,685 basehttp 9076 134996786407104 "GET /buy_product/24/ HTTP/1.1" 200 9767
INFO 2026-05-21 10:13:25,450 basehttp 9076 134996786407104 "POST /buy_product/24/ HTTP/1.1" 302 0
INFO 2026-05-21 10:13:25,450 basehttp 9076 134996786407104 "POST /buy_product/24/ HTTP/1.1" 302 0
INFO 2026-05-21 10:13:25,482 basehttp 9076 134996786407104 "GET /products/ HTTP/1.1" 200 26406
INFO 2026-05-21 10:13:25,482 basehttp 9076 134996786407104 "GET /products/ HTTP/1.1" 200 26406
INFO 2026-05-21 10:13:29,153 basehttp 9076 134996786407104 "GET /product/24/reviews/ HTTP/1.1" 200 13248
INFO 2026-05-21 10:13:29,153 basehttp 9076 134996786407104 "GET /product/24/reviews/ HTTP/1.1" 200 13248
INFO 2026-05-21 10:13:44,167 basehttp 9076 134996786407104 "GET /products/ HTTP/1.1" 200 26406
INFO 2026-05-21 10:13:44,167 basehttp 9076 134996786407104 "GET /products/ HTTP/1.1" 200 26406
INFO 2026-05-21 10:13:48,655 basehttp 9076 134996786407104 "GET /mypurchases HTTP/1.1" 301 0
INFO 2026-05-21 10:13:48,655 basehttp 9076 134996786407104 "GET /mypurchases HTTP/1.1" 301 0
INFO 2026-05-21 10:13:48,680 basehttp 9076 134996786407104 "GET /mypurchases/ HTTP/1.1" 200 11353
INFO 2026-05-21 10:13:48,680 basehttp 9076 134996786407104 "GET /mypurchases/ HTTP/1.1" 200 11353
INFO 2026-05-21 10:13:57,064 basehttp 9076 134996786407104 "GET /rand HTTP/1.1" 301 0
INFO 2026-05-21 10:13:57,064 basehttp 9076 134996786407104 "GET /rand HTTP/1.1" 301 0
INFO 2026-05-21 10:13:57,470 basehttp 9076 134996786407104 "GET /rand/ HTTP/1.1" 200 9050
INFO 2026-05-21 10:13:57,470 basehttp 9076 134996786407104 "GET /rand/ HTTP/1.1" 200 9050
INFO 2026-05-21 10:13:59,104 basehttp 9076 134996786407104 "GET /promocodes HTTP/1.1" 301 0
INFO 2026-05-21 10:13:59,104 basehttp 9076 134996786407104 "GET /promocodes HTTP/1.1" 301 0
INFO 2026-05-21 10:13:59,131 basehttp 9076 134996786407104 "GET /promocodes/ HTTP/1.1" 200 18504
INFO 2026-05-21 10:13:59,131 basehttp 9076 134996786407104 "GET /promocodes/ HTTP/1.1" 200 18504
INFO 2026-05-21 10:14:06,308 basehttp 9076 134996786407104 "GET /products HTTP/1.1" 301 0
INFO 2026-05-21 10:14:06,308 basehttp 9076 134996786407104 "GET /products HTTP/1.1" 301 0
INFO 2026-05-21 10:14:06,343 basehttp 9076 134996786407104 "GET /products/ HTTP/1.1" 200 26406
INFO 2026-05-21 10:14:06,343 basehttp 9076 134996786407104 "GET /products/ HTTP/1.1" 200 26406
INFO 2026-05-21 10:14:08,137 basehttp 9076 134996786407104 "GET /mypurchases HTTP/1.1" 301 0
INFO 2026-05-21 10:14:08,137 basehttp 9076 134996786407104 "GET /mypurchases HTTP/1.1" 301 0
INFO 2026-05-21 10:14:08,179 basehttp 9076 134996786407104 "GET /mypurchases/ HTTP/1.1" 200 11353
INFO 2026-05-21 10:14:08,179 basehttp 9076 134996786407104 "GET /mypurchases/ HTTP/1.1" 200 11353
INFO 2026-05-21 10:14:09,022 basehttp 9076 134996786407104 "GET /promocodes HTTP/1.1" 301 0
INFO 2026-05-21 10:14:09,022 basehttp 9076 134996786407104 "GET /promocodes HTTP/1.1" 301 0
INFO 2026-05-21 10:14:09,051 basehttp 9076 134996786407104 "GET /promocodes/ HTTP/1.1" 200 18504
INFO 2026-05-21 10:14:09,051 basehttp 9076 134996786407104 "GET /promocodes/ HTTP/1.1" 200 18504
INFO 2026-05-21 10:14:12,228 basehttp 9076 134996786407104 "GET /products HTTP/1.1" 301 0
INFO 2026-05-21 10:14:12,228 basehttp 9076 134996786407104 "GET /products HTTP/1.1" 301 0
INFO 2026-05-21 10:14:12,263 basehttp 9076 134996786407104 "GET /products/ HTTP/1.1" 200 26406
INFO 2026-05-21 10:14:12,263 basehttp 9076 134996786407104 "GET /products/ HTTP/1.1" 200 26406
INFO 2026-05-21 10:14:13,501 basehttp 9076 134996786407104 "GET /buy_product/24/ HTTP/1.1" 200 9767
INFO 2026-05-21 10:14:13,501 basehttp 9076 134996786407104 "GET /buy_product/24/ HTTP/1.1" 200 9767
INFO 2026-05-21 10:14:24,512 basehttp 9076 134996786407104 "POST /buy_product/24/ HTTP/1.1" 200 10003
INFO 2026-05-21 10:14:24,512 basehttp 9076 134996786407104 "POST /buy_product/24/ HTTP/1.1" 200 10003
INFO 2026-05-21 10:14:35,392 basehttp 9076 134996786407104 "POST /buy_product/24/ HTTP/1.1" 302 0
INFO 2026-05-21 10:14:35,392 basehttp 9076 134996786407104 "POST /buy_product/24/ HTTP/1.1" 302 0
INFO 2026-05-21 10:14:35,417 basehttp 9076 134996786407104 "GET /products/ HTTP/1.1" 200 26406
INFO 2026-05-21 10:14:35,417 basehttp 9076 134996786407104 "GET /products/ HTTP/1.1" 200 26406
INFO 2026-05-21 10:14:37,482 basehttp 9076 134996786407104 "GET /mypurchases HTTP/1.1" 301 0
INFO 2026-05-21 10:14:37,482 basehttp 9076 134996786407104 "GET /mypurchases HTTP/1.1" 301 0
INFO 2026-05-21 10:14:37,515 basehttp 9076 134996786407104 "GET /mypurchases/ HTTP/1.1" 200 12339
INFO 2026-05-21 10:14:37,515 basehttp 9076 134996786407104 "GET /mypurchases/ HTTP/1.1" 200 12339
INFO 2026-05-21 10:14:44,083 basehttp 9076 134996786407104 "GET /logout/ HTTP/1.1" 302 0
INFO 2026-05-21 10:14:44,083 basehttp 9076 134996786407104 "GET /logout/ HTTP/1.1" 302 0
INFO 2026-05-21 10:14:44,104 basehttp 9076 134996786407104 "GET /login/ HTTP/1.1" 200 9140
INFO 2026-05-21 10:14:44,104 basehttp 9076 134996786407104 "GET /login/ HTTP/1.1" 200 9140
INFO 2026-05-21 10:14:46,987 basehttp 9076 134996786407104 "POST /login/ HTTP/1.1" 302 0
INFO 2026-05-21 10:14:46,987 basehttp 9076 134996786407104 "POST /login/ HTTP/1.1" 302 0
INFO 2026-05-21 10:14:47,004 basehttp 9076 134996786407104 "GET /about/ HTTP/1.1" 200 11563
INFO 2026-05-21 10:14:47,004 basehttp 9076 134996786407104 "GET /about/ HTTP/1.1" 200 11563
INFO 2026-05-21 10:14:49,162 basehttp 9076 134996786407104 "GET /sales HTTP/1.1" 301 0
INFO 2026-05-21 10:14:49,162 basehttp 9076 134996786407104 "GET /sales HTTP/1.1" 301 0
INFO 2026-05-21 10:14:49,212 basehttp 9076 134996786407104 "GET /sales/ HTTP/1.1" 200 21886
INFO 2026-05-21 10:14:49,212 basehttp 9076 134996786407104 "GET /sales/ HTTP/1.1" 200 21886
INFO 2026-05-21 10:15:19,392 basehttp 9076 134996786407104 "GET /logout HTTP/1.1" 301 0
INFO 2026-05-21 10:15:19,392 basehttp 9076 134996786407104 "GET /logout HTTP/1.1" 301 0
INFO 2026-05-21 10:15:19,433 basehttp 9076 134996786407104 "GET /logout/ HTTP/1.1" 302 0
INFO 2026-05-21 10:15:19,433 basehttp 9076 134996786407104 "GET /logout/ HTTP/1.1" 302 0
INFO 2026-05-21 10:15:19,455 basehttp 9076 134996786407104 "GET /login/ HTTP/1.1" 200 9140
INFO 2026-05-21 10:15:19,455 basehttp 9076 134996786407104 "GET /login/ HTTP/1.1" 200 9140
INFO 2026-05-21 10:28:35,759 autoreload 7 128357369914176 Watching for file changes with StatReloader
INFO 2026-05-21 10:28:35,759 autoreload 7 128357369914176 Watching for file changes with StatReloader
INFO 2026-05-21 10:31:07,506 autoreload 8 133904833332032 Watching for file changes with StatReloader
INFO 2026-05-21 10:31:07,506 autoreload 8 133904833332032 Watching for file changes with StatReloader
INFO 2026-05-21 10:31:26,645 basehttp 8 133904777344704 "GET / HTTP/1.1" 200 9330
INFO 2026-05-21 10:31:26,645 basehttp 8 133904777344704 "GET / HTTP/1.1" 200 9330
INFO 2026-05-21 10:31:40,596 basehttp 8 133904777344704 "GET /vacancies HTTP/1.1" 301 0
INFO 2026-05-21 10:31:40,596 basehttp 8 133904777344704 "GET /vacancies HTTP/1.1" 301 0
INFO 2026-05-21 10:31:40,621 basehttp 8 133904777344704 "GET /vacancies/ HTTP/1.1" 200 15772
INFO 2026-05-21 10:31:40,621 basehttp 8 133904777344704 "GET /vacancies/ HTTP/1.1" 200 15772
INFO 2026-05-21 10:31:44,666 basehttp 8 133904777344704 "GET /contacts HTTP/1.1" 301 0
INFO 2026-05-21 10:31:44,666 basehttp 8 133904777344704 "GET /contacts HTTP/1.1" 301 0
INFO 2026-05-21 10:31:44,698 basehttp 8 133904777344704 "GET /contacts/ HTTP/1.1" 200 15059
INFO 2026-05-21 10:31:44,698 basehttp 8 133904777344704 "GET /contacts/ HTTP/1.1" 200 15059
INFO 2026-05-21 10:31:44,770 basehttp 8 133904777344704 "GET /media/images/images.jpeg HTTP/1.1" 304 0
INFO 2026-05-21 10:31:44,770 basehttp 8 133904777344704 "GET /media/images/images.jpeg HTTP/1.1" 304 0
INFO 2026-05-21 10:31:44,782 basehttp 8 133904759510720 "GET /media/images/bhqvnjgklwtxfs1i2sxbsuln78ffsj10.png HTTP/1.1" 304 0
INFO 2026-05-21 10:31:44,782 basehttp 8 133904759510720 "GET /media/images/bhqvnjgklwtxfs1i2sxbsuln78ffsj10.png HTTP/1.1" 304 0
INFO 2026-05-21 10:31:44,793 basehttp 8 133904742692544 "GET /media/images/images_5muloCf.jpeg HTTP/1.1" 304 0
INFO 2026-05-21 10:31:44,793 basehttp 8 133904742692544 "GET /media/images/images_5muloCf.jpeg HTTP/1.1" 304 0
INFO 2026-05-21 10:31:44,798 basehttp 8 133904767903424 "GET /media/images/images_78K63yu.jpeg HTTP/1.1" 304 0
INFO 2026-05-21 10:31:44,798 basehttp 8 133904767903424 "GET /media/images/images_78K63yu.jpeg HTTP/1.1" 304 0
INFO 2026-05-21 10:31:44,800 basehttp 8 133904396711616 "GET /media/images/images_IwwhVXU.jpeg HTTP/1.1" 304 0
INFO 2026-05-21 10:31:44,800 basehttp 8 133904396711616 "GET /media/images/images_IwwhVXU.jpeg HTTP/1.1" 304 0
INFO 2026-05-21 10:31:44,800 basehttp 8 133904751101632 "GET /media/images/images_9RErow8.jpeg HTTP/1.1" 304 0
INFO 2026-05-21 10:31:44,800 basehttp 8 133904751101632 "GET /media/images/images_9RErow8.jpeg HTTP/1.1" 304 0
INFO 2026-05-21 10:31:45,729 basehttp 8 133904777344704 "GET /products HTTP/1.1" 301 0
INFO 2026-05-21 10:31:45,729 basehttp 8 133904777344704 "GET /products HTTP/1.1" 301 0
INFO 2026-05-21 10:31:45,773 basehttp 8 133904759510720 "GET /products/ HTTP/1.1" 200 26382
INFO 2026-05-21 10:31:45,773 basehttp 8 133904759510720 "GET /products/ HTTP/1.1" 200 26382
INFO 2026-05-21 10:31:47,652 basehttp 8 133904759510720 "GET /gif HTTP/1.1" 301 0
INFO 2026-05-21 10:31:47,652 basehttp 8 133904759510720 "GET /gif HTTP/1.1" 301 0
INFO 2026-05-21 10:31:48,637 basehttp 8 133904742692544 "GET /gif/ HTTP/1.1" 200 8279
INFO 2026-05-21 10:31:48,637 basehttp 8 133904742692544 "GET /gif/ HTTP/1.1" 200 8279
INFO 2026-05-21 10:31:50,257 basehttp 8 133904742692544 "GET /rand HTTP/1.1" 301 0
INFO 2026-05-21 10:31:50,257 basehttp 8 133904742692544 "GET /rand HTTP/1.1" 301 0
INFO 2026-05-21 10:31:50,658 basehttp 8 133904767903424 "GET /rand/ HTTP/1.1" 200 8797
INFO 2026-05-21 10:31:50,658 basehttp 8 133904767903424 "GET /rand/ HTTP/1.1" 200 8797
INFO 2026-05-21 10:31:52,457 basehttp 8 133904767903424 "GET /rand/ HTTP/1.1" 200 8767
INFO 2026-05-21 10:31:52,457 basehttp 8 133904767903424 "GET /rand/ HTTP/1.1" 200 8767
INFO 2026-05-21 10:31:54,449 basehttp 8 133904767903424 "GET /privacy-policy HTTP/1.1" 301 0
INFO 2026-05-21 10:31:54,449 basehttp 8 133904767903424 "GET /privacy-policy HTTP/1.1" 301 0
INFO 2026-05-21 10:31:54,494 basehttp 8 133904396711616 "GET /privacy-policy/ HTTP/1.1" 200 9756
INFO 2026-05-21 10:31:54,494 basehttp 8 133904396711616 "GET /privacy-policy/ HTTP/1.1" 200 9756
INFO 2026-05-21 10:33:23,390 basehttp 8 133904396711616 "GET /latest HTTP/1.1" 301 0
INFO 2026-05-21 10:33:23,390 basehttp 8 133904396711616 "GET /latest HTTP/1.1" 301 0
INFO 2026-05-21 10:33:23,429 basehttp 8 133904751101632 "GET /latest/ HTTP/1.1" 200 9330
INFO 2026-05-21 10:33:23,429 basehttp 8 133904751101632 "GET /latest/ HTTP/1.1" 200 9330
INFO 2026-05-21 10:33:25,207 basehttp 8 133904751101632 "GET /about HTTP/1.1" 301 0
INFO 2026-05-21 10:33:25,207 basehttp 8 133904751101632 "GET /about HTTP/1.1" 301 0
INFO 2026-05-21 10:33:25,242 basehttp 8 133904751101632 "GET /about/ HTTP/1.1" 200 11329
INFO 2026-05-21 10:33:25,242 basehttp 8 133904751101632 "GET /about/ HTTP/1.1" 200 11329
INFO 2026-05-21 10:33:41,999 basehttp 8 133904751101632 "GET /admin/auth/group/ HTTP/1.1" 302 0
INFO 2026-05-21 10:33:41,999 basehttp 8 133904751101632 "GET /admin/auth/group/ HTTP/1.1" 302 0
INFO 2026-05-21 10:33:42,030 basehttp 8 133904751101632 "GET /admin/login/?next=/admin/auth/group/ HTTP/1.1" 200 4195
INFO 2026-05-21 10:33:42,030 basehttp 8 133904751101632 "GET /admin/login/?next=/admin/auth/group/ HTTP/1.1" 200 4195
INFO 2026-05-21 10:33:42,134 basehttp 8 133904751101632 "GET /static/admin/js/theme.js HTTP/1.1" 200 1653
INFO 2026-05-21 10:33:42,134 basehttp 8 133904751101632 "GET /static/admin/js/theme.js HTTP/1.1" 200 1653
INFO 2026-05-21 10:33:42,145 basehttp 8 133904396711616 "GET /static/admin/js/nav_sidebar.js HTTP/1.1" 200 3063
INFO 2026-05-21 10:33:42,145 basehttp 8 133904396711616 "GET /static/admin/js/nav_sidebar.js HTTP/1.1" 200 3063
INFO 2026-05-21 10:33:42,151 basehttp 8 133904751101632 "GET /static/admin/css/base.css HTTP/1.1" 200 22120
INFO 2026-05-21 10:33:42,151 basehttp 8 133904751101632 "GET /static/admin/css/base.css HTTP/1.1" 200 22120
INFO 2026-05-21 10:33:42,158 basehttp 8 133904767903424 "GET /static/admin/css/dark_mode.css HTTP/1.1" 200 2808
INFO 2026-05-21 10:33:42,159 basehttp 8 133904742692544 "GET /static/admin/css/nav_sidebar.css HTTP/1.1" 200 2810
INFO 2026-05-21 10:33:42,159 basehttp 8 133904742692544 "GET /static/admin/css/nav_sidebar.css HTTP/1.1" 200 2810
INFO 2026-05-21 10:33:42,158 basehttp 8 133904767903424 "GET /static/admin/css/dark_mode.css HTTP/1.1" 200 2808
INFO 2026-05-21 10:33:42,160 basehttp 8 133904396711616 "GET /static/admin/css/responsive.css HTTP/1.1" 200 16565
INFO 2026-05-21 10:33:42,160 basehttp 8 133904396711616 "GET /static/admin/css/responsive.css HTTP/1.1" 200 16565
INFO 2026-05-21 10:33:42,165 basehttp 8 133904759510720 "GET /static/admin/css/login.css HTTP/1.1" 200 951
INFO 2026-05-21 10:33:42,165 basehttp 8 133904759510720 "GET /static/admin/css/login.css HTTP/1.1" 200 951
INFO 2026-05-21 10:33:48,201 basehttp 8 133904751101632 "POST /admin/login/?next=/admin/auth/group/ HTTP/1.1" 302 0
INFO 2026-05-21 10:33:48,201 basehttp 8 133904751101632 "POST /admin/login/?next=/admin/auth/group/ HTTP/1.1" 302 0
INFO 2026-05-21 10:33:48,244 basehttp 8 133904751101632 "GET /admin/auth/group/ HTTP/1.1" 200 12156
INFO 2026-05-21 10:33:48,244 basehttp 8 133904751101632 "GET /admin/auth/group/ HTTP/1.1" 200 12156
INFO 2026-05-21 10:33:48,331 basehttp 8 133904742692544 "GET /static/admin/js/vendor/jquery/jquery.js HTTP/1.1" 200 285314
INFO 2026-05-21 10:33:48,331 basehttp 8 133904742692544 "GET /static/admin/js/vendor/jquery/jquery.js HTTP/1.1" 200 285314
INFO 2026-05-21 10:33:48,336 basehttp 8 133904742692544 "GET /static/admin/css/changelists.css HTTP/1.1" 200 6878
INFO 2026-05-21 10:33:48,336 basehttp 8 133904742692544 "GET /static/admin/css/changelists.css HTTP/1.1" 200 6878
INFO 2026-05-21 10:33:48,350 basehttp 8 133904396711616 "GET /admin/jsi18n/ HTTP/1.1" 200 3342
INFO 2026-05-21 10:33:48,350 basehttp 8 133904396711616 "GET /admin/jsi18n/ HTTP/1.1" 200 3342
INFO 2026-05-21 10:33:48,351 basehttp 8 133904742692544 "GET /static/admin/js/jquery.init.js HTTP/1.1" 200 347
INFO 2026-05-21 10:33:48,359 basehttp 8 133904751101632 "GET /static/admin/js/actions.js HTTP/1.1" 200 8076
INFO 2026-05-21 10:33:48,357 basehttp 8 133904388318912 "GET /static/admin/js/urlify.js HTTP/1.1" 200 7887
INFO 2026-05-21 10:33:48,360 basehttp 8 133904759510720 "GET /static/admin/js/admin/RelatedObjectLookups.js HTTP/1.1" 200 9777
INFO 2026-05-21 10:33:48,351 basehttp 8 133904742692544 "GET /static/admin/js/jquery.init.js HTTP/1.1" 200 347
INFO 2026-05-21 10:33:48,359 basehttp 8 133904751101632 "GET /static/admin/js/actions.js HTTP/1.1" 200 8076
INFO 2026-05-21 10:33:48,357 basehttp 8 133904388318912 "GET /static/admin/js/urlify.js HTTP/1.1" 200 7887
INFO 2026-05-21 10:33:48,361 basehttp 8 133904767903424 "GET /static/admin/js/core.js HTTP/1.1" 200 6208
INFO 2026-05-21 10:33:48,361 basehttp 8 133904767903424 "GET /static/admin/js/core.js HTTP/1.1" 200 6208
INFO 2026-05-21 10:33:48,361 basehttp 8 133904396711616 "GET /static/admin/js/prepopulate.js HTTP/1.1" 200 1531
INFO 2026-05-21 10:33:48,360 basehttp 8 133904759510720 "GET /static/admin/js/admin/RelatedObjectLookups.js HTTP/1.1" 200 9777
INFO 2026-05-21 10:33:48,361 basehttp 8 133904396711616 "GET /static/admin/js/prepopulate.js HTTP/1.1" 200 1531
INFO 2026-05-21 10:33:48,372 basehttp 8 133904759510720 "GET /static/admin/js/filters.js HTTP/1.1" 200 978
INFO 2026-05-21 10:33:48,372 basehttp 8 133904759510720 "GET /static/admin/js/filters.js HTTP/1.1" 200 978
INFO 2026-05-21 10:33:48,393 basehttp 8 133904388318912 "GET /static/admin/js/vendor/xregexp/xregexp.js HTTP/1.1" 200 325171
INFO 2026-05-21 10:33:48,393 basehttp 8 133904388318912 "GET /static/admin/js/vendor/xregexp/xregexp.js HTTP/1.1" 200 325171
INFO 2026-05-21 10:33:48,480 basehttp 8 133904388318912 "GET /static/admin/img/search.svg HTTP/1.1" 200 458
INFO 2026-05-21 10:33:48,480 basehttp 8 133904388318912 "GET /static/admin/img/search.svg HTTP/1.1" 200 458
INFO 2026-05-21 10:33:48,485 basehttp 8 133904742692544 "GET /static/admin/img/icon-addlink.svg HTTP/1.1" 200 331
INFO 2026-05-21 10:33:48,485 basehttp 8 133904742692544 "GET /static/admin/img/icon-addlink.svg HTTP/1.1" 200 331
INFO 2026-05-21 10:33:48,504 basehttp 8 133904388318912 "GET /static/admin/img/tooltag-add.svg HTTP/1.1" 200 331
INFO 2026-05-21 10:33:48,504 basehttp 8 133904388318912 "GET /static/admin/img/tooltag-add.svg HTTP/1.1" 200 331
INFO 2026-05-21 10:33:52,917 basehttp 8 133904388318912 "GET /admin/auth/group/add/ HTTP/1.1" 200 19311
INFO 2026-05-21 10:33:52,917 basehttp 8 133904388318912 "GET /admin/auth/group/add/ HTTP/1.1" 200 19311
INFO 2026-05-21 10:33:53,044 basehttp 8 133904742692544 "GET /static/admin/js/SelectBox.js HTTP/1.1" 200 4530
INFO 2026-05-21 10:33:53,045 basehttp 8 133904759510720 "GET /static/admin/js/change_form.js HTTP/1.1" 200 606
INFO 2026-05-21 10:33:53,045 basehttp 8 133904759510720 "GET /static/admin/js/change_form.js HTTP/1.1" 200 606
INFO 2026-05-21 10:33:53,047 basehttp 8 133904767903424 "GET /static/admin/js/prepopulate_init.js HTTP/1.1" 200 586
INFO 2026-05-21 10:33:53,047 basehttp 8 133904767903424 "GET /static/admin/js/prepopulate_init.js HTTP/1.1" 200 586
INFO 2026-05-21 10:33:53,048 basehttp 8 133904396711616 "GET /static/admin/js/SelectFilter2.js HTTP/1.1" 200 15709
INFO 2026-05-21 10:33:53,048 basehttp 8 133904396711616 "GET /static/admin/js/SelectFilter2.js HTTP/1.1" 200 15709
INFO 2026-05-21 10:33:53,049 basehttp 8 133904388318912 "GET /admin/jsi18n/ HTTP/1.1" 200 3342
INFO 2026-05-21 10:33:53,049 basehttp 8 133904388318912 "GET /admin/jsi18n/ HTTP/1.1" 200 3342
INFO 2026-05-21 10:33:53,044 basehttp 8 133904742692544 "GET /static/admin/js/SelectBox.js HTTP/1.1" 200 4530
INFO 2026-05-21 10:33:53,056 basehttp 8 133904388318912 "GET /static/admin/css/forms.css HTTP/1.1" 200 8525
INFO 2026-05-21 10:33:53,056 basehttp 8 133904388318912 "GET /static/admin/css/forms.css HTTP/1.1" 200 8525
INFO 2026-05-21 10:33:53,174 basehttp 8 133904388318912 "GET /static/admin/css/widgets.css HTTP/1.1" 200 11991
INFO 2026-05-21 10:33:53,174 basehttp 8 133904388318912 "GET /static/admin/css/widgets.css HTTP/1.1" 200 11991
INFO 2026-05-21 10:33:53,262 basehttp 8 133904388318912 "GET /static/admin/img/selector-icons.svg HTTP/1.1" 200 3291
INFO 2026-05-21 10:33:53,262 basehttp 8 133904388318912 "GET /static/admin/img/selector-icons.svg HTTP/1.1" 200 3291
INFO 2026-05-21 10:34:11,176 basehttp 8 133904388318912 "GET /admin/auth/group/ HTTP/1.1" 200 12156
INFO 2026-05-21 10:34:11,176 basehttp 8 133904388318912 "GET /admin/auth/group/ HTTP/1.1" 200 12156
INFO 2026-05-21 10:34:27,488 basehttp 8 133904388318912 "GET /admin/auth/user/ HTTP/1.1" 200 16673
INFO 2026-05-21 10:34:27,488 basehttp 8 133904388318912 "GET /admin/auth/user/ HTTP/1.1" 200 16673
INFO 2026-05-21 10:34:27,576 basehttp 8 133904388318912 "GET /static/admin/css/base.css HTTP/1.1" 304 0
INFO 2026-05-21 10:34:27,576 basehttp 8 133904388318912 "GET /static/admin/css/base.css HTTP/1.1" 304 0
INFO 2026-05-21 10:34:27,577 basehttp 8 133904396711616 "GET /static/admin/js/theme.js HTTP/1.1" 304 0
INFO 2026-05-21 10:34:27,577 basehttp 8 133904396711616 "GET /static/admin/js/theme.js HTTP/1.1" 304 0
INFO 2026-05-21 10:34:27,580 basehttp 8 133904742692544 "GET /static/admin/css/dark_mode.css HTTP/1.1" 304 0
INFO 2026-05-21 10:34:27,580 basehttp 8 133904742692544 "GET /static/admin/css/dark_mode.css HTTP/1.1" 304 0
INFO 2026-05-21 10:34:27,586 basehttp 8 133904388318912 "GET /static/admin/js/nav_sidebar.js HTTP/1.1" 304 0
INFO 2026-05-21 10:34:27,586 basehttp 8 133904388318912 "GET /static/admin/js/nav_sidebar.js HTTP/1.1" 304 0
INFO 2026-05-21 10:34:27,593 basehttp 8 133904759510720 "GET /static/admin/css/nav_sidebar.css HTTP/1.1" 304 0
INFO 2026-05-21 10:34:27,593 basehttp 8 133904759510720 "GET /static/admin/css/nav_sidebar.css HTTP/1.1" 304 0
INFO 2026-05-21 10:34:27,597 basehttp 8 133904396711616 "GET /static/admin/js/vendor/jquery/jquery.js HTTP/1.1" 304 0
INFO 2026-05-21 10:34:27,600 basehttp 8 133904767903424 "GET /static/admin/css/changelists.css HTTP/1.1" 304 0
INFO 2026-05-21 10:34:27,601 basehttp 8 133904759510720 "GET /static/admin/js/core.js HTTP/1.1" 304 0
INFO 2026-05-21 10:34:27,601 basehttp 8 133904759510720 "GET /static/admin/js/core.js HTTP/1.1" 304 0
INFO 2026-05-21 10:34:27,600 basehttp 8 133904767903424 "GET /static/admin/css/changelists.css HTTP/1.1" 304 0
INFO 2026-05-21 10:34:27,597 basehttp 8 133904396711616 "GET /static/admin/js/vendor/jquery/jquery.js HTTP/1.1" 304 0
INFO 2026-05-21 10:34:27,603 basehttp 8 133904751101632 "GET /static/admin/js/jquery.init.js HTTP/1.1" 304 0
INFO 2026-05-21 10:34:27,603 basehttp 8 133904751101632 "GET /static/admin/js/jquery.init.js HTTP/1.1" 304 0
INFO 2026-05-21 10:34:27,611 basehttp 8 133904767903424 "GET /static/admin/js/admin/RelatedObjectLookups.js HTTP/1.1" 304 0
INFO 2026-05-21 10:34:27,611 basehttp 8 133904767903424 "GET /static/admin/js/admin/RelatedObjectLookups.js HTTP/1.1" 304 0
INFO 2026-05-21 10:34:27,612 basehttp 8 133904742692544 "GET /admin/jsi18n/ HTTP/1.1" 200 3342
INFO 2026-05-21 10:34:27,612 basehttp 8 133904742692544 "GET /admin/jsi18n/ HTTP/1.1" 200 3342
INFO 2026-05-21 10:34:27,614 basehttp 8 133904751101632 "GET /static/admin/js/actions.js HTTP/1.1" 304 0
INFO 2026-05-21 10:34:27,614 basehttp 8 133904751101632 "GET /static/admin/js/actions.js HTTP/1.1" 304 0
INFO 2026-05-21 10:34:27,616 basehttp 8 133904742692544 "GET /static/admin/js/urlify.js HTTP/1.1" 304 0
INFO 2026-05-21 10:34:27,616 basehttp 8 133904742692544 "GET /static/admin/js/urlify.js HTTP/1.1" 304 0
INFO 2026-05-21 10:34:27,629 basehttp 8 133904388318912 "GET /static/admin/js/prepopulate.js HTTP/1.1" 304 0
INFO 2026-05-21 10:34:27,629 basehttp 8 133904388318912 "GET /static/admin/js/prepopulate.js HTTP/1.1" 304 0
INFO 2026-05-21 10:34:27,637 basehttp 8 133904396711616 "GET /static/admin/js/vendor/xregexp/xregexp.js HTTP/1.1" 304 0
INFO 2026-05-21 10:34:27,637 basehttp 8 133904396711616 "GET /static/admin/js/vendor/xregexp/xregexp.js HTTP/1.1" 304 0
INFO 2026-05-21 10:34:27,645 basehttp 8 133904759510720 "GET /static/admin/js/filters.js HTTP/1.1" 304 0
INFO 2026-05-21 10:34:27,645 basehttp 8 133904759510720 "GET /static/admin/js/filters.js HTTP/1.1" 304 0
INFO 2026-05-21 10:34:27,651 basehttp 8 133904767903424 "GET /static/admin/css/responsive.css HTTP/1.1" 304 0
INFO 2026-05-21 10:34:27,651 basehttp 8 133904767903424 "GET /static/admin/css/responsive.css HTTP/1.1" 304 0
INFO 2026-05-21 10:34:27,699 basehttp 8 133904742692544 "GET /static/admin/img/icon-yes.svg HTTP/1.1" 200 436
INFO 2026-05-21 10:34:27,699 basehttp 8 133904742692544 "GET /static/admin/img/icon-yes.svg HTTP/1.1" 200 436
INFO 2026-05-21 10:34:27,700 basehttp 8 133904388318912 "GET /static/admin/img/icon-no.svg HTTP/1.1" 200 560
INFO 2026-05-21 10:34:27,700 basehttp 8 133904388318912 "GET /static/admin/img/icon-no.svg HTTP/1.1" 200 560
INFO 2026-05-21 10:34:27,756 basehttp 8 133904388318912 "GET /static/admin/img/search.svg HTTP/1.1" 304 0
INFO 2026-05-21 10:34:27,756 basehttp 8 133904388318912 "GET /static/admin/img/search.svg HTTP/1.1" 304 0
INFO 2026-05-21 10:34:27,795 basehttp 8 133904396711616 "GET /static/admin/img/tooltag-add.svg HTTP/1.1" 304 0
INFO 2026-05-21 10:34:27,795 basehttp 8 133904759510720 "GET /static/admin/img/sorting-icons.svg HTTP/1.1" 200 1097
INFO 2026-05-21 10:34:27,795 basehttp 8 133904742692544 "GET /static/admin/img/icon-addlink.svg HTTP/1.1" 304 0
INFO 2026-05-21 10:34:27,796 basehttp 8 133904767903424 "GET /static/admin/img/icon-viewlink.svg HTTP/1.1" 200 581
INFO 2026-05-21 10:34:27,795 basehttp 8 133904396711616 "GET /static/admin/img/tooltag-add.svg HTTP/1.1" 304 0
INFO 2026-05-21 10:34:27,796 basehttp 8 133904767903424 "GET /static/admin/img/icon-viewlink.svg HTTP/1.1" 200 581
INFO 2026-05-21 10:34:27,795 basehttp 8 133904742692544 "GET /static/admin/img/icon-addlink.svg HTTP/1.1" 304 0
INFO 2026-05-21 10:34:27,795 basehttp 8 133904759510720 "GET /static/admin/img/sorting-icons.svg HTTP/1.1" 200 1097
INFO 2026-05-21 10:34:40,540 basehttp 8 133904388318912 "GET /about/ HTTP/1.1" 200 11563
INFO 2026-05-21 10:34:40,540 basehttp 8 133904388318912 "GET /about/ HTTP/1.1" 200 11563
INFO 2026-05-21 10:34:43,265 basehttp 8 133904388318912 "GET /news HTTP/1.1" 301 0
INFO 2026-05-21 10:34:43,265 basehttp 8 133904388318912 "GET /news HTTP/1.1" 301 0
INFO 2026-05-21 10:34:43,302 basehttp 8 133904742692544 "GET /news/ HTTP/1.1" 200 11153
INFO 2026-05-21 10:34:43,302 basehttp 8 133904742692544 "GET /news/ HTTP/1.1" 200 11153
INFO 2026-05-21 10:34:43,424 basehttp 8 133904742692544 "GET /media/images/images_xBTjkGg.jpeg HTTP/1.1" 304 0
INFO 2026-05-21 10:34:43,424 basehttp 8 133904742692544 "GET /media/images/images_xBTjkGg.jpeg HTTP/1.1" 304 0
INFO 2026-05-21 10:34:43,428 basehttp 8 133904396711616 "GET /media/images/images.png HTTP/1.1" 304 0
INFO 2026-05-21 10:34:43,428 basehttp 8 133904396711616 "GET /media/images/images.png HTTP/1.1" 304 0
INFO 2026-05-21 10:34:43,431 basehttp 8 133904742692544 "GET /media/images/images_xbSwZna.jpeg HTTP/1.1" 304 0
INFO 2026-05-21 10:34:43,431 basehttp 8 133904742692544 "GET /media/images/images_xbSwZna.jpeg HTTP/1.1" 304 0
INFO 2026-05-21 10:34:44,181 basehttp 8 133904742692544 "GET /vacancies HTTP/1.1" 301 0
INFO 2026-05-21 10:34:44,181 basehttp 8 133904742692544 "GET /vacancies HTTP/1.1" 301 0
INFO 2026-05-21 10:34:44,206 basehttp 8 133904751101632 "GET /vacancies/ HTTP/1.1" 200 16026
INFO 2026-05-21 10:34:44,206 basehttp 8 133904751101632 "GET /vacancies/ HTTP/1.1" 200 16026
INFO 2026-05-21 10:34:47,463 basehttp 8 133904751101632 "GET /faq HTTP/1.1" 301 0
INFO 2026-05-21 10:34:47,463 basehttp 8 133904751101632 "GET /faq HTTP/1.1" 301 0
INFO 2026-05-21 10:34:47,503 basehttp 8 133904396711616 "GET /faq/ HTTP/1.1" 200 12590
INFO 2026-05-21 10:34:47,503 basehttp 8 133904396711616 "GET /faq/ HTTP/1.1" 200 12590
INFO 2026-05-21 10:34:50,310 basehttp 8 133904396711616 "GET /contacts HTTP/1.1" 301 0
INFO 2026-05-21 10:34:50,310 basehttp 8 133904396711616 "GET /contacts HTTP/1.1" 301 0
INFO 2026-05-21 10:34:50,349 basehttp 8 133904759510720 "GET /contacts/ HTTP/1.1" 200 15313
INFO 2026-05-21 10:34:50,349 basehttp 8 133904759510720 "GET /contacts/ HTTP/1.1" 200 15313
INFO 2026-05-21 10:34:52,947 basehttp 8 133904759510720 "GET /products HTTP/1.1" 301 0
INFO 2026-05-21 10:34:52,947 basehttp 8 133904759510720 "GET /products HTTP/1.1" 301 0
INFO 2026-05-21 10:34:52,987 basehttp 8 133904767903424 "GET /products/ HTTP/1.1" 200 28073
INFO 2026-05-21 10:34:52,987 basehttp 8 133904767903424 "GET /products/ HTTP/1.1" 200 28073
INFO 2026-05-21 10:34:57,890 basehttp 8 133904767903424 "GET /rand HTTP/1.1" 301 0
INFO 2026-05-21 10:34:57,890 basehttp 8 133904767903424 "GET /rand HTTP/1.1" 301 0
INFO 2026-05-21 10:34:58,245 basehttp 8 133904767903424 "GET /rand/ HTTP/1.1" 200 9037
INFO 2026-05-21 10:34:58,245 basehttp 8 133904767903424 "GET /rand/ HTTP/1.1" 200 9037
INFO 2026-05-21 10:34:58,841 basehttp 8 133904767903424 "GET /privacy-policy HTTP/1.1" 301 0
INFO 2026-05-21 10:34:58,841 basehttp 8 133904767903424 "GET /privacy-policy HTTP/1.1" 301 0
INFO 2026-05-21 10:34:58,863 basehttp 8 133904767903424 "GET /privacy-policy/ HTTP/1.1" 200 10010
INFO 2026-05-21 10:34:58,863 basehttp 8 133904767903424 "GET /privacy-policy/ HTTP/1.1" 200 10010
INFO 2026-05-21 10:34:59,800 basehttp 8 133904767903424 "GET /promocodes HTTP/1.1" 301 0
INFO 2026-05-21 10:34:59,800 basehttp 8 133904767903424 "GET /promocodes HTTP/1.1" 301 0
INFO 2026-05-21 10:34:59,843 basehttp 8 133904767903424 "GET /promocodes/ HTTP/1.1" 200 18474
INFO 2026-05-21 10:34:59,843 basehttp 8 133904767903424 "GET /promocodes/ HTTP/1.1" 200 18474
INFO 2026-05-21 10:35:01,154 basehttp 8 133904767903424 "GET /sales HTTP/1.1" 301 0
INFO 2026-05-21 10:35:01,154 basehttp 8 133904767903424 "GET /sales HTTP/1.1" 301 0
INFO 2026-05-21 10:35:01,215 basehttp 8 133904767903424 "GET /sales/ HTTP/1.1" 200 21886
INFO 2026-05-21 10:35:01,215 basehttp 8 133904767903424 "GET /sales/ HTTP/1.1" 200 21886
INFO 2026-05-21 10:35:17,160 basehttp 8 133904767903424 "GET /admin/OnlineShop/vacancy/ HTTP/1.1" 200 14154
INFO 2026-05-21 10:35:17,160 basehttp 8 133904767903424 "GET /admin/OnlineShop/vacancy/ HTTP/1.1" 200 14154
INFO 2026-05-21 10:35:17,235 basehttp 8 133904767903424 "GET /static/admin/css/base.css HTTP/1.1" 304 0
INFO 2026-05-21 10:35:17,235 basehttp 8 133904767903424 "GET /static/admin/css/base.css HTTP/1.1" 304 0
INFO 2026-05-21 10:35:17,252 basehttp 8 133904767903424 "GET /static/admin/css/dark_mode.css HTTP/1.1" 304 0
INFO 2026-05-21 10:35:17,252 basehttp 8 133904767903424 "GET /static/admin/css/dark_mode.css HTTP/1.1" 304 0
INFO 2026-05-21 10:35:17,257 basehttp 8 133904759510720 "GET /static/admin/js/theme.js HTTP/1.1" 304 0
INFO 2026-05-21 10:35:17,257 basehttp 8 133904759510720 "GET /static/admin/js/theme.js HTTP/1.1" 304 0
INFO 2026-05-21 10:35:17,262 basehttp 8 133904759510720 "GET /static/admin/css/nav_sidebar.css HTTP/1.1" 304 0
INFO 2026-05-21 10:35:17,262 basehttp 8 133904759510720 "GET /static/admin/css/nav_sidebar.css HTTP/1.1" 304 0
INFO 2026-05-21 10:35:17,268 basehttp 8 133904396711616 "GET /static/admin/js/nav_sidebar.js HTTP/1.1" 304 0
INFO 2026-05-21 10:35:17,268 basehttp 8 133904396711616 "GET /static/admin/js/nav_sidebar.js HTTP/1.1" 304 0
INFO 2026-05-21 10:35:17,283 basehttp 8 133904396711616 "GET /static/admin/js/vendor/jquery/jquery.js HTTP/1.1" 304 0
INFO 2026-05-21 10:35:17,287 basehttp 8 133904388318912 "GET /static/admin/js/jquery.init.js HTTP/1.1" 304 0
INFO 2026-05-21 10:35:17,287 basehttp 8 133904388318912 "GET /static/admin/js/jquery.init.js HTTP/1.1" 304 0
INFO 2026-05-21 10:35:17,285 basehttp 8 133904751101632 "GET /static/admin/css/changelists.css HTTP/1.1" 304 0
INFO 2026-05-21 10:35:17,285 basehttp 8 133904751101632 "GET /static/admin/css/changelists.css HTTP/1.1" 304 0
INFO 2026-05-21 10:35:17,283 basehttp 8 133904396711616 "GET /static/admin/js/vendor/jquery/jquery.js HTTP/1.1" 304 0
INFO 2026-05-21 10:35:17,294 basehttp 8 133904751101632 "GET /static/admin/js/core.js HTTP/1.1" 304 0
INFO 2026-05-21 10:35:17,294 basehttp 8 133904751101632 "GET /static/admin/js/core.js HTTP/1.1" 304 0
INFO 2026-05-21 10:35:17,295 basehttp 8 133904388318912 "GET /static/admin/js/admin/RelatedObjectLookups.js HTTP/1.1" 304 0
INFO 2026-05-21 10:35:17,295 basehttp 8 133904388318912 "GET /static/admin/js/admin/RelatedObjectLookups.js HTTP/1.1" 304 0
INFO 2026-05-21 10:35:17,298 basehttp 8 133904742708928 "GET /admin/jsi18n/ HTTP/1.1" 200 3342
INFO 2026-05-21 10:35:17,298 basehttp 8 133904742708928 "GET /admin/jsi18n/ HTTP/1.1" 200 3342
INFO 2026-05-21 10:35:17,303 basehttp 8 133904767903424 "GET /static/admin/js/actions.js HTTP/1.1" 304 0
INFO 2026-05-21 10:35:17,303 basehttp 8 133904767903424 "GET /static/admin/js/actions.js HTTP/1.1" 304 0
INFO 2026-05-21 10:35:17,308 basehttp 8 133904742708928 "GET /static/admin/js/urlify.js HTTP/1.1" 304 0
INFO 2026-05-21 10:35:17,308 basehttp 8 133904742708928 "GET /static/admin/js/urlify.js HTTP/1.1" 304 0
INFO 2026-05-21 10:35:17,314 basehttp 8 133904759510720 "GET /static/admin/js/prepopulate.js HTTP/1.1" 304 0
INFO 2026-05-21 10:35:17,314 basehttp 8 133904759510720 "GET /static/admin/js/prepopulate.js HTTP/1.1" 304 0
INFO 2026-05-21 10:35:17,327 basehttp 8 133904396711616 "GET /static/admin/js/vendor/xregexp/xregexp.js HTTP/1.1" 304 0
INFO 2026-05-21 10:35:17,327 basehttp 8 133904396711616 "GET /static/admin/js/vendor/xregexp/xregexp.js HTTP/1.1" 304 0
INFO 2026-05-21 10:35:17,342 basehttp 8 133904388318912 "GET /static/admin/css/responsive.css HTTP/1.1" 304 0
INFO 2026-05-21 10:35:17,342 basehttp 8 133904388318912 "GET /static/admin/css/responsive.css HTTP/1.1" 304 0
INFO 2026-05-21 10:35:17,344 basehttp 8 133904751101632 "GET /static/admin/js/filters.js HTTP/1.1" 304 0
INFO 2026-05-21 10:35:17,344 basehttp 8 133904751101632 "GET /static/admin/js/filters.js HTTP/1.1" 304 0
INFO 2026-05-21 10:35:17,452 basehttp 8 133904742708928 "GET /static/admin/img/icon-addlink.svg HTTP/1.1" 304 0
INFO 2026-05-21 10:35:17,452 basehttp 8 133904742708928 "GET /static/admin/img/icon-addlink.svg HTTP/1.1" 304 0
INFO 2026-05-21 10:35:17,460 basehttp 8 133904742708928 "GET /static/admin/img/tooltag-add.svg HTTP/1.1" 304 0
INFO 2026-05-21 10:35:17,460 basehttp 8 133904742708928 "GET /static/admin/img/tooltag-add.svg HTTP/1.1" 304 0
INFO 2026-05-21 10:35:18,136 basehttp 8 133904767903424 "GET /admin/OnlineShop/sale/ HTTP/1.1" 200 13441
INFO 2026-05-21 10:35:18,136 basehttp 8 133904767903424 "GET /admin/OnlineShop/sale/ HTTP/1.1" 200 13441
INFO 2026-05-21 10:35:18,194 basehttp 8 133904742708928 "GET /admin/jsi18n/ HTTP/1.1" 200 3342
INFO 2026-05-21 10:35:18,194 basehttp 8 133904742708928 "GET /admin/jsi18n/ HTTP/1.1" 200 3342
INFO 2026-05-21 10:35:20,454 basehttp 8 133904767903424 "GET /admin/OnlineShop/vacancy/ HTTP/1.1" 200 14154
INFO 2026-05-21 10:35:20,454 basehttp 8 133904767903424 "GET /admin/OnlineShop/vacancy/ HTTP/1.1" 200 14154
INFO 2026-05-21 10:35:20,579 basehttp 8 133904742708928 "GET /admin/jsi18n/ HTTP/1.1" 200 3342
INFO 2026-05-21 10:35:20,579 basehttp 8 133904742708928 "GET /admin/jsi18n/ HTTP/1.1" 200 3342
INFO 2026-05-21 10:35:22,368 basehttp 8 133904767903424 "GET /admin/OnlineShop/promocode/ HTTP/1.1" 200 13975
INFO 2026-05-21 10:35:22,368 basehttp 8 133904767903424 "GET /admin/OnlineShop/promocode/ HTTP/1.1" 200 13975
INFO 2026-05-21 10:35:22,447 basehttp 8 133904742708928 "GET /admin/jsi18n/ HTTP/1.1" 200 3342
INFO 2026-05-21 10:35:22,447 basehttp 8 133904742708928 "GET /admin/jsi18n/ HTTP/1.1" 200 3342
INFO 2026-05-21 10:35:23,994 basehttp 8 133904767903424 "GET /admin/OnlineShop/product/ HTTP/1.1" 200 16527
INFO 2026-05-21 10:35:23,994 basehttp 8 133904767903424 "GET /admin/OnlineShop/product/ HTTP/1.1" 200 16527
INFO 2026-05-21 10:35:24,029 basehttp 8 133904767903424 "GET /admin/OnlineShop/product/ HTTP/1.1" 200 16527
INFO 2026-05-21 10:35:24,029 basehttp 8 133904767903424 "GET /admin/OnlineShop/product/ HTTP/1.1" 200 16527
INFO 2026-05-21 10:35:24,099 basehttp 8 133904742708928 "GET /admin/jsi18n/ HTTP/1.1" 200 3342
INFO 2026-05-21 10:35:24,099 basehttp 8 133904742708928 "GET /admin/jsi18n/ HTTP/1.1" 200 3342
INFO 2026-05-21 10:35:25,740 basehttp 8 133904767903424 "GET /admin/OnlineShop/faq/ HTTP/1.1" 200 15380
INFO 2026-05-21 10:35:25,740 basehttp 8 133904767903424 "GET /admin/OnlineShop/faq/ HTTP/1.1" 200 15380
INFO 2026-05-21 10:35:25,851 basehttp 8 133904742708928 "GET /admin/jsi18n/ HTTP/1.1" 200 3342
INFO 2026-05-21 10:35:25,851 basehttp 8 133904742708928 "GET /admin/jsi18n/ HTTP/1.1" 200 3342
INFO 2026-05-21 10:35:30,583 basehttp 8 133904767903424 "GET /admin/OnlineShop/category/ HTTP/1.1" 200 14380
INFO 2026-05-21 10:35:30,583 basehttp 8 133904767903424 "GET /admin/OnlineShop/category/ HTTP/1.1" 200 14380
INFO 2026-05-21 10:35:30,645 basehttp 8 133904742708928 "GET /admin/jsi18n/ HTTP/1.1" 200 3342
INFO 2026-05-21 10:35:30,645 basehttp 8 133904742708928 "GET /admin/jsi18n/ HTTP/1.1" 200 3342
INFO 2026-05-21 10:35:33,238 basehttp 8 133904767903424 "GET /admin/OnlineShop/article/ HTTP/1.1" 200 13782
INFO 2026-05-21 10:35:33,238 basehttp 8 133904767903424 "GET /admin/OnlineShop/article/ HTTP/1.1" 200 13782
INFO 2026-05-21 10:35:33,332 basehttp 8 133904742708928 "GET /admin/jsi18n/ HTTP/1.1" 200 3342
INFO 2026-05-21 10:35:33,332 basehttp 8 133904742708928 "GET /admin/jsi18n/ HTTP/1.1" 200 3342
INFO 2026-05-21 11:01:58,735 basehttp 8 133904767903424 "GET /sales/ HTTP/1.1" 200 21886
INFO 2026-05-21 11:01:58,735 basehttp 8 133904767903424 "GET /sales/ HTTP/1.1" 200 21886
INFO 2026-05-21 11:03:20,722 basehttp 8 133904767903424 "GET /sales/ HTTP/1.1" 200 21886
INFO 2026-05-21 11:03:20,722 basehttp 8 133904767903424 "GET /sales/ HTTP/1.1" 200 21886
INFO 2026-05-21 11:03:20,798 basehttp 8 133904767903424 "GET /static/css/styles.css HTTP/1.1" 200 5989
INFO 2026-05-21 11:03:20,798 basehttp 8 133904767903424 "GET /static/css/styles.css HTTP/1.1" 200 5989
INFO 2026-05-21 11:03:20,806 basehttp 8 133904742708928 "GET /static/js/navigation.js HTTP/1.1" 200 309
INFO 2026-05-21 11:03:20,806 basehttp 8 133904742708928 "GET /static/js/navigation.js HTTP/1.1" 200 309
INFO 2026-05-21 11:03:21,139 basehttp 8 133904742708928 "GET /media/stats/sale_statistics.png HTTP/1.1" 200 25863
INFO 2026-05-21 11:03:21,139 basehttp 8 133904742708928 "GET /media/stats/sale_statistics.png HTTP/1.1" 200 25863
WARNING 2026-05-21 11:03:21,169 basehttp 8 133904742708928 "GET /favicon.ico HTTP/1.1" 404 6407
WARNING 2026-05-21 11:03:21,169 basehttp 8 133904742708928 "GET /favicon.ico HTTP/1.1" 404 6407
INFO 2026-05-21 11:04:10,135 basehttp 8 133904742708928 "GET /products HTTP/1.1" 301 0
INFO 2026-05-21 11:04:10,135 basehttp 8 133904742708928 "GET /products HTTP/1.1" 301 0
INFO 2026-05-21 11:04:10,181 basehttp 8 133904767903424 "GET /products/ HTTP/1.1" 200 28073
INFO 2026-05-21 11:04:10,181 basehttp 8 133904767903424 "GET /products/ HTTP/1.1" 200 28073
INFO 2026-05-21 11:04:13,805 basehttp 8 133904767903424 "GET /login/?next=/buy_product/25/ HTTP/1.1" 200 9140
INFO 2026-05-21 11:04:13,805 basehttp 8 133904767903424 "GET /login/?next=/buy_product/25/ HTTP/1.1" 200 9140
INFO 2026-05-21 11:04:17,870 basehttp 8 133904767903424 "POST /login/?next=/buy_product/25/ HTTP/1.1" 302 0
INFO 2026-05-21 11:04:17,870 basehttp 8 133904767903424 "POST /login/?next=/buy_product/25/ HTTP/1.1" 302 0
INFO 2026-05-21 11:04:17,896 basehttp 8 133904767903424 "GET /about/ HTTP/1.1" 200 11584
INFO 2026-05-21 11:04:17,896 basehttp 8 133904767903424 "GET /about/ HTTP/1.1" 200 11584
INFO 2026-05-21 11:04:20,551 basehttp 8 133904767903424 "GET /logout HTTP/1.1" 301 0
INFO 2026-05-21 11:04:20,551 basehttp 8 133904767903424 "GET /logout HTTP/1.1" 301 0
INFO 2026-05-21 11:04:20,602 basehttp 8 133904767903424 "GET /logout/ HTTP/1.1" 302 0
INFO 2026-05-21 11:04:20,602 basehttp 8 133904767903424 "GET /logout/ HTTP/1.1" 302 0
INFO 2026-05-21 11:04:20,635 basehttp 8 133904767903424 "GET /login/ HTTP/1.1" 200 9140
INFO 2026-05-21 11:04:20,635 basehttp 8 133904767903424 "GET /login/ HTTP/1.1" 200 9140
INFO 2026-05-21 11:04:22,913 basehttp 8 133904767903424 "GET /register/ HTTP/1.1" 200 8790
INFO 2026-05-21 11:04:22,913 basehttp 8 133904767903424 "GET /register/ HTTP/1.1" 200 8790
INFO 2026-05-21 11:05:33,885 basehttp 8 133904767903424 "POST /register/ HTTP/1.1" 302 0
INFO 2026-05-21 11:05:33,885 basehttp 8 133904767903424 "POST /register/ HTTP/1.1" 302 0
INFO 2026-05-21 11:05:33,948 basehttp 8 133904767903424 "GET /about/ HTTP/1.1" 200 11591
INFO 2026-05-21 11:05:33,948 basehttp 8 133904767903424 "GET /about/ HTTP/1.1" 200 11591
INFO 2026-05-21 11:05:45,504 basehttp 8 133904767903424 "GET /products HTTP/1.1" 301 0
INFO 2026-05-21 11:05:45,504 basehttp 8 133904767903424 "GET /products HTTP/1.1" 301 0
INFO 2026-05-21 11:05:45,546 basehttp 8 133904767903424 "GET /products/ HTTP/1.1" 200 26404
INFO 2026-05-21 11:05:45,546 basehttp 8 133904767903424 "GET /products/ HTTP/1.1" 200 26404
INFO 2026-05-21 11:05:49,215 basehttp 8 133904767903424 "GET /buy_product/25/ HTTP/1.1" 200 9756
INFO 2026-05-21 11:05:49,215 basehttp 8 133904767903424 "GET /buy_product/25/ HTTP/1.1" 200 9756
INFO 2026-05-21 11:06:05,479 basehttp 8 133904767903424 "POST /buy_product/25/ HTTP/1.1" 302 0
INFO 2026-05-21 11:06:05,479 basehttp 8 133904767903424 "POST /buy_product/25/ HTTP/1.1" 302 0
INFO 2026-05-21 11:06:05,507 basehttp 8 133904767903424 "GET /products/ HTTP/1.1" 200 26404
INFO 2026-05-21 11:06:05,507 basehttp 8 133904767903424 "GET /products/ HTTP/1.1" 200 26404
INFO 2026-05-21 11:06:07,804 basehttp 8 133904767903424 "GET /mypurchases HTTP/1.1" 301 0
INFO 2026-05-21 11:06:07,804 basehttp 8 133904767903424 "GET /mypurchases HTTP/1.1" 301 0
INFO 2026-05-21 11:06:07,846 basehttp 8 133904767903424 "GET /mypurchases/ HTTP/1.1" 200 11323
INFO 2026-05-21 11:06:07,846 basehttp 8 133904767903424 "GET /mypurchases/ HTTP/1.1" 200 11323
INFO 2026-05-21 11:06:14,623 basehttp 8 133904767903424 "GET /logout/ HTTP/1.1" 302 0
INFO 2026-05-21 11:06:14,623 basehttp 8 133904767903424 "GET /logout/ HTTP/1.1" 302 0
INFO 2026-05-21 11:06:14,644 basehttp 8 133904767903424 "GET /login/ HTTP/1.1" 200 9140
INFO 2026-05-21 11:06:14,644 basehttp 8 133904767903424 "GET /login/ HTTP/1.1" 200 9140
INFO 2026-05-21 11:06:18,217 basehttp 8 133904767903424 "POST /login/ HTTP/1.1" 302 0
INFO 2026-05-21 11:06:18,217 basehttp 8 133904767903424 "POST /login/ HTTP/1.1" 302 0
INFO 2026-05-21 11:06:18,271 basehttp 8 133904767903424 "GET /about/ HTTP/1.1" 200 11563
INFO 2026-05-21 11:06:18,271 basehttp 8 133904767903424 "GET /about/ HTTP/1.1" 200 11563
INFO 2026-05-21 11:06:19,931 basehttp 8 133904767903424 "GET /sales HTTP/1.1" 301 0
INFO 2026-05-21 11:06:19,931 basehttp 8 133904767903424 "GET /sales HTTP/1.1" 301 0
INFO 2026-05-21 11:06:19,975 basehttp 8 133904767903424 "GET /sales/ HTTP/1.1" 200 22728
INFO 2026-05-21 11:06:19,975 basehttp 8 133904767903424 "GET /sales/ HTTP/1.1" 200 22728
INFO 2026-05-21 11:07:00,073 basehttp 8 133904767903424 "GET /sales/?city=Mensk HTTP/1.1" 200 21810
INFO 2026-05-21 11:07:00,073 basehttp 8 133904767903424 "GET /sales/?city=Mensk HTTP/1.1" 200 21810
INFO 2026-05-21 11:07:09,546 basehttp 8 133904742708928 "GET /sales/?city=Mensk HTTP/1.1" 200 21810
INFO 2026-05-21 11:07:09,546 basehttp 8 133904742708928 "GET /sales/?city=Mensk HTTP/1.1" 200 21810
INFO 2026-05-21 11:07:09,624 basehttp 8 133904742708928 "GET /static/css/styles.css HTTP/1.1" 200 5989
INFO 2026-05-21 11:07:09,624 basehttp 8 133904742708928 "GET /static/css/styles.css HTTP/1.1" 200 5989
INFO 2026-05-21 11:07:09,635 basehttp 8 133904767903424 "GET /static/js/navigation.js HTTP/1.1" 200 309
INFO 2026-05-21 11:07:09,635 basehttp 8 133904767903424 "GET /static/js/navigation.js HTTP/1.1" 200 309
INFO 2026-05-21 11:07:09,967 basehttp 8 133904767903424 "GET /media/stats/sale_statistics.png HTTP/1.1" 200 25863
INFO 2026-05-21 11:07:09,967 basehttp 8 133904767903424 "GET /media/stats/sale_statistics.png HTTP/1.1" 200 25863
WARNING 2026-05-21 11:07:10,000 basehttp 8 133904767903424 "GET /favicon.ico HTTP/1.1" 404 6407
WARNING 2026-05-21 11:07:10,000 basehttp 8 133904767903424 "GET /favicon.ico HTTP/1.1" 404 6407
INFO 2026-05-21 11:07:16,269 basehttp 8 133904767903424 "GET /sales/?city=MInsk HTTP/1.1" 200 20913
INFO 2026-05-21 11:07:16,269 basehttp 8 133904767903424 "GET /sales/?city=MInsk HTTP/1.1" 200 20913
INFO 2026-05-21 11:07:26,585 basehttp 8 133904767903424 "GET /sales/?city=Mensk HTTP/1.1" 200 21810
INFO 2026-05-21 11:07:26,585 basehttp 8 133904767903424 "GET /sales/?city=Mensk HTTP/1.1" 200 21810
INFO 2026-05-21 11:07:59,914 basehttp 8 133904767903424 "GET /sales/?city=MInsk HTTP/1.1" 200 20913
INFO 2026-05-21 11:07:59,914 basehttp 8 133904767903424 "GET /sales/?city=MInsk HTTP/1.1" 200 20913
INFO 2026-05-21 11:08:07,261 basehttp 8 133904767903424 "GET /sales/?city=Mensk HTTP/1.1" 200 21810
INFO 2026-05-21 11:08:07,261 basehttp 8 133904767903424 "GET /sales/?city=Mensk HTTP/1.1" 200 21810
INFO 2026-05-21 11:08:12,372 basehttp 8 133904767903424 "GET /sales/?city= HTTP/1.1" 200 22728
INFO 2026-05-21 11:08:12,372 basehttp 8 133904767903424 "GET /sales/?city= HTTP/1.1" 200 22728
INFO 2026-05-21 11:11:12,398 basehttp 8 133904767903424 "GET /admin/OnlineShop/sale/ HTTP/1.1" 200 13734
INFO 2026-05-21 11:11:12,398 basehttp 8 133904767903424 "GET /admin/OnlineShop/sale/ HTTP/1.1" 200 13734
INFO 2026-05-21 11:11:12,601 basehttp 8 133904767903424 "GET /static/admin/js/nav_sidebar.js HTTP/1.1" 304 0
INFO 2026-05-21 11:11:12,602 basehttp 8 133904388318912 "GET /static/admin/js/vendor/jquery/jquery.js HTTP/1.1" 304 0
INFO 2026-05-21 11:11:12,601 basehttp 8 133904767903424 "GET /static/admin/js/nav_sidebar.js HTTP/1.1" 304 0
INFO 2026-05-21 11:11:12,602 basehttp 8 133904388318912 "GET /static/admin/js/vendor/jquery/jquery.js HTTP/1.1" 304 0
INFO 2026-05-21 11:11:12,606 basehttp 8 133904742708928 "GET /static/admin/js/theme.js HTTP/1.1" 304 0
INFO 2026-05-21 11:11:12,610 basehttp 8 133904388318912 "GET /static/admin/css/base.css HTTP/1.1" 304 0
INFO 2026-05-21 11:11:12,610 basehttp 8 133904388318912 "GET /static/admin/css/base.css HTTP/1.1" 304 0
INFO 2026-05-21 11:11:12,606 basehttp 8 133904742708928 "GET /static/admin/js/theme.js HTTP/1.1" 304 0
INFO 2026-05-21 11:11:12,612 basehttp 8 133904759510720 "GET /static/admin/css/nav_sidebar.css HTTP/1.1" 304 0
INFO 2026-05-21 11:11:12,612 basehttp 8 133904759510720 "GET /static/admin/css/nav_sidebar.css HTTP/1.1" 304 0
INFO 2026-05-21 11:11:12,617 basehttp 8 133904767903424 "GET /static/admin/css/changelists.css HTTP/1.1" 304 0
INFO 2026-05-21 11:11:12,617 basehttp 8 133904767903424 "GET /static/admin/css/changelists.css HTTP/1.1" 304 0
INFO 2026-05-21 11:11:12,626 basehttp 8 133904742708928 "GET /static/admin/css/dark_mode.css HTTP/1.1" 304 0
INFO 2026-05-21 11:11:12,626 basehttp 8 133904742708928 "GET /static/admin/css/dark_mode.css HTTP/1.1" 304 0
INFO 2026-05-21 11:11:12,629 basehttp 8 133904759510720 "GET /static/admin/js/jquery.init.js HTTP/1.1" 304 0
INFO 2026-05-21 11:11:12,629 basehttp 8 133904759510720 "GET /static/admin/js/jquery.init.js HTTP/1.1" 304 0
INFO 2026-05-21 11:11:12,632 basehttp 8 133904396711616 "GET /admin/jsi18n/ HTTP/1.1" 200 3342
INFO 2026-05-21 11:11:12,632 basehttp 8 133904396711616 "GET /admin/jsi18n/ HTTP/1.1" 200 3342
INFO 2026-05-21 11:11:12,652 basehttp 8 133904396711616 "GET /static/admin/js/core.js HTTP/1.1" 304 0
INFO 2026-05-21 11:11:12,652 basehttp 8 133904396711616 "GET /static/admin/js/core.js HTTP/1.1" 304 0
INFO 2026-05-21 11:11:12,654 basehttp 8 133904751118016 "GET /static/admin/js/admin/RelatedObjectLookups.js HTTP/1.1" 304 0
INFO 2026-05-21 11:11:12,654 basehttp 8 133904751118016 "GET /static/admin/js/admin/RelatedObjectLookups.js HTTP/1.1" 304 0
INFO 2026-05-21 11:11:12,657 basehttp 8 133904388318912 "GET /static/admin/js/actions.js HTTP/1.1" 304 0
INFO 2026-05-21 11:11:12,657 basehttp 8 133904388318912 "GET /static/admin/js/actions.js HTTP/1.1" 304 0
INFO 2026-05-21 11:11:12,659 basehttp 8 133904751118016 "GET /static/admin/js/urlify.js HTTP/1.1" 304 0
INFO 2026-05-21 11:11:12,659 basehttp 8 133904751118016 "GET /static/admin/js/urlify.js HTTP/1.1" 304 0
INFO 2026-05-21 11:11:12,672 basehttp 8 133904742708928 "GET /static/admin/js/prepopulate.js HTTP/1.1" 304 0
INFO 2026-05-21 11:11:12,672 basehttp 8 133904742708928 "GET /static/admin/js/prepopulate.js HTTP/1.1" 304 0
INFO 2026-05-21 11:11:12,673 basehttp 8 133904767903424 "GET /static/admin/js/vendor/xregexp/xregexp.js HTTP/1.1" 304 0
INFO 2026-05-21 11:11:12,673 basehttp 8 133904767903424 "GET /static/admin/js/vendor/xregexp/xregexp.js HTTP/1.1" 304 0
INFO 2026-05-21 11:11:12,681 basehttp 8 133904759510720 "GET /static/admin/js/filters.js HTTP/1.1" 304 0
INFO 2026-05-21 11:11:12,681 basehttp 8 133904759510720 "GET /static/admin/js/filters.js HTTP/1.1" 304 0
INFO 2026-05-21 11:11:12,709 basehttp 8 133904396711616 "GET /static/admin/css/responsive.css HTTP/1.1" 304 0
INFO 2026-05-21 11:11:12,709 basehttp 8 133904396711616 "GET /static/admin/css/responsive.css HTTP/1.1" 304 0
INFO 2026-05-21 11:11:12,808 basehttp 8 133904396711616 "GET /static/admin/img/icon-addlink.svg HTTP/1.1" 200 331
INFO 2026-05-21 11:11:12,808 basehttp 8 133904396711616 "GET /static/admin/img/icon-addlink.svg HTTP/1.1" 200 331
INFO 2026-05-21 11:11:12,816 basehttp 8 133904396711616 "GET /static/admin/img/tooltag-add.svg HTTP/1.1" 200 331
INFO 2026-05-21 11:11:12,816 basehttp 8 133904396711616 "GET /static/admin/img/tooltag-add.svg HTTP/1.1" 200 331
INFO 2026-05-21 11:11:57,778 basehttp 8 133904767903424 "GET /admin/OnlineShop/article/ HTTP/1.1" 200 13782
INFO 2026-05-21 11:11:57,778 basehttp 8 133904767903424 "GET /admin/OnlineShop/article/ HTTP/1.1" 200 13782
INFO 2026-05-21 11:11:57,863 basehttp 8 133904396711616 "GET /admin/jsi18n/ HTTP/1.1" 200 3342
INFO 2026-05-21 11:11:57,863 basehttp 8 133904396711616 "GET /admin/jsi18n/ HTTP/1.1" 200 3342
INFO 2026-05-21 11:11:59,588 basehttp 8 133904767903424 "GET /admin/OnlineShop/customer/ HTTP/1.1" 200 13710
INFO 2026-05-21 11:11:59,588 basehttp 8 133904767903424 "GET /admin/OnlineShop/customer/ HTTP/1.1" 200 13710
INFO 2026-05-21 11:11:59,676 basehttp 8 133904396711616 "GET /admin/jsi18n/ HTTP/1.1" 200 3342
INFO 2026-05-21 11:11:59,676 basehttp 8 133904396711616 "GET /admin/jsi18n/ HTTP/1.1" 200 3342
INFO 2026-05-21 11:12:02,866 basehttp 8 133904767903424 "GET /admin/OnlineShop/customer/8/change/ HTTP/1.1" 200 14850
INFO 2026-05-21 11:12:02,866 basehttp 8 133904767903424 "GET /admin/OnlineShop/customer/8/change/ HTTP/1.1" 200 14850
INFO 2026-05-21 11:12:02,972 basehttp 8 133904388318912 "GET /static/admin/js/change_form.js HTTP/1.1" 304 0
INFO 2026-05-21 11:12:02,972 basehttp 8 133904388318912 "GET /static/admin/js/change_form.js HTTP/1.1" 304 0
INFO 2026-05-21 11:12:02,976 basehttp 8 133904751118016 "GET /static/admin/js/prepopulate_init.js HTTP/1.1" 304 0
INFO 2026-05-21 11:12:02,976 basehttp 8 133904751118016 "GET /static/admin/js/prepopulate_init.js HTTP/1.1" 304 0
INFO 2026-05-21 11:12:02,977 basehttp 8 133904396711616 "GET /admin/jsi18n/ HTTP/1.1" 200 3342
INFO 2026-05-21 11:12:02,977 basehttp 8 133904396711616 "GET /admin/jsi18n/ HTTP/1.1" 200 3342
INFO 2026-05-21 11:12:02,981 basehttp 8 133904742708928 "GET /static/admin/css/forms.css HTTP/1.1" 304 0
INFO 2026-05-21 11:12:02,981 basehttp 8 133904742708928 "GET /static/admin/css/forms.css HTTP/1.1" 304 0
INFO 2026-05-21 11:12:03,022 basehttp 8 133904396711616 "GET /static/admin/css/widgets.css HTTP/1.1" 304 0
INFO 2026-05-21 11:12:03,022 basehttp 8 133904396711616 "GET /static/admin/css/widgets.css HTTP/1.1" 304 0
INFO 2026-05-21 11:12:04,889 basehttp 8 133904767903424 "GET /admin/OnlineShop/customer/8/delete/ HTTP/1.1" 200 11811
INFO 2026-05-21 11:12:04,889 basehttp 8 133904767903424 "GET /admin/OnlineShop/customer/8/delete/ HTTP/1.1" 200 11811
INFO 2026-05-21 11:12:04,972 basehttp 8 133904396711616 "GET /static/admin/js/cancel.js HTTP/1.1" 200 884
INFO 2026-05-21 11:12:04,972 basehttp 8 133904396711616 "GET /static/admin/js/cancel.js HTTP/1.1" 200 884
INFO 2026-05-21 11:12:06,093 basehttp 8 133904767903424 "POST /admin/OnlineShop/customer/8/delete/ HTTP/1.1" 302 0
INFO 2026-05-21 11:12:06,093 basehttp 8 133904767903424 "POST /admin/OnlineShop/customer/8/delete/ HTTP/1.1" 302 0
INFO 2026-05-21 11:12:06,130 basehttp 8 133904767903424 "GET /admin/OnlineShop/customer/ HTTP/1.1" 200 13592
INFO 2026-05-21 11:12:06,130 basehttp 8 133904767903424 "GET /admin/OnlineShop/customer/ HTTP/1.1" 200 13592
INFO 2026-05-21 11:12:06,210 basehttp 8 133904396711616 "GET /admin/jsi18n/ HTTP/1.1" 200 3342
INFO 2026-05-21 11:12:06,210 basehttp 8 133904396711616 "GET /admin/jsi18n/ HTTP/1.1" 200 3342
INFO 2026-05-21 11:12:06,317 basehttp 8 133904396711616 "GET /static/admin/img/icon-yes.svg HTTP/1.1" 200 436
INFO 2026-05-21 11:12:06,317 basehttp 8 133904396711616 "GET /static/admin/img/icon-yes.svg HTTP/1.1" 200 436
INFO 2026-05-21 11:12:11,540 basehttp 8 133904767903424 "GET /sales/?city= HTTP/1.1" 200 22528
INFO 2026-05-21 11:12:11,540 basehttp 8 133904767903424 "GET /sales/?city= HTTP/1.1" 200 22528
INFO 2026-05-21 11:12:44,105 basehttp 8 133904767903424 "GET /admin/OnlineShop/customer/10/change/ HTTP/1.1" 200 14830
INFO 2026-05-21 11:12:44,105 basehttp 8 133904767903424 "GET /admin/OnlineShop/customer/10/change/ HTTP/1.1" 200 14830
INFO 2026-05-21 11:12:44,174 basehttp 8 133904396711616 "GET /admin/jsi18n/ HTTP/1.1" 200 3342
INFO 2026-05-21 11:12:44,174 basehttp 8 133904396711616 "GET /admin/jsi18n/ HTTP/1.1" 200 3342
INFO 2026-05-21 11:12:46,973 basehttp 8 133904767903424 "GET /admin/OnlineShop/sale/ HTTP/1.1" 200 13734
INFO 2026-05-21 11:12:46,973 basehttp 8 133904767903424 "GET /admin/OnlineShop/sale/ HTTP/1.1" 200 13734
INFO 2026-05-21 11:12:47,053 basehttp 8 133904396711616 "GET /admin/jsi18n/ HTTP/1.1" 200 3342
INFO 2026-05-21 11:12:47,053 basehttp 8 133904396711616 "GET /admin/jsi18n/ HTTP/1.1" 200 3342
INFO 2026-05-21 11:12:48,455 basehttp 8 133904767903424 "GET /admin/OnlineShop/sale/27/change/ HTTP/1.1" 200 27721
INFO 2026-05-21 11:12:48,455 basehttp 8 133904767903424 "GET /admin/OnlineShop/sale/27/change/ HTTP/1.1" 200 27721
INFO 2026-05-21 11:12:48,537 basehttp 8 133904396711616 "GET /admin/jsi18n/ HTTP/1.1" 200 3342
INFO 2026-05-21 11:12:48,537 basehttp 8 133904396711616 "GET /admin/jsi18n/ HTTP/1.1" 200 3342
INFO 2026-05-21 11:12:48,540 basehttp 8 133904759510720 "GET /static/admin/js/calendar.js HTTP/1.1" 200 9141
INFO 2026-05-21 11:12:48,540 basehttp 8 133904759510720 "GET /static/admin/js/calendar.js HTTP/1.1" 200 9141
INFO 2026-05-21 11:12:48,542 basehttp 8 133904388318912 "GET /static/admin/js/admin/DateTimeShortcuts.js HTTP/1.1" 200 19319
INFO 2026-05-21 11:12:48,542 basehttp 8 133904388318912 "GET /static/admin/js/admin/DateTimeShortcuts.js HTTP/1.1" 200 19319
INFO 2026-05-21 11:12:48,543 basehttp 8 133904751118016 "GET /static/admin/js/inlines.js HTTP/1.1" 200 15628
INFO 2026-05-21 11:12:48,543 basehttp 8 133904751118016 "GET /static/admin/js/inlines.js HTTP/1.1" 200 15628
INFO 2026-05-21 11:12:48,575 basehttp 8 133904388318912 "GET /static/admin/img/icon-changelink.svg HTTP/1.1" 200 380
INFO 2026-05-21 11:12:48,575 basehttp 8 133904388318912 "GET /static/admin/img/icon-changelink.svg HTTP/1.1" 200 380
INFO 2026-05-21 11:12:48,580 basehttp 8 133904751118016 "GET /static/admin/img/icon-viewlink.svg HTTP/1.1" 200 581
INFO 2026-05-21 11:12:48,580 basehttp 8 133904751118016 "GET /static/admin/img/icon-viewlink.svg HTTP/1.1" 200 581
INFO 2026-05-21 11:12:48,741 basehttp 8 133904388318912 "GET /static/admin/img/icon-calendar.svg HTTP/1.1" 200 1086
INFO 2026-05-21 11:12:48,741 basehttp 8 133904388318912 "GET /static/admin/img/icon-calendar.svg HTTP/1.1" 200 1086
INFO 2026-05-21 11:12:48,744 basehttp 8 133904751118016 "GET /static/admin/img/icon-clock.svg HTTP/1.1" 200 677
INFO 2026-05-21 11:12:48,744 basehttp 8 133904751118016 "GET /static/admin/img/icon-clock.svg HTTP/1.1" 200 677
INFO 2026-05-21 11:12:48,744 basehttp 8 133904759510720 "GET /static/admin/img/inline-delete.svg HTTP/1.1" 200 537
INFO 2026-05-21 11:12:48,744 basehttp 8 133904759510720 "GET /static/admin/img/inline-delete.svg HTTP/1.1" 200 537
INFO 2026-05-21 11:14:20,950 basehttp 8 133904767903424 "GET /admin/OnlineShop/customer/ HTTP/1.1" 200 13427
INFO 2026-05-21 11:14:20,950 basehttp 8 133904767903424 "GET /admin/OnlineShop/customer/ HTTP/1.1" 200 13427
INFO 2026-05-21 11:14:21,044 basehttp 8 133904388318912 "GET /admin/jsi18n/ HTTP/1.1" 200 3342
INFO 2026-05-21 11:14:21,044 basehttp 8 133904388318912 "GET /admin/jsi18n/ HTTP/1.1" 200 3342
INFO 2026-05-21 11:16:47,890 basehttp 8 133904388318912 "GET /admin/auth/user/ HTTP/1.1" 200 17141
INFO 2026-05-21 11:16:47,890 basehttp 8 133904388318912 "GET /admin/auth/user/ HTTP/1.1" 200 17141
INFO 2026-05-21 11:16:47,959 basehttp 8 133904388318912 "GET /static/admin/css/base.css HTTP/1.1" 304 0
INFO 2026-05-21 11:16:47,959 basehttp 8 133904388318912 "GET /static/admin/css/base.css HTTP/1.1" 304 0
INFO 2026-05-21 11:16:47,970 basehttp 8 133904751118016 "GET /static/admin/css/nav_sidebar.css HTTP/1.1" 304 0
INFO 2026-05-21 11:16:47,971 basehttp 8 133904759510720 "GET /static/admin/js/theme.js HTTP/1.1" 304 0
INFO 2026-05-21 11:16:47,970 basehttp 8 133904751118016 "GET /static/admin/css/nav_sidebar.css HTTP/1.1" 304 0
INFO 2026-05-21 11:16:47,971 basehttp 8 133904759510720 "GET /static/admin/js/theme.js HTTP/1.1" 304 0
INFO 2026-05-21 11:16:47,973 basehttp 8 133904767903424 "GET /static/admin/css/dark_mode.css HTTP/1.1" 304 0
INFO 2026-05-21 11:16:47,973 basehttp 8 133904767903424 "GET /static/admin/css/dark_mode.css HTTP/1.1" 304 0
INFO 2026-05-21 11:16:47,989 basehttp 8 133904767903424 "GET /static/admin/css/changelists.css HTTP/1.1" 304 0
INFO 2026-05-21 11:16:47,989 basehttp 8 133904767903424 "GET /static/admin/css/changelists.css HTTP/1.1" 304 0
INFO 2026-05-21 11:16:47,992 basehttp 8 133904751118016 "GET /static/admin/js/nav_sidebar.js HTTP/1.1" 304 0
INFO 2026-05-21 11:16:47,992 basehttp 8 133904751118016 "GET /static/admin/js/nav_sidebar.js HTTP/1.1" 304 0
INFO 2026-05-21 11:16:47,996 basehttp 8 133904759510720 "GET /admin/jsi18n/ HTTP/1.1" 200 3342
INFO 2026-05-21 11:16:47,996 basehttp 8 133904759510720 "GET /admin/jsi18n/ HTTP/1.1" 200 3342
INFO 2026-05-21 11:16:48,000 basehttp 8 133904759510720 "GET /static/admin/js/jquery.init.js HTTP/1.1" 304 0
INFO 2026-05-21 11:16:48,000 basehttp 8 133904759510720 "GET /static/admin/js/jquery.init.js HTTP/1.1" 304 0
INFO 2026-05-21 11:16:48,003 basehttp 8 133904742725312 "GET /static/admin/js/core.js HTTP/1.1" 304 0
INFO 2026-05-21 11:16:48,003 basehttp 8 133904742725312 "GET /static/admin/js/core.js HTTP/1.1" 304 0
INFO 2026-05-21 11:16:48,005 basehttp 8 133904388318912 "GET /static/admin/js/vendor/jquery/jquery.js HTTP/1.1" 304 0
INFO 2026-05-21 11:16:48,005 basehttp 8 133904388318912 "GET /static/admin/js/vendor/jquery/jquery.js HTTP/1.1" 304 0
INFO 2026-05-21 11:16:48,013 basehttp 8 133904742725312 "GET /static/admin/js/admin/RelatedObjectLookups.js HTTP/1.1" 304 0
INFO 2026-05-21 11:16:48,013 basehttp 8 133904742725312 "GET /static/admin/js/admin/RelatedObjectLookups.js HTTP/1.1" 304 0
INFO 2026-05-21 11:16:48,013 basehttp 8 133904396711616 "GET /static/admin/js/actions.js HTTP/1.1" 304 0
INFO 2026-05-21 11:16:48,013 basehttp 8 133904396711616 "GET /static/admin/js/actions.js HTTP/1.1" 304 0
INFO 2026-05-21 11:16:48,017 basehttp 8 133904396711616 "GET /static/admin/js/urlify.js HTTP/1.1" 304 0
INFO 2026-05-21 11:16:48,017 basehttp 8 133904396711616 "GET /static/admin/js/urlify.js HTTP/1.1" 304 0
INFO 2026-05-21 11:16:48,034 basehttp 8 133904767903424 "GET /static/admin/js/vendor/xregexp/xregexp.js HTTP/1.1" 304 0
INFO 2026-05-21 11:16:48,034 basehttp 8 133904767903424 "GET /static/admin/js/vendor/xregexp/xregexp.js HTTP/1.1" 304 0
INFO 2026-05-21 11:16:48,035 basehttp 8 133904751118016 "GET /static/admin/js/prepopulate.js HTTP/1.1" 304 0
INFO 2026-05-21 11:16:48,035 basehttp 8 133904751118016 "GET /static/admin/js/prepopulate.js HTTP/1.1" 304 0
INFO 2026-05-21 11:16:48,043 basehttp 8 133904759510720 "GET /static/admin/js/filters.js HTTP/1.1" 304 0
INFO 2026-05-21 11:16:48,043 basehttp 8 133904759510720 "GET /static/admin/js/filters.js HTTP/1.1" 304 0
INFO 2026-05-21 11:16:48,051 basehttp 8 133904388318912 "GET /static/admin/css/responsive.css HTTP/1.1" 304 0
INFO 2026-05-21 11:16:48,051 basehttp 8 133904388318912 "GET /static/admin/css/responsive.css HTTP/1.1" 304 0
INFO 2026-05-21 11:16:48,100 basehttp 8 133904759510720 "GET /static/admin/img/icon-no.svg HTTP/1.1" 200 560
INFO 2026-05-21 11:16:48,100 basehttp 8 133904759510720 "GET /static/admin/img/icon-no.svg HTTP/1.1" 200 560
INFO 2026-05-21 11:16:48,101 basehttp 8 133904396711616 "GET /static/admin/img/search.svg HTTP/1.1" 200 458
INFO 2026-05-21 11:16:48,102 basehttp 8 133904742725312 "GET /static/admin/img/icon-yes.svg HTTP/1.1" 304 0
INFO 2026-05-21 11:16:48,101 basehttp 8 133904396711616 "GET /static/admin/img/search.svg HTTP/1.1" 200 458
INFO 2026-05-21 11:16:48,102 basehttp 8 133904742725312 "GET /static/admin/img/icon-yes.svg HTTP/1.1" 304 0
INFO 2026-05-21 11:16:48,222 basehttp 8 133904759510720 "GET /static/admin/img/icon-addlink.svg HTTP/1.1" 304 0
INFO 2026-05-21 11:16:48,222 basehttp 8 133904759510720 "GET /static/admin/img/icon-addlink.svg HTTP/1.1" 304 0
INFO 2026-05-21 11:16:48,234 basehttp 8 133904759510720 "GET /static/admin/img/tooltag-add.svg HTTP/1.1" 304 0
INFO 2026-05-21 11:16:48,234 basehttp 8 133904759510720 "GET /static/admin/img/tooltag-add.svg HTTP/1.1" 304 0
INFO 2026-05-21 11:16:48,243 basehttp 8 133904396711616 "GET /static/admin/img/sorting-icons.svg HTTP/1.1" 200 1097
INFO 2026-05-21 11:16:48,243 basehttp 8 133904396711616 "GET /static/admin/img/sorting-icons.svg HTTP/1.1" 200 1097
INFO 2026-05-21 11:16:57,576 basehttp 8 133904388318912 "GET /admin/OnlineShop/customer/ HTTP/1.1" 200 13427
INFO 2026-05-21 11:16:57,576 basehttp 8 133904388318912 "GET /admin/OnlineShop/customer/ HTTP/1.1" 200 13427
INFO 2026-05-21 11:16:57,695 basehttp 8 133904759510720 "GET /admin/jsi18n/ HTTP/1.1" 200 3342
INFO 2026-05-21 11:16:57,695 basehttp 8 133904759510720 "GET /admin/jsi18n/ HTTP/1.1" 200 3342
INFO 2026-05-21 11:16:59,848 basehttp 8 133904388318912 "GET /admin/OnlineShop/customer/add/ HTTP/1.1" 200 14534
INFO 2026-05-21 11:16:59,848 basehttp 8 133904388318912 "GET /admin/OnlineShop/customer/add/ HTTP/1.1" 200 14534
INFO 2026-05-21 11:16:59,920 basehttp 8 133904759510720 "GET /static/admin/css/forms.css HTTP/1.1" 304 0
INFO 2026-05-21 11:16:59,920 basehttp 8 133904759510720 "GET /static/admin/css/forms.css HTTP/1.1" 304 0
INFO 2026-05-21 11:16:59,935 basehttp 8 133904396711616 "GET /admin/jsi18n/ HTTP/1.1" 200 3342
INFO 2026-05-21 11:16:59,935 basehttp 8 133904396711616 "GET /admin/jsi18n/ HTTP/1.1" 200 3342
INFO 2026-05-21 11:16:59,979 basehttp 8 133904759510720 "GET /static/admin/js/change_form.js HTTP/1.1" 304 0
INFO 2026-05-21 11:16:59,979 basehttp 8 133904759510720 "GET /static/admin/js/change_form.js HTTP/1.1" 304 0
INFO 2026-05-21 11:16:59,980 basehttp 8 133904396711616 "GET /static/admin/js/prepopulate_init.js HTTP/1.1" 304 0
INFO 2026-05-21 11:16:59,980 basehttp 8 133904396711616 "GET /static/admin/js/prepopulate_init.js HTTP/1.1" 304 0
INFO 2026-05-21 11:17:00,000 basehttp 8 133904759510720 "GET /static/admin/css/widgets.css HTTP/1.1" 304 0
INFO 2026-05-21 11:17:00,000 basehttp 8 133904759510720 "GET /static/admin/css/widgets.css HTTP/1.1" 304 0
INFO 2026-05-21 11:17:23,167 basehttp 8 133904388318912 "POST /admin/OnlineShop/customer/add/ HTTP/1.1" 302 0
INFO 2026-05-21 11:17:23,167 basehttp 8 133904388318912 "POST /admin/OnlineShop/customer/add/ HTTP/1.1" 302 0
INFO 2026-05-21 11:17:23,200 basehttp 8 133904388318912 "GET /admin/OnlineShop/customer/ HTTP/1.1" 200 13918
INFO 2026-05-21 11:17:23,200 basehttp 8 133904388318912 "GET /admin/OnlineShop/customer/ HTTP/1.1" 200 13918
INFO 2026-05-21 11:17:23,254 basehttp 8 133904396711616 "GET /admin/jsi18n/ HTTP/1.1" 200 3342
INFO 2026-05-21 11:17:23,254 basehttp 8 133904396711616 "GET /admin/jsi18n/ HTTP/1.1" 200 3342
INFO 2026-05-21 11:17:44,988 basehttp 8 133904388318912 "GET /logout HTTP/1.1" 301 0
INFO 2026-05-21 11:17:44,988 basehttp 8 133904388318912 "GET /logout HTTP/1.1" 301 0
INFO 2026-05-21 11:17:45,036 basehttp 8 133904759510720 "GET /logout/ HTTP/1.1" 302 0
INFO 2026-05-21 11:17:45,036 basehttp 8 133904759510720 "GET /logout/ HTTP/1.1" 302 0
INFO 2026-05-21 11:17:45,063 basehttp 8 133904396711616 "GET /login/ HTTP/1.1" 200 9140
INFO 2026-05-21 11:17:45,063 basehttp 8 133904396711616 "GET /login/ HTTP/1.1" 200 9140
INFO 2026-05-21 11:17:47,613 basehttp 8 133904396711616 "POST /login/ HTTP/1.1" 302 0
INFO 2026-05-21 11:17:47,613 basehttp 8 133904396711616 "POST /login/ HTTP/1.1" 302 0
INFO 2026-05-21 11:17:47,631 basehttp 8 133904396711616 "GET /about/ HTTP/1.1" 200 11563
INFO 2026-05-21 11:17:47,631 basehttp 8 133904396711616 "GET /about/ HTTP/1.1" 200 11563
INFO 2026-05-21 11:17:49,051 basehttp 8 133904396711616 "GET /products HTTP/1.1" 301 0
INFO 2026-05-21 11:17:49,051 basehttp 8 133904396711616 "GET /products HTTP/1.1" 301 0
INFO 2026-05-21 11:17:49,082 basehttp 8 133904759510720 "GET /products/ HTTP/1.1" 200 28073
INFO 2026-05-21 11:17:49,082 basehttp 8 133904759510720 "GET /products/ HTTP/1.1" 200 28073
INFO 2026-05-21 11:17:50,670 basehttp 8 133904759510720 "GET /login/?next=/buy_product/24/ HTTP/1.1" 200 9140
INFO 2026-05-21 11:17:50,670 basehttp 8 133904759510720 "GET /login/?next=/buy_product/24/ HTTP/1.1" 200 9140
INFO 2026-05-21 11:17:53,690 basehttp 8 133904759510720 "POST /login/?next=/buy_product/24/ HTTP/1.1" 302 0
INFO 2026-05-21 11:17:53,690 basehttp 8 133904759510720 "POST /login/?next=/buy_product/24/ HTTP/1.1" 302 0
INFO 2026-05-21 11:17:53,705 basehttp 8 133904759510720 "GET /about/ HTTP/1.1" 200 11563
INFO 2026-05-21 11:17:53,705 basehttp 8 133904759510720 "GET /about/ HTTP/1.1" 200 11563
INFO 2026-05-21 11:17:55,953 basehttp 8 133904759510720 "GET /products HTTP/1.1" 301 0
INFO 2026-05-21 11:17:55,953 basehttp 8 133904759510720 "GET /products HTTP/1.1" 301 0
INFO 2026-05-21 11:17:55,994 basehttp 8 133904751118016 "GET /products/ HTTP/1.1" 200 28073
INFO 2026-05-21 11:17:55,994 basehttp 8 133904751118016 "GET /products/ HTTP/1.1" 200 28073
INFO 2026-05-21 11:17:57,312 basehttp 8 133904751118016 "GET /login/?next=/buy_product/24/ HTTP/1.1" 200 9140
INFO 2026-05-21 11:17:57,312 basehttp 8 133904751118016 "GET /login/?next=/buy_product/24/ HTTP/1.1" 200 9140
INFO 2026-05-21 11:18:00,502 basehttp 8 133904751118016 "POST /login/?next=/buy_product/24/ HTTP/1.1" 302 0
INFO 2026-05-21 11:18:00,502 basehttp 8 133904751118016 "POST /login/?next=/buy_product/24/ HTTP/1.1" 302 0
INFO 2026-05-21 11:18:00,520 basehttp 8 133904751118016 "GET /about/ HTTP/1.1" 200 11591
INFO 2026-05-21 11:18:00,520 basehttp 8 133904751118016 "GET /about/ HTTP/1.1" 200 11591
INFO 2026-05-21 11:18:01,962 basehttp 8 133904751118016 "GET /products HTTP/1.1" 301 0
INFO 2026-05-21 11:18:01,962 basehttp 8 133904751118016 "GET /products HTTP/1.1" 301 0
INFO 2026-05-21 11:18:01,992 basehttp 8 133904767903424 "GET /products/ HTTP/1.1" 200 26404
INFO 2026-05-21 11:18:01,992 basehttp 8 133904767903424 "GET /products/ HTTP/1.1" 200 26404
INFO 2026-05-21 11:18:05,377 basehttp 8 133904767903424 "GET /buy_product/27/ HTTP/1.1" 200 9744
INFO 2026-05-21 11:18:05,377 basehttp 8 133904767903424 "GET /buy_product/27/ HTTP/1.1" 200 9744
INFO 2026-05-21 11:18:09,553 basehttp 8 133904767903424 "GET /buy_product/28/ HTTP/1.1" 200 9799
INFO 2026-05-21 11:18:09,553 basehttp 8 133904767903424 "GET /buy_product/28/ HTTP/1.1" 200 9799
INFO 2026-05-21 11:18:18,016 basehttp 8 133904767903424 "POST /buy_product/28/ HTTP/1.1" 302 0
INFO 2026-05-21 11:18:18,016 basehttp 8 133904767903424 "POST /buy_product/28/ HTTP/1.1" 302 0
INFO 2026-05-21 11:18:18,036 basehttp 8 133904767903424 "GET /products/ HTTP/1.1" 200 26404
INFO 2026-05-21 11:18:18,036 basehttp 8 133904767903424 "GET /products/ HTTP/1.1" 200 26404
INFO 2026-05-21 11:18:20,093 basehttp 8 133904767903424 "GET /mypurchases HTTP/1.1" 301 0
INFO 2026-05-21 11:18:20,093 basehttp 8 133904767903424 "GET /mypurchases HTTP/1.1" 301 0
INFO 2026-05-21 11:18:20,128 basehttp 8 133904742725312 "GET /mypurchases/ HTTP/1.1" 200 12329
INFO 2026-05-21 11:18:20,128 basehttp 8 133904742725312 "GET /mypurchases/ HTTP/1.1" 200 12329
INFO 2026-05-21 11:18:24,776 basehttp 8 133904742725312 "GET /logout/ HTTP/1.1" 302 0
INFO 2026-05-21 11:18:24,776 basehttp 8 133904742725312 "GET /logout/ HTTP/1.1" 302 0
INFO 2026-05-21 11:18:24,796 basehttp 8 133904742725312 "GET /login/ HTTP/1.1" 200 9140
INFO 2026-05-21 11:18:24,796 basehttp 8 133904742725312 "GET /login/ HTTP/1.1" 200 9140
INFO 2026-05-21 11:18:27,561 basehttp 8 133904742725312 "POST /login/ HTTP/1.1" 302 0
INFO 2026-05-21 11:18:27,561 basehttp 8 133904742725312 "POST /login/ HTTP/1.1" 302 0
INFO 2026-05-21 11:18:27,633 basehttp 8 133904742725312 "GET /about/ HTTP/1.1" 200 11563
INFO 2026-05-21 11:18:27,633 basehttp 8 133904742725312 "GET /about/ HTTP/1.1" 200 11563
INFO 2026-05-21 11:18:29,752 basehttp 8 133904742725312 "GET /sales HTTP/1.1" 301 0
INFO 2026-05-21 11:18:29,752 basehttp 8 133904742725312 "GET /sales HTTP/1.1" 301 0
INFO 2026-05-21 11:18:29,797 basehttp 8 133904742725312 "GET /sales/ HTTP/1.1" 200 23714
INFO 2026-05-21 11:18:29,797 basehttp 8 133904742725312 "GET /sales/ HTTP/1.1" 200 23714
INFO 2026-05-21 11:18:40,483 basehttp 8 133904742725312 "GET /sales/ HTTP/1.1" 200 23714
INFO 2026-05-21 11:18:40,483 basehttp 8 133904742725312 "GET /sales/ HTTP/1.1" 200 23714
INFO 2026-05-21 11:18:40,524 basehttp 8 133904742725312 "GET /static/css/styles.css HTTP/1.1" 200 5989
INFO 2026-05-21 11:18:40,524 basehttp 8 133904742725312 "GET /static/css/styles.css HTTP/1.1" 200 5989
INFO 2026-05-21 11:18:40,542 basehttp 8 133904751118016 "GET /static/js/navigation.js HTTP/1.1" 200 309
INFO 2026-05-21 11:18:40,542 basehttp 8 133904751118016 "GET /static/js/navigation.js HTTP/1.1" 200 309
INFO 2026-05-21 11:18:40,907 basehttp 8 133904751118016 "GET /media/stats/sale_statistics.png HTTP/1.1" 200 25863
INFO 2026-05-21 11:18:40,907 basehttp 8 133904751118016 "GET /media/stats/sale_statistics.png HTTP/1.1" 200 25863
WARNING 2026-05-21 11:18:40,934 basehttp 8 133904751118016 "GET /favicon.ico HTTP/1.1" 404 6407
WARNING 2026-05-21 11:18:40,934 basehttp 8 133904751118016 "GET /favicon.ico HTTP/1.1" 404 6407
INFO 2026-05-21 11:19:47,078 basehttp 8 133904751118016 "GET /sales/?city=polotsk HTTP/1.1" 200 20973
INFO 2026-05-21 11:19:47,078 basehttp 8 133904751118016 "GET /sales/?city=polotsk HTTP/1.1" 200 20973
INFO 2026-05-21 11:20:44,573 basehttp 8 133904742725312 "GET /products/ HTTP/1.1" 200 26382
INFO 2026-05-21 11:20:44,573 basehttp 8 133904742725312 "GET /products/ HTTP/1.1" 200 26382
INFO 2026-05-21 11:24:04,283 basehttp 8 133904742725312 "GET /logout HTTP/1.1" 301 0
INFO 2026-05-21 11:24:04,283 basehttp 8 133904742725312 "GET /logout HTTP/1.1" 301 0
INFO 2026-05-21 11:24:04,328 basehttp 8 133904742725312 "GET /logout/ HTTP/1.1" 302 0
INFO 2026-05-21 11:24:04,328 basehttp 8 133904742725312 "GET /logout/ HTTP/1.1" 302 0
INFO 2026-05-21 11:24:04,363 basehttp 8 133904742725312 "GET /login/ HTTP/1.1" 200 9140
INFO 2026-05-21 11:24:04,363 basehttp 8 133904742725312 "GET /login/ HTTP/1.1" 200 9140
INFO 2026-05-21 11:24:10,663 basehttp 8 133904742725312 "POST /login/ HTTP/1.1" 302 0
INFO 2026-05-21 11:24:10,663 basehttp 8 133904742725312 "POST /login/ HTTP/1.1" 302 0
INFO 2026-05-21 11:24:10,722 basehttp 8 133904742725312 "GET /about/ HTTP/1.1" 200 11563
INFO 2026-05-21 11:24:10,722 basehttp 8 133904742725312 "GET /about/ HTTP/1.1" 200 11563
INFO 2026-05-21 11:24:15,568 basehttp 8 133904742725312 "GET /products HTTP/1.1" 301 0
INFO 2026-05-21 11:24:15,568 basehttp 8 133904742725312 "GET /products HTTP/1.1" 301 0
INFO 2026-05-21 11:24:15,598 basehttp 8 133904742725312 "GET /products/ HTTP/1.1" 200 28073
INFO 2026-05-21 11:24:15,598 basehttp 8 133904742725312 "GET /products/ HTTP/1.1" 200 28073
INFO 2026-05-21 11:24:18,301 basehttp 8 133904742725312 "GET /product/24/reviews/ HTTP/1.1" 200 12247
INFO 2026-05-21 11:24:18,301 basehttp 8 133904742725312 "GET /product/24/reviews/ HTTP/1.1" 200 12247
INFO 2026-05-21 11:24:20,716 basehttp 8 133904742725312 "GET /products/ HTTP/1.1" 200 28073
INFO 2026-05-21 11:24:20,716 basehttp 8 133904742725312 "GET /products/ HTTP/1.1" 200 28073
INFO 2026-05-21 11:24:23,658 basehttp 8 133904742725312 "GET /login/?next=/buy_product/24/ HTTP/1.1" 200 9140
INFO 2026-05-21 11:24:23,658 basehttp 8 133904742725312 "GET /login/?next=/buy_product/24/ HTTP/1.1" 200 9140
INFO 2026-05-21 11:24:28,244 basehttp 8 133904742725312 "GET /register HTTP/1.1" 301 0
INFO 2026-05-21 11:24:28,244 basehttp 8 133904742725312 "GET /register HTTP/1.1" 301 0
INFO 2026-05-21 11:24:28,285 basehttp 8 133904742725312 "GET /register/ HTTP/1.1" 200 8790
INFO 2026-05-21 11:24:28,285 basehttp 8 133904742725312 "GET /register/ HTTP/1.1" 200 8790
INFO 2026-05-21 11:25:40,389 basehttp 8 133904742725312 "GET /admin/OnlineShop/vacancy/ HTTP/1.1" 200 14154
INFO 2026-05-21 11:25:40,389 basehttp 8 133904742725312 "GET /admin/OnlineShop/vacancy/ HTTP/1.1" 200 14154
INFO 2026-05-21 11:25:40,475 basehttp 8 133904742725312 "GET /static/admin/js/theme.js HTTP/1.1" 304 0
INFO 2026-05-21 11:25:40,475 basehttp 8 133904742725312 "GET /static/admin/js/theme.js HTTP/1.1" 304 0
INFO 2026-05-21 11:25:40,477 basehttp 8 133904751118016 "GET /static/admin/js/nav_sidebar.js HTTP/1.1" 304 0
INFO 2026-05-21 11:25:40,477 basehttp 8 133904751118016 "GET /static/admin/js/nav_sidebar.js HTTP/1.1" 304 0
INFO 2026-05-21 11:25:40,515 basehttp 8 133904742725312 "GET /static/admin/js/core.js HTTP/1.1" 304 0
INFO 2026-05-21 11:25:40,515 basehttp 8 133904759510720 "GET /static/admin/js/vendor/jquery/jquery.js HTTP/1.1" 304 0
INFO 2026-05-21 11:25:40,515 basehttp 8 133904742725312 "GET /static/admin/js/core.js HTTP/1.1" 304 0
INFO 2026-05-21 11:25:40,519 basehttp 8 133904396711616 "GET /static/admin/js/admin/RelatedObjectLookups.js HTTP/1.1" 304 0
INFO 2026-05-21 11:25:40,515 basehttp 8 133904759510720 "GET /static/admin/js/vendor/jquery/jquery.js HTTP/1.1" 304 0
INFO 2026-05-21 11:25:40,522 basehttp 8 133904767903424 "GET /static/admin/js/jquery.init.js HTTP/1.1" 304 0
INFO 2026-05-21 11:25:40,522 basehttp 8 133904751118016 "GET /admin/jsi18n/ HTTP/1.1" 200 3342
INFO 2026-05-21 11:25:40,522 basehttp 8 133904751118016 "GET /admin/jsi18n/ HTTP/1.1" 200 3342
INFO 2026-05-21 11:25:40,522 basehttp 8 133904767903424 "GET /static/admin/js/jquery.init.js HTTP/1.1" 304 0
INFO 2026-05-21 11:25:40,526 basehttp 8 133904759510720 "GET /static/admin/css/dark_mode.css HTTP/1.1" 304 0
INFO 2026-05-21 11:25:40,526 basehttp 8 133904759510720 "GET /static/admin/css/dark_mode.css HTTP/1.1" 304 0
INFO 2026-05-21 11:25:40,519 basehttp 8 133904396711616 "GET /static/admin/js/admin/RelatedObjectLookups.js HTTP/1.1" 304 0
INFO 2026-05-21 11:25:40,527 basehttp 8 133904388318912 "GET /static/admin/css/base.css HTTP/1.1" 304 0
INFO 2026-05-21 11:25:40,527 basehttp 8 133904388318912 "GET /static/admin/css/base.css HTTP/1.1" 304 0
INFO 2026-05-21 11:25:40,542 basehttp 8 133904396711616 "GET /static/admin/js/actions.js HTTP/1.1" 304 0
INFO 2026-05-21 11:25:40,542 basehttp 8 133904396711616 "GET /static/admin/js/actions.js HTTP/1.1" 304 0
INFO 2026-05-21 11:25:40,545 basehttp 8 133904767903424 "GET /static/admin/css/changelists.css HTTP/1.1" 304 0
INFO 2026-05-21 11:25:40,545 basehttp 8 133904388318912 "GET /static/admin/js/urlify.js HTTP/1.1" 304 0
INFO 2026-05-21 11:25:40,545 basehttp 8 133904767903424 "GET /static/admin/css/changelists.css HTTP/1.1" 304 0
INFO 2026-05-21 11:25:40,545 basehttp 8 133904388318912 "GET /static/admin/js/urlify.js HTTP/1.1" 304 0
INFO 2026-05-21 11:25:40,546 basehttp 8 133904751118016 "GET /static/admin/css/nav_sidebar.css HTTP/1.1" 304 0
INFO 2026-05-21 11:25:40,546 basehttp 8 133904751118016 "GET /static/admin/css/nav_sidebar.css HTTP/1.1" 304 0
INFO 2026-05-21 11:25:40,555 basehttp 8 133904742725312 "GET /static/admin/js/prepopulate.js HTTP/1.1" 304 0
INFO 2026-05-21 11:25:40,555 basehttp 8 133904742725312 "GET /static/admin/js/prepopulate.js HTTP/1.1" 304 0
INFO 2026-05-21 11:25:40,573 basehttp 8 133904759510720 "GET /static/admin/js/vendor/xregexp/xregexp.js HTTP/1.1" 304 0
INFO 2026-05-21 11:25:40,573 basehttp 8 133904759510720 "GET /static/admin/js/vendor/xregexp/xregexp.js HTTP/1.1" 304 0
INFO 2026-05-21 11:25:40,583 basehttp 8 133904396711616 "GET /static/admin/css/responsive.css HTTP/1.1" 304 0
INFO 2026-05-21 11:25:40,583 basehttp 8 133904396711616 "GET /static/admin/css/responsive.css HTTP/1.1" 304 0
INFO 2026-05-21 11:25:40,583 basehttp 8 133904767903424 "GET /static/admin/js/filters.js HTTP/1.1" 304 0
INFO 2026-05-21 11:25:40,583 basehttp 8 133904767903424 "GET /static/admin/js/filters.js HTTP/1.1" 304 0
INFO 2026-05-21 11:25:40,679 basehttp 8 133904751118016 "GET /static/admin/img/icon-addlink.svg HTTP/1.1" 200 331
INFO 2026-05-21 11:25:40,679 basehttp 8 133904388318912 "GET /static/admin/img/tooltag-add.svg HTTP/1.1" 200 331
INFO 2026-05-21 11:25:40,679 basehttp 8 133904751118016 "GET /static/admin/img/icon-addlink.svg HTTP/1.1" 200 331
INFO 2026-05-21 11:25:40,679 basehttp 8 133904388318912 "GET /static/admin/img/tooltag-add.svg HTTP/1.1" 200 331
INFO 2026-05-21 11:25:41,393 basehttp 8 133904742725312 "GET /admin/OnlineShop/sale/ HTTP/1.1" 200 14027
INFO 2026-05-21 11:25:41,393 basehttp 8 133904742725312 "GET /admin/OnlineShop/sale/ HTTP/1.1" 200 14027
INFO 2026-05-21 11:25:41,475 basehttp 8 133904751118016 "GET /admin/jsi18n/ HTTP/1.1" 200 3342
INFO 2026-05-21 11:25:41,475 basehttp 8 133904751118016 "GET /admin/jsi18n/ HTTP/1.1" 200 3342
INFO 2026-05-21 11:25:45,714 basehttp 8 133904742725312 "GET /admin/OnlineShop/promocode/ HTTP/1.1" 200 13975
INFO 2026-05-21 11:25:45,714 basehttp 8 133904742725312 "GET /admin/OnlineShop/promocode/ HTTP/1.1" 200 13975
INFO 2026-05-21 11:25:45,803 basehttp 8 133904751118016 "GET /admin/jsi18n/ HTTP/1.1" 200 3342
INFO 2026-05-21 11:25:45,803 basehttp 8 133904751118016 "GET /admin/jsi18n/ HTTP/1.1" 200 3342
INFO 2026-05-21 11:25:46,622 basehttp 8 133904742725312 "GET /admin/OnlineShop/product/ HTTP/1.1" 200 16527
INFO 2026-05-21 11:25:46,622 basehttp 8 133904742725312 "GET /admin/OnlineShop/product/ HTTP/1.1" 200 16527
INFO 2026-05-21 11:25:46,698 basehttp 8 133904751118016 "GET /admin/jsi18n/ HTTP/1.1" 200 3342
INFO 2026-05-21 11:25:46,698 basehttp 8 133904751118016 "GET /admin/jsi18n/ HTTP/1.1" 200 3342
INFO 2026-05-21 11:25:48,151 basehttp 8 133904742725312 "GET /admin/OnlineShop/faq/ HTTP/1.1" 200 15380
INFO 2026-05-21 11:25:48,151 basehttp 8 133904742725312 "GET /admin/OnlineShop/faq/ HTTP/1.1" 200 15380
INFO 2026-05-21 11:25:48,220 basehttp 8 133904751118016 "GET /admin/jsi18n/ HTTP/1.1" 200 3342
INFO 2026-05-21 11:25:48,220 basehttp 8 133904751118016 "GET /admin/jsi18n/ HTTP/1.1" 200 3342
INFO 2026-05-21 11:25:48,961 basehttp 8 133904742725312 "GET /admin/OnlineShop/employee/ HTTP/1.1" 200 14593
INFO 2026-05-21 11:25:48,961 basehttp 8 133904742725312 "GET /admin/OnlineShop/employee/ HTTP/1.1" 200 14593
INFO 2026-05-21 11:25:49,066 basehttp 8 133904751118016 "GET /admin/jsi18n/ HTTP/1.1" 200 3342
INFO 2026-05-21 11:25:49,066 basehttp 8 133904751118016 "GET /admin/jsi18n/ HTTP/1.1" 200 3342
INFO 2026-05-21 11:25:50,760 basehttp 8 133904742725312 "GET /admin/OnlineShop/customer/ HTTP/1.1" 200 13706
INFO 2026-05-21 11:25:50,760 basehttp 8 133904742725312 "GET /admin/OnlineShop/customer/ HTTP/1.1" 200 13706
INFO 2026-05-21 11:25:50,871 basehttp 8 133904751118016 "GET /admin/jsi18n/ HTTP/1.1" 200 3342
INFO 2026-05-21 11:25:50,871 basehttp 8 133904751118016 "GET /admin/jsi18n/ HTTP/1.1" 200 3342
INFO 2026-05-21 11:25:56,016 basehttp 8 133904742725312 "GET /admin/OnlineShop/customer/11/change/ HTTP/1.1" 200 14840
INFO 2026-05-21 11:25:56,016 basehttp 8 133904742725312 "GET /admin/OnlineShop/customer/11/change/ HTTP/1.1" 200 14840
INFO 2026-05-21 11:25:56,083 basehttp 8 133904751118016 "GET /admin/jsi18n/ HTTP/1.1" 200 3342
INFO 2026-05-21 11:25:56,083 basehttp 8 133904751118016 "GET /admin/jsi18n/ HTTP/1.1" 200 3342
INFO 2026-05-21 11:25:56,098 basehttp 8 133904751118016 "GET /static/admin/css/forms.css HTTP/1.1" 304 0
INFO 2026-05-21 11:25:56,098 basehttp 8 133904751118016 "GET /static/admin/css/forms.css HTTP/1.1" 304 0
INFO 2026-05-21 11:25:56,127 basehttp 8 133904388318912 "GET /static/admin/js/change_form.js HTTP/1.1" 304 0
INFO 2026-05-21 11:25:56,127 basehttp 8 133904388318912 "GET /static/admin/js/change_form.js HTTP/1.1" 304 0
INFO 2026-05-21 11:25:56,128 basehttp 8 133904759510720 "GET /static/admin/js/prepopulate_init.js HTTP/1.1" 304 0
INFO 2026-05-21 11:25:56,128 basehttp 8 133904759510720 "GET /static/admin/js/prepopulate_init.js HTTP/1.1" 304 0
INFO 2026-05-21 11:25:56,162 basehttp 8 133904751118016 "GET /static/admin/css/widgets.css HTTP/1.1" 304 0
INFO 2026-05-21 11:25:56,162 basehttp 8 133904751118016 "GET /static/admin/css/widgets.css HTTP/1.1" 304 0
INFO 2026-05-21 11:26:09,973 basehttp 8 133904742725312 "GET /admin/OnlineShop/category/ HTTP/1.1" 200 14380
INFO 2026-05-21 11:26:09,973 basehttp 8 133904742725312 "GET /admin/OnlineShop/category/ HTTP/1.1" 200 14380
INFO 2026-05-21 11:26:10,080 basehttp 8 133904751118016 "GET /admin/jsi18n/ HTTP/1.1" 200 3342
INFO 2026-05-21 11:26:10,080 basehttp 8 133904751118016 "GET /admin/jsi18n/ HTTP/1.1" 200 3342
INFO 2026-05-21 11:26:12,201 basehttp 8 133904742725312 "GET /admin/auth/user/ HTTP/1.1" 200 17141
INFO 2026-05-21 11:26:12,201 basehttp 8 133904742725312 "GET /admin/auth/user/ HTTP/1.1" 200 17141
INFO 2026-05-21 11:26:12,296 basehttp 8 133904751118016 "GET /admin/jsi18n/ HTTP/1.1" 200 3342
INFO 2026-05-21 11:26:12,296 basehttp 8 133904751118016 "GET /admin/jsi18n/ HTTP/1.1" 200 3342
INFO 2026-05-21 11:26:12,307 basehttp 8 133904751118016 "GET /static/admin/img/search.svg HTTP/1.1" 200 458
INFO 2026-05-21 11:26:12,307 basehttp 8 133904751118016 "GET /static/admin/img/search.svg HTTP/1.1" 200 458
INFO 2026-05-21 11:26:12,308 basehttp 8 133904388318912 "GET /static/admin/img/icon-no.svg HTTP/1.1" 200 560
INFO 2026-05-21 11:26:12,308 basehttp 8 133904388318912 "GET /static/admin/img/icon-no.svg HTTP/1.1" 200 560
INFO 2026-05-21 11:26:12,311 basehttp 8 133904767903424 "GET /static/admin/img/icon-yes.svg HTTP/1.1" 200 436
INFO 2026-05-21 11:26:12,311 basehttp 8 133904767903424 "GET /static/admin/img/icon-yes.svg HTTP/1.1" 200 436
INFO 2026-05-21 11:26:12,452 basehttp 8 133904751118016 "GET /static/admin/img/sorting-icons.svg HTTP/1.1" 200 1097
INFO 2026-05-21 11:26:12,452 basehttp 8 133904751118016 "GET /static/admin/img/sorting-icons.svg HTTP/1.1" 200 1097
INFO 2026-05-21 11:26:12,456 basehttp 8 133904388318912 "GET /static/admin/img/icon-viewlink.svg HTTP/1.1" 200 581
INFO 2026-05-21 11:26:12,456 basehttp 8 133904388318912 "GET /static/admin/img/icon-viewlink.svg HTTP/1.1" 200 581
INFO 2026-05-21 11:26:18,294 basehttp 8 133904742725312 "GET /admin/auth/user/9/change/ HTTP/1.1" 200 29370
INFO 2026-05-21 11:26:18,294 basehttp 8 133904742725312 "GET /admin/auth/user/9/change/ HTTP/1.1" 200 29370
INFO 2026-05-21 11:26:18,387 basehttp 8 133904751118016 "GET /admin/jsi18n/ HTTP/1.1" 200 3342
INFO 2026-05-21 11:26:18,387 basehttp 8 133904751118016 "GET /admin/jsi18n/ HTTP/1.1" 200 3342
INFO 2026-05-21 11:26:18,388 basehttp 8 133904388318912 "GET /static/admin/js/calendar.js HTTP/1.1" 304 0
INFO 2026-05-21 11:26:18,388 basehttp 8 133904388318912 "GET /static/admin/js/calendar.js HTTP/1.1" 304 0
INFO 2026-05-21 11:26:18,388 basehttp 8 133904767903424 "GET /static/admin/js/admin/DateTimeShortcuts.js HTTP/1.1" 304 0
INFO 2026-05-21 11:26:18,388 basehttp 8 133904767903424 "GET /static/admin/js/admin/DateTimeShortcuts.js HTTP/1.1" 304 0
INFO 2026-05-21 11:26:18,402 basehttp 8 133904751118016 "GET /static/admin/js/SelectBox.js HTTP/1.1" 304 0
INFO 2026-05-21 11:26:18,402 basehttp 8 133904751118016 "GET /static/admin/js/SelectBox.js HTTP/1.1" 304 0
INFO 2026-05-21 11:26:18,417 basehttp 8 133904388318912 "GET /static/admin/js/SelectFilter2.js HTTP/1.1" 304 0
INFO 2026-05-21 11:26:18,417 basehttp 8 133904388318912 "GET /static/admin/js/SelectFilter2.js HTTP/1.1" 304 0
INFO 2026-05-21 11:26:18,546 basehttp 8 133904767903424 "GET /static/admin/img/icon-clock.svg HTTP/1.1" 200 677
INFO 2026-05-21 11:26:18,547 basehttp 8 133904388318912 "GET /static/admin/img/icon-calendar.svg HTTP/1.1" 200 1086
INFO 2026-05-21 11:26:18,546 basehttp 8 133904767903424 "GET /static/admin/img/icon-clock.svg HTTP/1.1" 200 677
INFO 2026-05-21 11:26:18,548 basehttp 8 133904751118016 "GET /static/admin/img/selector-icons.svg HTTP/1.1" 200 3291
INFO 2026-05-21 11:26:18,548 basehttp 8 133904751118016 "GET /static/admin/img/selector-icons.svg HTTP/1.1" 200 3291
INFO 2026-05-21 11:26:18,547 basehttp 8 133904388318912 "GET /static/admin/img/icon-calendar.svg HTTP/1.1" 200 1086
INFO 2026-05-21 11:26:38,636 basehttp 8 133904742725312 "POST /admin/auth/user/9/change/ HTTP/1.1" 302 0
INFO 2026-05-21 11:26:38,636 basehttp 8 133904742725312 "POST /admin/auth/user/9/change/ HTTP/1.1" 302 0
INFO 2026-05-21 11:26:38,692 basehttp 8 133904742725312 "GET /admin/auth/user/ HTTP/1.1" 200 17342
INFO 2026-05-21 11:26:38,692 basehttp 8 133904742725312 "GET /admin/auth/user/ HTTP/1.1" 200 17342
INFO 2026-05-21 11:26:38,831 basehttp 8 133904751118016 "GET /admin/jsi18n/ HTTP/1.1" 200 3342
INFO 2026-05-21 11:26:38,831 basehttp 8 133904751118016 "GET /admin/jsi18n/ HTTP/1.1" 200 3342
INFO 2026-05-21 11:26:48,605 basehttp 8 133904742725312 "POST /login/?next=/buy_product/24/ HTTP/1.1" 302 0
INFO 2026-05-21 11:26:48,605 basehttp 8 133904742725312 "POST /login/?next=/buy_product/24/ HTTP/1.1" 302 0
INFO 2026-05-21 11:26:48,659 basehttp 8 133904742725312 "GET /about/ HTTP/1.1" 200 11563
INFO 2026-05-21 11:26:48,659 basehttp 8 133904742725312 "GET /about/ HTTP/1.1" 200 11563
INFO 2026-05-21 11:26:50,782 basehttp 8 133904742725312 "GET /products HTTP/1.1" 301 0
INFO 2026-05-21 11:26:50,782 basehttp 8 133904742725312 "GET /products HTTP/1.1" 301 0
INFO 2026-05-21 11:26:50,831 basehttp 8 133904751118016 "GET /products/ HTTP/1.1" 200 28073
INFO 2026-05-21 11:26:50,831 basehttp 8 133904751118016 "GET /products/ HTTP/1.1" 200 28073
INFO 2026-05-21 11:26:51,891 basehttp 8 133904751118016 "GET /login/?next=/buy_product/24/ HTTP/1.1" 200 9140
INFO 2026-05-21 11:26:51,891 basehttp 8 133904751118016 "GET /login/?next=/buy_product/24/ HTTP/1.1" 200 9140
INFO 2026-05-21 11:30:34,202 autoreload 8 133904833332032 /app/LR5/settings.py changed, reloading.
INFO 2026-05-21 11:30:34,202 autoreload 8 133904833332032 /app/LR5/settings.py changed, reloading.
INFO 2026-05-21 11:30:35,538 autoreload 74 124392691548992 Watching for file changes with StatReloader
INFO 2026-05-21 11:30:35,538 autoreload 74 124392691548992 Watching for file changes with StatReloader
INFO 2026-05-21 11:30:50,264 basehttp 74 124392634840768 "POST /login/?next=/buy_product/24/ HTTP/1.1" 302 0
INFO 2026-05-21 11:30:50,264 basehttp 74 124392634840768 "POST /login/?next=/buy_product/24/ HTTP/1.1" 302 0
INFO 2026-05-21 11:30:50,289 basehttp 74 124392634840768 "GET /about/ HTTP/1.1" 200 11591
INFO 2026-05-21 11:30:50,289 basehttp 74 124392634840768 "GET /about/ HTTP/1.1" 200 11591
INFO 2026-05-21 11:30:52,028 basehttp 74 124392634840768 "GET /products HTTP/1.1" 301 0
INFO 2026-05-21 11:30:52,028 basehttp 74 124392634840768 "GET /products HTTP/1.1" 301 0
INFO 2026-05-21 11:30:52,070 basehttp 74 124392634840768 "GET /products/ HTTP/1.1" 200 26404
INFO 2026-05-21 11:30:52,070 basehttp 74 124392634840768 "GET /products/ HTTP/1.1" 200 26404
INFO 2026-05-21 11:30:55,653 basehttp 74 124392634840768 "GET /buy_product/33/ HTTP/1.1" 200 9763
INFO 2026-05-21 11:30:55,653 basehttp 74 124392634840768 "GET /buy_product/33/ HTTP/1.1" 200 9763
INFO 2026-05-21 11:31:04,273 basehttp 74 124392634840768 "POST /buy_product/33/ HTTP/1.1" 302 0
INFO 2026-05-21 11:31:04,273 basehttp 74 124392634840768 "POST /buy_product/33/ HTTP/1.1" 302 0
INFO 2026-05-21 11:31:04,302 basehttp 74 124392634840768 "GET /products/ HTTP/1.1" 200 26404
INFO 2026-05-21 11:31:04,302 basehttp 74 124392634840768 "GET /products/ HTTP/1.1" 200 26404
INFO 2026-05-21 11:31:06,771 basehttp 74 124392634840768 "GET /mypurchases HTTP/1.1" 301 0
INFO 2026-05-21 11:31:06,771 basehttp 74 124392634840768 "GET /mypurchases HTTP/1.1" 301 0
INFO 2026-05-21 11:31:06,812 basehttp 74 124392634840768 "GET /mypurchases/ HTTP/1.1" 200 13297
INFO 2026-05-21 11:31:06,812 basehttp 74 124392634840768 "GET /mypurchases/ HTTP/1.1" 200 13297
INFO 2026-05-21 11:31:09,163 basehttp 74 124392634840768 "GET /logout/ HTTP/1.1" 302 0
INFO 2026-05-21 11:31:09,163 basehttp 74 124392634840768 "GET /logout/ HTTP/1.1" 302 0
INFO 2026-05-21 11:31:09,197 basehttp 74 124392634840768 "GET /login/ HTTP/1.1" 200 9140
INFO 2026-05-21 11:31:09,197 basehttp 74 124392634840768 "GET /login/ HTTP/1.1" 200 9140
INFO 2026-05-21 11:31:12,267 basehttp 74 124392634840768 "POST /login/ HTTP/1.1" 302 0
INFO 2026-05-21 11:31:12,267 basehttp 74 124392634840768 "POST /login/ HTTP/1.1" 302 0
INFO 2026-05-21 11:31:12,327 basehttp 74 124392634840768 "GET /about/ HTTP/1.1" 200 11563
INFO 2026-05-21 11:31:12,327 basehttp 74 124392634840768 "GET /about/ HTTP/1.1" 200 11563
INFO 2026-05-21 11:31:14,699 basehttp 74 124392634840768 "GET /sales HTTP/1.1" 301 0
INFO 2026-05-21 11:31:14,699 basehttp 74 124392634840768 "GET /sales HTTP/1.1" 301 0
INFO 2026-05-21 11:31:14,751 basehttp 74 124392634840768 "GET /sales/ HTTP/1.1" 200 24640
INFO 2026-05-21 11:31:14,751 basehttp 74 124392634840768 "GET /sales/ HTTP/1.1" 200 24640
INFO 2026-05-21 11:31:18,627 basehttp 74 124392634840768 "GET /sales/ HTTP/1.1" 200 24640
INFO 2026-05-21 11:31:18,627 basehttp 74 124392634840768 "GET /sales/ HTTP/1.1" 200 24640
INFO 2026-05-21 11:31:18,712 basehttp 74 124392634840768 "GET /static/css/styles.css HTTP/1.1" 200 5989
INFO 2026-05-21 11:31:18,712 basehttp 74 124392634840768 "GET /static/css/styles.css HTTP/1.1" 200 5989
INFO 2026-05-21 11:31:18,716 basehttp 74 124392625399488 "GET /static/js/navigation.js HTTP/1.1" 200 309
INFO 2026-05-21 11:31:18,716 basehttp 74 124392625399488 "GET /static/js/navigation.js HTTP/1.1" 200 309
INFO 2026-05-21 11:31:19,022 basehttp 74 124392625399488 "GET /media/stats/sale_statistics.png HTTP/1.1" 200 25863
INFO 2026-05-21 11:31:19,022 basehttp 74 124392625399488 "GET /media/stats/sale_statistics.png HTTP/1.1" 200 25863
WARNING 2026-05-21 11:31:19,054 basehttp 74 124392625399488 "GET /favicon.ico HTTP/1.1" 404 6407
WARNING 2026-05-21 11:31:19,054 basehttp 74 124392625399488 "GET /favicon.ico HTTP/1.1" 404 6407
INFO 2026-05-21 11:31:37,149 autoreload 74 124392691548992 /app/LR5/settings.py changed, reloading.
INFO 2026-05-21 11:31:37,149 autoreload 74 124392691548992 /app/LR5/settings.py changed, reloading.
INFO 2026-05-21 11:31:38,285 autoreload 83 135539729748800 Watching for file changes with StatReloader
INFO 2026-05-21 11:31:38,285 autoreload 83 135539729748800 Watching for file changes with StatReloader
INFO 2026-05-21 11:43:53,903 basehttp 83 135539673003712 "GET /promocodes HTTP/1.1" 301 0
INFO 2026-05-21 11:43:53,903 basehttp 83 135539673003712 "GET /promocodes HTTP/1.1" 301 0
INFO 2026-05-21 11:43:53,956 basehttp 83 135539673003712 "GET /promocodes/ HTTP/1.1" 200 18474
INFO 2026-05-21 11:43:53,956 basehttp 83 135539673003712 "GET /promocodes/ HTTP/1.1" 200 18474
INFO 2026-05-21 11:43:54,788 basehttp 83 135539673003712 "GET /sales HTTP/1.1" 301 0
INFO 2026-05-21 11:43:54,788 basehttp 83 135539673003712 "GET /sales HTTP/1.1" 301 0
INFO 2026-05-21 11:43:54,860 basehttp 83 135539673003712 "GET /sales/ HTTP/1.1" 200 27835
INFO 2026-05-21 11:43:54,860 basehttp 83 135539673003712 "GET /sales/ HTTP/1.1" 200 27835
INFO 2026-05-21 11:44:03,738 basehttp 83 135539663562432 "GET /sales/ HTTP/1.1" 200 27835
INFO 2026-05-21 11:44:03,738 basehttp 83 135539663562432 "GET /sales/ HTTP/1.1" 200 27835
INFO 2026-05-21 11:44:03,806 basehttp 83 135539663562432 "GET /static/css/styles.css HTTP/1.1" 200 5989
INFO 2026-05-21 11:44:03,806 basehttp 83 135539663562432 "GET /static/css/styles.css HTTP/1.1" 200 5989
INFO 2026-05-21 11:44:03,823 basehttp 83 135539663562432 "GET /static/js/navigation.js HTTP/1.1" 200 309
INFO 2026-05-21 11:44:03,823 basehttp 83 135539663562432 "GET /static/js/navigation.js HTTP/1.1" 200 309
WARNING 2026-05-21 11:44:05,741 basehttp 83 135539663562432 "GET /favicon.ico HTTP/1.1" 404 6407
WARNING 2026-05-21 11:44:05,741 basehttp 83 135539663562432 "GET /favicon.ico HTTP/1.1" 404 6407
INFO 2026-05-21 11:47:20,788 basehttp 83 135539663562432 "GET /sales/ HTTP/1.1" 200 27237
INFO 2026-05-21 11:47:20,788 basehttp 83 135539663562432 "GET /sales/ HTTP/1.1" 200 27237
INFO 2026-05-21 11:47:25,147 basehttp 83 135539663562432 "GET /sales/ HTTP/1.1" 200 27237
INFO 2026-05-21 11:47:25,147 basehttp 83 135539663562432 "GET /sales/ HTTP/1.1" 200 27237
INFO 2026-05-21 11:47:25,228 basehttp 83 135539663562432 "GET /static/css/styles.css HTTP/1.1" 200 5989
INFO 2026-05-21 11:47:25,228 basehttp 83 135539663562432 "GET /static/css/styles.css HTTP/1.1" 200 5989
INFO 2026-05-21 11:47:25,237 basehttp 83 135539673003712 "GET /static/js/navigation.js HTTP/1.1" 200 309
INFO 2026-05-21 11:47:25,237 basehttp 83 135539673003712 "GET /static/js/navigation.js HTTP/1.1" 200 309
WARNING 2026-05-21 11:47:25,675 basehttp 83 135539673003712 "GET /favicon.ico HTTP/1.1" 404 6407
WARNING 2026-05-21 11:47:25,675 basehttp 83 135539673003712 "GET /favicon.ico HTTP/1.1" 404 6407
INFO 2026-05-21 11:47:45,160 autoreload 7 123702580572992 Watching for file changes with StatReloader
INFO 2026-05-21 11:47:45,160 autoreload 7 123702580572992 Watching for file changes with StatReloader
INFO 2026-05-21 11:47:49,148 basehttp 7 123702523983552 "GET /sales/ HTTP/1.1" 200 27237
INFO 2026-05-21 11:47:49,148 basehttp 7 123702523983552 "GET /sales/ HTTP/1.1" 200 27237
INFO 2026-05-21 11:47:51,029 basehttp 7 123702523983552 "GET /sales/ HTTP/1.1" 200 27237
INFO 2026-05-21 11:47:51,029 basehttp 7 123702523983552 "GET /sales/ HTTP/1.1" 200 27237
INFO 2026-05-21 11:47:51,111 basehttp 7 123702523983552 "GET /static/css/styles.css HTTP/1.1" 200 5989
INFO 2026-05-21 11:47:51,111 basehttp 7 123702523983552 "GET /static/css/styles.css HTTP/1.1" 200 5989
INFO 2026-05-21 11:47:51,119 basehttp 7 123702440097472 "GET /static/js/navigation.js HTTP/1.1" 200 309
INFO 2026-05-21 11:47:51,119 basehttp 7 123702440097472 "GET /static/js/navigation.js HTTP/1.1" 200 309
WARNING 2026-05-21 11:47:51,643 basehttp 7 123702440097472 "GET /favicon.ico HTTP/1.1" 404 6407
WARNING 2026-05-21 11:47:51,643 basehttp 7 123702440097472 "GET /favicon.ico HTTP/1.1" 404 6407
INFO 2026-05-21 11:51:41,565 autoreload 7 123702580572992 /app/OnlineShop/views.py changed, reloading.
INFO 2026-05-21 11:51:41,565 autoreload 7 123702580572992 /app/OnlineShop/views.py changed, reloading.
INFO 2026-05-21 11:51:42,982 autoreload 12 134474205217600 Watching for file changes with StatReloader
INFO 2026-05-21 11:51:42,982 autoreload 12 134474205217600 Watching for file changes with StatReloader
INFO 2026-05-21 11:51:52,938 autoreload 7 139622748115776 Watching for file changes with StatReloader
INFO 2026-05-21 11:51:52,938 autoreload 7 139622748115776 Watching for file changes with StatReloader
INFO 2026-05-21 11:51:57,093 basehttp 7 139622691632832 "GET /sales/ HTTP/1.1" 200 27087
INFO 2026-05-21 11:51:57,093 basehttp 7 139622691632832 "GET /sales/ HTTP/1.1" 200 27087
INFO 2026-05-21 12:10:34,523 basehttp 7 139622691632832 "GET /sales/ HTTP/1.1" 200 27087
INFO 2026-05-21 12:10:34,523 basehttp 7 139622691632832 "GET /sales/ HTTP/1.1" 200 27087
INFO 2026-05-21 12:14:24,033 basehttp 7 139622691632832 "GET /logout HTTP/1.1" 301 0
INFO 2026-05-21 12:14:24,033 basehttp 7 139622691632832 "GET /logout HTTP/1.1" 301 0
INFO 2026-05-21 12:14:24,098 basehttp 7 139622691632832 "GET /logout/ HTTP/1.1" 302 0
INFO 2026-05-21 12:14:24,098 basehttp 7 139622691632832 "GET /logout/ HTTP/1.1" 302 0
INFO 2026-05-21 12:14:24,131 basehttp 7 139622691632832 "GET /login/ HTTP/1.1" 200 9140
INFO 2026-05-21 12:14:24,131 basehttp 7 139622691632832 "GET /login/ HTTP/1.1" 200 9140
INFO 2026-05-21 12:14:28,354 basehttp 7 139622691632832 "POST /login/ HTTP/1.1" 302 0
INFO 2026-05-21 12:14:28,354 basehttp 7 139622691632832 "POST /login/ HTTP/1.1" 302 0
INFO 2026-05-21 12:14:28,417 basehttp 7 139622691632832 "GET /about/ HTTP/1.1" 200 11591
INFO 2026-05-21 12:14:28,417 basehttp 7 139622691632832 "GET /about/ HTTP/1.1" 200 11591
INFO 2026-05-21 12:14:30,585 basehttp 7 139622691632832 "GET /products HTTP/1.1" 301 0
INFO 2026-05-21 12:14:30,585 basehttp 7 139622691632832 "GET /products HTTP/1.1" 301 0
INFO 2026-05-21 12:14:30,622 basehttp 7 139622691632832 "GET /products/ HTTP/1.1" 200 26404
INFO 2026-05-21 12:14:30,622 basehttp 7 139622691632832 "GET /products/ HTTP/1.1" 200 26404
INFO 2026-05-21 12:14:35,789 basehttp 7 139622691632832 "GET /buy_product/27/ HTTP/1.1" 200 9744
INFO 2026-05-21 12:14:35,789 basehttp 7 139622691632832 "GET /buy_product/27/ HTTP/1.1" 200 9744
INFO 2026-05-21 12:14:50,840 basehttp 7 139622691632832 "POST /buy_product/27/ HTTP/1.1" 302 0
INFO 2026-05-21 12:14:50,840 basehttp 7 139622691632832 "POST /buy_product/27/ HTTP/1.1" 302 0
INFO 2026-05-21 12:14:50,868 basehttp 7 139622691632832 "GET /products/ HTTP/1.1" 200 26404
INFO 2026-05-21 12:14:50,868 basehttp 7 139622691632832 "GET /products/ HTTP/1.1" 200 26404
INFO 2026-05-21 12:14:53,942 basehttp 7 139622691632832 "GET /logout HTTP/1.1" 301 0
INFO 2026-05-21 12:14:53,942 basehttp 7 139622691632832 "GET /logout HTTP/1.1" 301 0
INFO 2026-05-21 12:14:53,987 basehttp 7 139622691632832 "GET /logout/ HTTP/1.1" 302 0
INFO 2026-05-21 12:14:53,987 basehttp 7 139622691632832 "GET /logout/ HTTP/1.1" 302 0
INFO 2026-05-21 12:14:54,032 basehttp 7 139622691632832 "GET /login/ HTTP/1.1" 200 9140
INFO 2026-05-21 12:14:54,032 basehttp 7 139622691632832 "GET /login/ HTTP/1.1" 200 9140
INFO 2026-05-21 12:14:58,090 basehttp 7 139622691632832 "POST /login/ HTTP/1.1" 302 0
INFO 2026-05-21 12:14:58,090 basehttp 7 139622691632832 "POST /login/ HTTP/1.1" 302 0
INFO 2026-05-21 12:14:58,110 basehttp 7 139622691632832 "GET /about/ HTTP/1.1" 200 11563
INFO 2026-05-21 12:14:58,110 basehttp 7 139622691632832 "GET /about/ HTTP/1.1" 200 11563
INFO 2026-05-21 12:15:00,141 basehttp 7 139622691632832 "GET /sales HTTP/1.1" 301 0
INFO 2026-05-21 12:15:00,141 basehttp 7 139622691632832 "GET /sales HTTP/1.1" 301 0
INFO 2026-05-21 12:15:00,200 basehttp 7 139622691632832 "GET /sales/ HTTP/1.1" 200 28203
INFO 2026-05-21 12:15:00,200 basehttp 7 139622691632832 "GET /sales/ HTTP/1.1" 200 28203
INFO 2026-05-21 12:15:18,868 basehttp 7 139622691632832 "GET /admin/OnlineShop/customer/ HTTP/1.1" 200 13706
INFO 2026-05-21 12:15:18,868 basehttp 7 139622691632832 "GET /admin/OnlineShop/customer/ HTTP/1.1" 200 13706
INFO 2026-05-21 12:15:18,948 basehttp 7 139622691632832 "GET /static/admin/js/theme.js HTTP/1.1" 304 0
INFO 2026-05-21 12:15:18,948 basehttp 7 139622691632832 "GET /static/admin/js/theme.js HTTP/1.1" 304 0
INFO 2026-05-21 12:15:18,966 basehttp 7 139622691632832 "GET /static/admin/js/nav_sidebar.js HTTP/1.1" 304 0
INFO 2026-05-21 12:15:18,966 basehttp 7 139622691632832 "GET /static/admin/js/nav_sidebar.js HTTP/1.1" 304 0
INFO 2026-05-21 12:15:18,976 basehttp 7 139622608795328 "GET /static/admin/css/dark_mode.css HTTP/1.1" 304 0
INFO 2026-05-21 12:15:18,985 basehttp 7 139622600402624 "GET /static/admin/css/base.css HTTP/1.1" 304 0
INFO 2026-05-21 12:15:18,976 basehttp 7 139622608795328 "GET /static/admin/css/dark_mode.css HTTP/1.1" 304 0
INFO 2026-05-21 12:15:18,985 basehttp 7 139622600402624 "GET /static/admin/css/base.css HTTP/1.1" 304 0
INFO 2026-05-21 12:15:18,997 basehttp 7 139622608795328 "GET /static/admin/js/vendor/jquery/jquery.js HTTP/1.1" 304 0
INFO 2026-05-21 12:15:18,997 basehttp 7 139622608795328 "GET /static/admin/js/vendor/jquery/jquery.js HTTP/1.1" 304 0
INFO 2026-05-21 12:15:19,005 basehttp 7 139622575224512 "GET /static/admin/js/jquery.init.js HTTP/1.1" 304 0
INFO 2026-05-21 12:15:19,005 basehttp 7 139622575224512 "GET /static/admin/js/jquery.init.js HTTP/1.1" 304 0
INFO 2026-05-21 12:15:19,008 basehttp 7 139622583617216 "GET /static/admin/css/nav_sidebar.css HTTP/1.1" 304 0
INFO 2026-05-21 12:15:19,008 basehttp 7 139622583617216 "GET /static/admin/css/nav_sidebar.css HTTP/1.1" 304 0
INFO 2026-05-21 12:15:19,012 basehttp 7 139622575224512 "GET /static/admin/js/actions.js HTTP/1.1" 304 0
INFO 2026-05-21 12:15:19,015 basehttp 7 139622691632832 "GET /static/admin/js/urlify.js HTTP/1.1" 304 0
INFO 2026-05-21 12:15:19,015 basehttp 7 139622592009920 "GET /admin/jsi18n/ HTTP/1.1" 200 3342
INFO 2026-05-21 12:15:19,012 basehttp 7 139622575224512 "GET /static/admin/js/actions.js HTTP/1.1" 304 0
INFO 2026-05-21 12:15:18,999 basehttp 7 139622600402624 "GET /static/admin/js/core.js HTTP/1.1" 304 0
INFO 2026-05-21 12:15:18,999 basehttp 7 139622600402624 "GET /static/admin/js/core.js HTTP/1.1" 304 0
INFO 2026-05-21 12:15:19,015 basehttp 7 139622691632832 "GET /static/admin/js/urlify.js HTTP/1.1" 304 0
INFO 2026-05-21 12:15:19,021 basehttp 7 139622583617216 "GET /static/admin/js/admin/RelatedObjectLookups.js HTTP/1.1" 304 0
INFO 2026-05-21 12:15:19,021 basehttp 7 139622583617216 "GET /static/admin/js/admin/RelatedObjectLookups.js HTTP/1.1" 304 0
INFO 2026-05-21 12:15:19,015 basehttp 7 139622592009920 "GET /admin/jsi18n/ HTTP/1.1" 200 3342
INFO 2026-05-21 12:15:19,025 basehttp 7 139622592009920 "GET /static/admin/js/prepopulate.js HTTP/1.1" 304 0
INFO 2026-05-21 12:15:19,025 basehttp 7 139622592009920 "GET /static/admin/js/prepopulate.js HTTP/1.1" 304 0
INFO 2026-05-21 12:15:19,042 basehttp 7 139622608795328 "GET /static/admin/js/vendor/xregexp/xregexp.js HTTP/1.1" 304 0
INFO 2026-05-21 12:15:19,043 basehttp 7 139622600402624 "GET /static/admin/js/filters.js HTTP/1.1" 304 0
INFO 2026-05-21 12:15:19,043 basehttp 7 139622600402624 "GET /static/admin/js/filters.js HTTP/1.1" 304 0
INFO 2026-05-21 12:15:19,042 basehttp 7 139622608795328 "GET /static/admin/js/vendor/xregexp/xregexp.js HTTP/1.1" 304 0
INFO 2026-05-21 12:15:19,060 basehttp 7 139622691632832 "GET /static/admin/css/responsive.css HTTP/1.1" 304 0
INFO 2026-05-21 12:15:19,060 basehttp 7 139622575224512 "GET /static/admin/css/changelists.css HTTP/1.1" 304 0
INFO 2026-05-21 12:15:19,060 basehttp 7 139622691632832 "GET /static/admin/css/responsive.css HTTP/1.1" 304 0
INFO 2026-05-21 12:15:19,060 basehttp 7 139622575224512 "GET /static/admin/css/changelists.css HTTP/1.1" 304 0
INFO 2026-05-21 12:15:19,215 basehttp 7 139622592009920 "GET /static/admin/img/icon-addlink.svg HTTP/1.1" 200 331
INFO 2026-05-21 12:15:19,215 basehttp 7 139622592009920 "GET /static/admin/img/icon-addlink.svg HTTP/1.1" 200 331
INFO 2026-05-21 12:15:19,217 basehttp 7 139622583617216 "GET /static/admin/img/tooltag-add.svg HTTP/1.1" 200 331
INFO 2026-05-21 12:15:19,217 basehttp 7 139622583617216 "GET /static/admin/img/tooltag-add.svg HTTP/1.1" 200 331
INFO 2026-05-21 12:15:20,857 basehttp 7 139622691632832 "GET /admin/OnlineShop/customer/11/change/ HTTP/1.1" 200 14840
INFO 2026-05-21 12:15:20,857 basehttp 7 139622691632832 "GET /admin/OnlineShop/customer/11/change/ HTTP/1.1" 200 14840
INFO 2026-05-21 12:15:20,935 basehttp 7 139622583617216 "GET /static/admin/css/forms.css HTTP/1.1" 304 0
INFO 2026-05-21 12:15:20,935 basehttp 7 139622583617216 "GET /static/admin/css/forms.css HTTP/1.1" 304 0
INFO 2026-05-21 12:15:20,937 basehttp 7 139622592009920 "GET /admin/jsi18n/ HTTP/1.1" 200 3342
INFO 2026-05-21 12:15:20,937 basehttp 7 139622592009920 "GET /admin/jsi18n/ HTTP/1.1" 200 3342
INFO 2026-05-21 12:15:21,008 basehttp 7 139622592009920 "GET /static/admin/js/change_form.js HTTP/1.1" 304 0
INFO 2026-05-21 12:15:21,008 basehttp 7 139622592009920 "GET /static/admin/js/change_form.js HTTP/1.1" 304 0
INFO 2026-05-21 12:15:21,011 basehttp 7 139622583617216 "GET /static/admin/js/prepopulate_init.js HTTP/1.1" 304 0
INFO 2026-05-21 12:15:21,011 basehttp 7 139622583617216 "GET /static/admin/js/prepopulate_init.js HTTP/1.1" 304 0
INFO 2026-05-21 12:15:21,040 basehttp 7 139622592009920 "GET /static/admin/css/widgets.css HTTP/1.1" 304 0
INFO 2026-05-21 12:15:21,040 basehttp 7 139622592009920 "GET /static/admin/css/widgets.css HTTP/1.1" 304 0
INFO 2026-05-21 12:15:22,716 basehttp 7 139622691632832 "GET /admin/OnlineShop/customer/11/delete/ HTTP/1.1" 200 11804
INFO 2026-05-21 12:15:22,716 basehttp 7 139622691632832 "GET /admin/OnlineShop/customer/11/delete/ HTTP/1.1" 200 11804
INFO 2026-05-21 12:15:22,796 basehttp 7 139622592009920 "GET /static/admin/js/cancel.js HTTP/1.1" 304 0
INFO 2026-05-21 12:15:22,796 basehttp 7 139622592009920 "GET /static/admin/js/cancel.js HTTP/1.1" 304 0
INFO 2026-05-21 12:15:24,596 basehttp 7 139622691632832 "POST /admin/OnlineShop/customer/11/delete/ HTTP/1.1" 302 0
INFO 2026-05-21 12:15:24,596 basehttp 7 139622691632832 "POST /admin/OnlineShop/customer/11/delete/ HTTP/1.1" 302 0
INFO 2026-05-21 12:15:24,619 basehttp 7 139622691632832 "GET /admin/OnlineShop/customer/ HTTP/1.1" 200 13589
INFO 2026-05-21 12:15:24,619 basehttp 7 139622691632832 "GET /admin/OnlineShop/customer/ HTTP/1.1" 200 13589
INFO 2026-05-21 12:15:24,708 basehttp 7 139622592009920 "GET /admin/jsi18n/ HTTP/1.1" 200 3342
INFO 2026-05-21 12:15:24,708 basehttp 7 139622592009920 "GET /admin/jsi18n/ HTTP/1.1" 200 3342
INFO 2026-05-21 12:15:24,823 basehttp 7 139622592009920 "GET /static/admin/img/icon-yes.svg HTTP/1.1" 200 436
INFO 2026-05-21 12:15:24,823 basehttp 7 139622592009920 "GET /static/admin/img/icon-yes.svg HTTP/1.1" 200 436
INFO 2026-05-21 12:15:28,868 basehttp 7 139622691632832 "GET /sales/ HTTP/1.1" 200 28010
INFO 2026-05-21 12:15:28,868 basehttp 7 139622691632832 "GET /sales/ HTTP/1.1" 200 28010
INFO 2026-05-21 12:54:55,883 autoreload 7 129139480318784 Watching for file changes with StatReloader
INFO 2026-05-21 12:54:55,883 autoreload 7 129139480318784 Watching for file changes with StatReloader
INFO 2026-05-21 12:55:01,188 basehttp 7 129139424097984 "GET /about HTTP/1.1" 301 0
INFO 2026-05-21 12:55:01,188 basehttp 7 129139424097984 "GET /about HTTP/1.1" 301 0
INFO 2026-05-21 12:55:01,258 basehttp 7 129139424097984 "GET /about/ HTTP/1.1" 200 11563
INFO 2026-05-21 12:55:01,258 basehttp 7 129139424097984 "GET /about/ HTTP/1.1" 200 11563
INFO 2026-05-21 12:55:04,376 basehttp 7 129139424097984 "GET /news HTTP/1.1" 301 0
INFO 2026-05-21 12:55:04,376 basehttp 7 129139424097984 "GET /news HTTP/1.1" 301 0
INFO 2026-05-21 12:55:04,431 basehttp 7 129139424097984 "GET /news/ HTTP/1.1" 200 11153
INFO 2026-05-21 12:55:04,431 basehttp 7 129139424097984 "GET /news/ HTTP/1.1" 200 11153
INFO 2026-05-21 12:55:04,633 basehttp 7 129139414656704 "GET /media/images/images_xbSwZna.jpeg HTTP/1.1" 200 11996
INFO 2026-05-21 12:55:04,634 basehttp 7 129139424097984 "GET /media/images/images.png HTTP/1.1" 200 9626
INFO 2026-05-21 12:55:04,634 basehttp 7 129139424097984 "GET /media/images/images.png HTTP/1.1" 200 9626
INFO 2026-05-21 12:55:04,633 basehttp 7 129139414656704 "GET /media/images/images_xbSwZna.jpeg HTTP/1.1" 200 11996
INFO 2026-05-21 12:55:04,637 basehttp 7 129139197605568 "GET /media/images/images_xBTjkGg.jpeg HTTP/1.1" 200 11358
INFO 2026-05-21 12:55:04,637 basehttp 7 129139197605568 "GET /media/images/images_xBTjkGg.jpeg HTTP/1.1" 200 11358
INFO 2026-05-21 12:55:06,299 basehttp 7 129139414656704 "GET /vacancies HTTP/1.1" 301 0
INFO 2026-05-21 12:55:06,299 basehttp 7 129139414656704 "GET /vacancies HTTP/1.1" 301 0
INFO 2026-05-21 12:55:06,357 basehttp 7 129139197605568 "GET /vacancies/ HTTP/1.1" 200 16026
INFO 2026-05-21 12:55:06,357 basehttp 7 129139197605568 "GET /vacancies/ HTTP/1.1" 200 16026
INFO 2026-05-21 12:55:07,582 basehttp 7 129139197605568 "GET /faq HTTP/1.1" 301 0
INFO 2026-05-21 12:55:07,582 basehttp 7 129139197605568 "GET /faq HTTP/1.1" 301 0
INFO 2026-05-21 12:55:07,636 basehttp 7 129139424097984 "GET /faq/ HTTP/1.1" 200 12590
INFO 2026-05-21 12:55:07,636 basehttp 7 129139424097984 "GET /faq/ HTTP/1.1" 200 12590
INFO 2026-05-21 12:55:09,238 basehttp 7 129139424097984 "GET /gif HTTP/1.1" 301 0
INFO 2026-05-21 12:55:09,238 basehttp 7 129139424097984 "GET /gif HTTP/1.1" 301 0
INFO 2026-05-21 12:55:19,206 basehttp 7 129139197605568 "GET /privacy-policy HTTP/1.1" 301 0
INFO 2026-05-21 12:55:19,206 basehttp 7 129139197605568 "GET /privacy-policy HTTP/1.1" 301 0
INFO 2026-05-21 12:55:19,279 basehttp 7 129139197605568 "GET /privacy-policy/ HTTP/1.1" 200 10010
INFO 2026-05-21 12:55:19,279 basehttp 7 129139197605568 "GET /privacy-policy/ HTTP/1.1" 200 10010
INFO 2026-05-21 12:55:21,151 basehttp 7 129139197605568 "GET /rand HTTP/1.1" 301 0
INFO 2026-05-21 12:55:21,151 basehttp 7 129139197605568 "GET /rand HTTP/1.1" 301 0
INFO 2026-05-21 12:55:25,322 basehttp 7 129139424097984 "GET /gif/ HTTP/1.1" 200 8337
INFO 2026-05-21 12:55:25,322 basehttp 7 129139424097984 "GET /gif/ HTTP/1.1" 200 8337
INFO 2026-05-21 12:55:33,417 basehttp 7 129139424097984 "GET /sales HTTP/1.1" 301 0
INFO 2026-05-21 12:55:33,417 basehttp 7 129139424097984 "GET /sales HTTP/1.1" 301 0
INFO 2026-05-21 12:55:33,516 basehttp 7 129139424097984 "GET /sales/ HTTP/1.1" 200 28010
INFO 2026-05-21 12:55:33,516 basehttp 7 129139424097984 "GET /sales/ HTTP/1.1" 200 28010
INFO 2026-05-21 12:55:37,214 basehttp 7 129139197605568 "GET /rand/ HTTP/1.1" 200 9080
INFO 2026-05-21 12:55:37,214 basehttp 7 129139197605568 "GET /rand/ HTTP/1.1" 200 9080
INFO 2026-05-21 12:55:38,381 basehttp 7 129139424097984 "GET /promocodes HTTP/1.1" 301 0
INFO 2026-05-21 12:55:38,381 basehttp 7 129139424097984 "GET /promocodes HTTP/1.1" 301 0
INFO 2026-05-21 12:55:38,437 basehttp 7 129139424097984 "GET /promocodes/ HTTP/1.1" 200 18474
INFO 2026-05-21 12:55:38,437 basehttp 7 129139424097984 "GET /promocodes/ HTTP/1.1" 200 18474
INFO 2026-05-21 12:55:40,231 basehttp 7 129139424097984 "GET /privacy-policy HTTP/1.1" 301 0
INFO 2026-05-21 12:55:40,231 basehttp 7 129139424097984 "GET /privacy-policy HTTP/1.1" 301 0
INFO 2026-05-21 12:55:40,258 basehttp 7 129139424097984 "GET /privacy-policy/ HTTP/1.1" 200 10010
INFO 2026-05-21 12:55:40,258 basehttp 7 129139424097984 "GET /privacy-policy/ HTTP/1.1" 200 10010
INFO 2026-05-21 12:55:41,501 basehttp 7 129139424097984 "GET /rand HTTP/1.1" 301 0
INFO 2026-05-21 12:55:41,501 basehttp 7 129139424097984 "GET /rand HTTP/1.1" 301 0
INFO 2026-05-21 12:55:42,585 basehttp 7 129139197605568 "GET /products HTTP/1.1" 301 0
INFO 2026-05-21 12:55:42,585 basehttp 7 129139197605568 "GET /products HTTP/1.1" 301 0
INFO 2026-05-21 12:55:42,644 basehttp 7 129139197605568 "GET /products/ HTTP/1.1" 200 28073
INFO 2026-05-21 12:55:42,644 basehttp 7 129139197605568 "GET /products/ HTTP/1.1" 200 28073
INFO 2026-05-21 12:55:43,943 basehttp 7 129139197605568 "GET /contacts HTTP/1.1" 301 0
INFO 2026-05-21 12:55:43,943 basehttp 7 129139197605568 "GET /contacts HTTP/1.1" 301 0
INFO 2026-05-21 12:55:44,000 basehttp 7 129139197605568 "GET /contacts/ HTTP/1.1" 200 15313
INFO 2026-05-21 12:55:44,000 basehttp 7 129139197605568 "GET /contacts/ HTTP/1.1" 200 15313
INFO 2026-05-21 12:55:44,215 basehttp 7 129139414656704 "GET /media/images/images_IwwhVXU.jpeg HTTP/1.1" 200 14053
INFO 2026-05-21 12:55:44,215 basehttp 7 129139414656704 "GET /media/images/images_IwwhVXU.jpeg HTTP/1.1" 200 14053
INFO 2026-05-21 12:55:44,225 basehttp 7 129139189212864 "GET /media/images/images_9RErow8.jpeg HTTP/1.1" 200 10144
INFO 2026-05-21 12:55:44,225 basehttp 7 129139189212864 "GET /media/images/images_9RErow8.jpeg HTTP/1.1" 200 10144
INFO 2026-05-21 12:55:44,227 basehttp 7 129139197605568 "GET /media/images/images_78K63yu.jpeg HTTP/1.1" 200 11178
INFO 2026-05-21 12:55:44,227 basehttp 7 129139197605568 "GET /media/images/images_78K63yu.jpeg HTTP/1.1" 200 11178
INFO 2026-05-21 12:55:44,242 basehttp 7 129139197605568 "GET /media/images/images_5muloCf.jpeg HTTP/1.1" 200 3924
INFO 2026-05-21 12:55:44,242 basehttp 7 129139197605568 "GET /media/images/images_5muloCf.jpeg HTTP/1.1" 200 3924
INFO 2026-05-21 12:55:44,242 basehttp 7 129139414656704 "GET /media/images/bhqvnjgklwtxfs1i2sxbsuln78ffsj10.png HTTP/1.1" 200 60011
INFO 2026-05-21 12:55:44,242 basehttp 7 129139414656704 "GET /media/images/bhqvnjgklwtxfs1i2sxbsuln78ffsj10.png HTTP/1.1" 200 60011
INFO 2026-05-21 12:55:44,244 basehttp 7 129139189212864 "GET /media/images/images.jpeg HTTP/1.1" 200 8198
INFO 2026-05-21 12:55:44,244 basehttp 7 129139189212864 "GET /media/images/images.jpeg HTTP/1.1" 200 8198
INFO 2026-05-21 12:55:44,978 basehttp 7 129139414656704 "GET /faq HTTP/1.1" 301 0
INFO 2026-05-21 12:55:44,978 basehttp 7 129139414656704 "GET /faq HTTP/1.1" 301 0
INFO 2026-05-21 12:55:45,029 basehttp 7 129139197605568 "GET /faq/ HTTP/1.1" 200 12590
INFO 2026-05-21 12:55:45,029 basehttp 7 129139197605568 "GET /faq/ HTTP/1.1" 200 12590
INFO 2026-05-21 12:55:46,111 basehttp 7 129139197605568 "GET /vacancies HTTP/1.1" 301 0
INFO 2026-05-21 12:55:46,111 basehttp 7 129139197605568 "GET /vacancies HTTP/1.1" 301 0
INFO 2026-05-21 12:55:46,175 basehttp 7 129139189212864 "GET /vacancies/ HTTP/1.1" 200 16026
INFO 2026-05-21 12:55:46,175 basehttp 7 129139189212864 "GET /vacancies/ HTTP/1.1" 200 16026
INFO 2026-05-21 12:55:47,401 basehttp 7 129139189212864 "GET /news HTTP/1.1" 301 0
INFO 2026-05-21 12:55:47,401 basehttp 7 129139189212864 "GET /news HTTP/1.1" 301 0
INFO 2026-05-21 12:55:47,445 basehttp 7 129139189212864 "GET /news/ HTTP/1.1" 200 11153
INFO 2026-05-21 12:55:47,445 basehttp 7 129139189212864 "GET /news/ HTTP/1.1" 200 11153
INFO 2026-05-21 12:55:48,707 basehttp 7 129139189212864 "GET /about HTTP/1.1" 301 0
INFO 2026-05-21 12:55:48,707 basehttp 7 129139189212864 "GET /about HTTP/1.1" 301 0
INFO 2026-05-21 12:55:48,752 basehttp 7 129139189212864 "GET /about/ HTTP/1.1" 200 11563
INFO 2026-05-21 12:55:48,752 basehttp 7 129139189212864 "GET /about/ HTTP/1.1" 200 11563
INFO 2026-05-21 12:55:49,866 basehttp 7 129139189212864 "GET /latest HTTP/1.1" 301 0
INFO 2026-05-21 12:55:49,866 basehttp 7 129139189212864 "GET /latest HTTP/1.1" 301 0
INFO 2026-05-21 12:55:49,909 basehttp 7 129139189212864 "GET /latest/ HTTP/1.1" 200 9584
INFO 2026-05-21 12:55:49,909 basehttp 7 129139189212864 "GET /latest/ HTTP/1.1" 200 9584
INFO 2026-05-21 12:55:54,451 basehttp 7 129139189212864 "GET /rand HTTP/1.1" 301 0
INFO 2026-05-21 12:55:54,451 basehttp 7 129139189212864 "GET /rand HTTP/1.1" 301 0
INFO 2026-05-21 12:55:57,558 basehttp 7 129139424097984 "GET /rand/ HTTP/1.1" 200 9080
INFO 2026-05-21 12:55:57,558 basehttp 7 129139424097984 "GET /rand/ HTTP/1.1" 200 9080
INFO 2026-05-21 12:56:10,502 basehttp 7 129139189212864 "GET /rand/ HTTP/1.1" 200 9080
INFO 2026-05-21 12:56:10,502 basehttp 7 129139189212864 "GET /rand/ HTTP/1.1" 200 9080
INFO 2026-05-21 12:56:14,509 basehttp 7 129139189212864 "GET /gif HTTP/1.1" 301 0
INFO 2026-05-21 12:56:14,509 basehttp 7 129139189212864 "GET /gif HTTP/1.1" 301 0
INFO 2026-05-21 12:56:30,560 basehttp 7 129139189212864 "GET /gif/ HTTP/1.1" 200 8337
INFO 2026-05-21 12:56:30,560 basehttp 7 129139189212864 "GET /gif/ HTTP/1.1" 200 8337
INFO 2026-05-21 12:56:42,051 basehttp 7 129139189212864 "GET /gif/ HTTP/1.1" 200 8533
INFO 2026-05-21 12:56:42,051 basehttp 7 129139189212864 "GET /gif/ HTTP/1.1" 200 8533
INFO 2026-05-21 12:56:48,125 basehttp 7 129139189212864 "GET /rand HTTP/1.1" 301 0
INFO 2026-05-21 12:56:48,125 basehttp 7 129139189212864 "GET /rand HTTP/1.1" 301 0
INFO 2026-05-21 12:56:48,786 basehttp 7 129139189212864 "GET /rand/ HTTP/1.1" 200 9055
INFO 2026-05-21 12:56:48,786 basehttp 7 129139189212864 "GET /rand/ HTTP/1.1" 200 9055
INFO 2026-05-21 12:56:50,994 basehttp 7 129139189212864 "GET /sales HTTP/1.1" 301 0
INFO 2026-05-21 12:56:50,994 basehttp 7 129139189212864 "GET /sales HTTP/1.1" 301 0
INFO 2026-05-21 12:56:51,064 basehttp 7 129139189212864 "GET /sales/ HTTP/1.1" 200 28010
INFO 2026-05-21 12:56:51,064 basehttp 7 129139189212864 "GET /sales/ HTTP/1.1" 200 28010
INFO 2026-05-21 12:57:14,370 basehttp 7 129139189212864 "GET /about HTTP/1.1" 301 0
INFO 2026-05-21 12:57:14,370 basehttp 7 129139189212864 "GET /about HTTP/1.1" 301 0
INFO 2026-05-21 12:57:14,396 basehttp 7 129139189212864 "GET /about/ HTTP/1.1" 200 11563
INFO 2026-05-21 12:57:14,396 basehttp 7 129139189212864 "GET /about/ HTTP/1.1" 200 11563
INFO 2026-05-21 13:02:29,035 basehttp 7 129139189212864 "GET /news HTTP/1.1" 301 0
INFO 2026-05-21 13:02:29,035 basehttp 7 129139189212864 "GET /news HTTP/1.1" 301 0
INFO 2026-05-21 13:02:29,084 basehttp 7 129139189212864 "GET /news/ HTTP/1.1" 200 11153
INFO 2026-05-21 13:02:29,084 basehttp 7 129139189212864 "GET /news/ HTTP/1.1" 200 11153
INFO 2026-05-21 13:02:29,229 basehttp 7 129139189212864 "GET /media/images/images_xBTjkGg.jpeg HTTP/1.1" 304 0
INFO 2026-05-21 13:02:29,237 basehttp 7 129139424097984 "GET /media/images/images.png HTTP/1.1" 304 0
INFO 2026-05-21 13:02:29,237 basehttp 7 129139424097984 "GET /media/images/images.png HTTP/1.1" 304 0
INFO 2026-05-21 13:02:29,229 basehttp 7 129139189212864 "GET /media/images/images_xBTjkGg.jpeg HTTP/1.1" 304 0
INFO 2026-05-21 13:02:29,240 basehttp 7 129139197605568 "GET /media/images/images_xbSwZna.jpeg HTTP/1.1" 304 0
INFO 2026-05-21 13:02:29,240 basehttp 7 129139197605568 "GET /media/images/images_xbSwZna.jpeg HTTP/1.1" 304 0
INFO 2026-05-21 13:05:39,266 basehttp 7 129139189212864 "GET /about HTTP/1.1" 301 0
INFO 2026-05-21 13:05:39,266 basehttp 7 129139189212864 "GET /about HTTP/1.1" 301 0
INFO 2026-05-21 13:05:39,299 basehttp 7 129139189212864 "GET /about/ HTTP/1.1" 200 11563
INFO 2026-05-21 13:05:39,299 basehttp 7 129139189212864 "GET /about/ HTTP/1.1" 200 11563
INFO 2026-05-21 13:05:43,405 basehttp 7 129139189212864 "GET /news HTTP/1.1" 301 0
INFO 2026-05-21 13:05:43,405 basehttp 7 129139189212864 "GET /news HTTP/1.1" 301 0
INFO 2026-05-21 13:05:43,452 basehttp 7 129139189212864 "GET /news/ HTTP/1.1" 200 11153
INFO 2026-05-21 13:05:43,452 basehttp 7 129139189212864 "GET /news/ HTTP/1.1" 200 11153
INFO 2026-05-21 14:52:24,835 autoreload 15380 132722945089664 Watching for file changes with StatReloader
INFO 2026-05-21 14:52:24,835 autoreload 15380 132722945089664 Watching for file changes with StatReloader
INFO 2026-05-21 14:53:55,795 autoreload 15830 134869422420096 Watching for file changes with StatReloader
INFO 2026-05-21 14:53:55,795 autoreload 15830 134869422420096 Watching for file changes with StatReloader
INFO 2026-05-21 14:54:47,043 autoreload 16108 124849706438784 Watching for file changes with StatReloader
INFO 2026-05-21 14:54:47,043 autoreload 16108 124849706438784 Watching for file changes with StatReloader
INFO 2026-05-21 14:54:50,377 basehttp 16108 124849609504448 "GET / HTTP/1.1" 200 9330
INFO 2026-05-21 14:54:50,377 basehttp 16108 124849609504448 "GET / HTTP/1.1" 200 9330
INFO 2026-05-21 14:54:50,556 basehttp 16108 124849609504448 "GET /static/css/styles.css HTTP/1.1" 200 5989
INFO 2026-05-21 14:54:50,556 basehttp 16108 124849609504448 "GET /static/css/styles.css HTTP/1.1" 200 5989
INFO 2026-05-21 14:54:54,129 basehttp 16108 124849609504448 "GET /login HTTP/1.1" 301 0
INFO 2026-05-21 14:54:54,129 basehttp 16108 124849609504448 "GET /login HTTP/1.1" 301 0
INFO 2026-05-21 14:54:54,166 basehttp 16108 124849609504448 "GET /login/ HTTP/1.1" 200 9140
INFO 2026-05-21 14:54:54,166 basehttp 16108 124849609504448 "GET /login/ HTTP/1.1" 200 9140
INFO 2026-05-21 14:54:57,727 basehttp 16108 124849609504448 "POST /login/ HTTP/1.1" 302 0
INFO 2026-05-21 14:54:57,727 basehttp 16108 124849609504448 "POST /login/ HTTP/1.1" 302 0
INFO 2026-05-21 14:54:57,750 basehttp 16108 124849609504448 "GET /about/ HTTP/1.1" 200 11563
INFO 2026-05-21 14:54:57,750 basehttp 16108 124849609504448 "GET /about/ HTTP/1.1" 200 11563
INFO 2026-05-21 14:54:59,272 basehttp 16108 124849609504448 "GET /sales HTTP/1.1" 301 0
INFO 2026-05-21 14:54:59,272 basehttp 16108 124849609504448 "GET /sales HTTP/1.1" 301 0
INFO 2026-05-21 14:54:59,366 basehttp 16108 124849609504448 "GET /sales/ HTTP/1.1" 200 28010
INFO 2026-05-21 14:54:59,366 basehttp 16108 124849609504448 "GET /sales/ HTTP/1.1" 200 28010
INFO 2026-05-21 14:55:14,645 basehttp 16108 124849609504448 "GET /sales/?city=MInsk HTTP/1.1" 200 23459
INFO 2026-05-21 14:55:14,645 basehttp 16108 124849609504448 "GET /sales/?city=MInsk HTTP/1.1" 200 23459
INFO 2026-05-21 14:55:20,124 basehttp 16108 124849609504448 "GET /sales/?city=polotsk HTTP/1.1" 200 24385
INFO 2026-05-21 14:55:20,124 basehttp 16108 124849609504448 "GET /sales/?city=polotsk HTTP/1.1" 200 24385
INFO 2026-05-21 16:40:06,585 autoreload 4770 140676730347648 Watching for file changes with StatReloader
INFO 2026-05-21 16:40:06,585 autoreload 4770 140676730347648 Watching for file changes with StatReloader
INFO 2026-05-21 20:26:27,298 autoreload 15210 127153925726336 Watching for file changes with StatReloader
INFO 2026-05-21 20:26:27,298 autoreload 15210 127153925726336 Watching for file changes with StatReloader
INFO 2026-05-21 20:27:20,421 autoreload 15491 139911978229888 Watching for file changes with StatReloader
INFO 2026-05-21 20:27:20,421 autoreload 15491 139911978229888 Watching for file changes with StatReloader
INFO 2026-05-21 20:27:33,745 basehttp 15491 139911881553600 "GET / HTTP/1.1" 200 9584
INFO 2026-05-21 20:27:33,745 basehttp 15491 139911881553600 "GET / HTTP/1.1" 200 9584
INFO 2026-05-21 20:27:33,850 basehttp 15491 139911881553600 "GET /static/css/styles.css HTTP/1.1" 304 0
INFO 2026-05-21 20:27:33,850 basehttp 15491 139911881553600 "GET /static/css/styles.css HTTP/1.1" 304 0
INFO 2026-05-21 20:27:38,282 basehttp 15491 139911881553600 "GET /sales HTTP/1.1" 301 0
INFO 2026-05-21 20:27:38,282 basehttp 15491 139911881553600 "GET /sales HTTP/1.1" 301 0
INFO 2026-05-21 20:27:38,409 basehttp 15491 139911881553600 "GET /sales/ HTTP/1.1" 200 28010
INFO 2026-05-21 20:27:38,409 basehttp 15491 139911881553600 "GET /sales/ HTTP/1.1" 200 28010
INFO 2026-05-21 20:27:42,561 basehttp 15491 139911881553600 "GET /logout HTTP/1.1" 301 0
INFO 2026-05-21 20:27:42,561 basehttp 15491 139911881553600 "GET /logout HTTP/1.1" 301 0
INFO 2026-05-21 20:27:42,607 basehttp 15491 139911881553600 "GET /logout/ HTTP/1.1" 302 0
INFO 2026-05-21 20:27:42,607 basehttp 15491 139911881553600 "GET /logout/ HTTP/1.1" 302 0
INFO 2026-05-21 20:27:42,646 basehttp 15491 139911881553600 "GET /login/ HTTP/1.1" 200 9140
INFO 2026-05-21 20:27:42,646 basehttp 15491 139911881553600 "GET /login/ HTTP/1.1" 200 9140
INFO 2026-05-21 20:27:45,636 basehttp 15491 139911881553600 "POST /login/ HTTP/1.1" 302 0
INFO 2026-05-21 20:27:45,636 basehttp 15491 139911881553600 "POST /login/ HTTP/1.1" 302 0
INFO 2026-05-21 20:27:45,655 basehttp 15491 139911881553600 "GET /about/ HTTP/1.1" 200 11591
INFO 2026-05-21 20:27:45,655 basehttp 15491 139911881553600 "GET /about/ HTTP/1.1" 200 11591
INFO 2026-05-21 20:27:50,952 basehttp 15491 139911881553600 "GET /sales/ HTTP/1.1" 302 0
INFO 2026-05-21 20:27:50,952 basehttp 15491 139911881553600 "GET /sales/ HTTP/1.1" 302 0
INFO 2026-05-21 20:27:51,006 basehttp 15491 139911881553600 "GET /admin/login/?next=/sales/ HTTP/1.1" 200 3690
INFO 2026-05-21 20:27:51,006 basehttp 15491 139911881553600 "GET /admin/login/?next=/sales/ HTTP/1.1" 200 3690
INFO 2026-05-21 20:27:51,145 basehttp 15491 139911881553600 "GET /static/admin/css/base.css HTTP/1.1" 200 22120
INFO 2026-05-21 20:27:51,145 basehttp 15491 139911881553600 "GET /static/admin/css/base.css HTTP/1.1" 200 22120
INFO 2026-05-21 20:27:51,152 basehttp 15491 139911873160896 "GET /static/admin/css/dark_mode.css HTTP/1.1" 200 2808
INFO 2026-05-21 20:27:51,152 basehttp 15491 139911873160896 "GET /static/admin/css/dark_mode.css HTTP/1.1" 200 2808
INFO 2026-05-21 20:27:51,170 basehttp 15491 139911864768192 "GET /static/admin/js/theme.js HTTP/1.1" 200 1653
INFO 2026-05-21 20:27:51,170 basehttp 15491 139911864768192 "GET /static/admin/js/theme.js HTTP/1.1" 200 1653
INFO 2026-05-21 20:27:51,185 basehttp 15491 139911646672576 "GET /static/admin/css/login.css HTTP/1.1" 200 951
INFO 2026-05-21 20:27:51,185 basehttp 15491 139911646672576 "GET /static/admin/css/login.css HTTP/1.1" 200 951
INFO 2026-05-21 20:27:51,186 basehttp 15491 139911629887168 "GET /static/admin/js/nav_sidebar.js HTTP/1.1" 200 3063
INFO 2026-05-21 20:27:51,182 basehttp 15491 139911881553600 "GET /static/admin/css/responsive.css HTTP/1.1" 200 16565
INFO 2026-05-21 20:27:51,182 basehttp 15491 139911881553600 "GET /static/admin/css/responsive.css HTTP/1.1" 200 16565
INFO 2026-05-21 20:27:51,194 basehttp 15491 139911638279872 "GET /static/admin/css/nav_sidebar.css HTTP/1.1" 200 2810
INFO 2026-05-21 20:27:51,186 basehttp 15491 139911629887168 "GET /static/admin/js/nav_sidebar.js HTTP/1.1" 200 3063
INFO 2026-05-21 20:27:51,194 basehttp 15491 139911638279872 "GET /static/admin/css/nav_sidebar.css HTTP/1.1" 200 2810
INFO 2026-05-21 20:42:39,611 autoreload 20718 131232871694464 Watching for file changes with StatReloader
INFO 2026-05-21 20:42:39,611 autoreload 20718 131232871694464 Watching for file changes with StatReloader
INFO 2026-05-21 20:42:47,601 basehttp 20718 131232776058560 "GET / HTTP/1.1" 200 9612
INFO 2026-05-21 20:42:47,601 basehttp 20718 131232776058560 "GET / HTTP/1.1" 200 9612
INFO 2026-05-21 20:42:53,187 basehttp 20718 131232776058560 "GET /products HTTP/1.1" 301 0
INFO 2026-05-21 20:42:53,187 basehttp 20718 131232776058560 "GET /products HTTP/1.1" 301 0
INFO 2026-05-21 20:42:53,267 basehttp 20718 131232776058560 "GET /products/ HTTP/1.1" 200 26404
INFO 2026-05-21 20:42:53,267 basehttp 20718 131232776058560 "GET /products/ HTTP/1.1" 200 26404
INFO 2026-05-21 20:42:56,154 basehttp 20718 131232776058560 "GET /product/33/reviews/ HTTP/1.1" 200 13242
INFO 2026-05-21 20:42:56,154 basehttp 20718 131232776058560 "GET /product/33/reviews/ HTTP/1.1" 200 13242
INFO 2026-05-21 20:43:07,567 basehttp 20718 131232776058560 "POST /product/33/reviews/ HTTP/1.1" 200 13482
INFO 2026-05-21 20:43:07,567 basehttp 20718 131232776058560 "POST /product/33/reviews/ HTTP/1.1" 200 13482
INFO 2026-05-21 20:43:21,093 basehttp 20718 131232776058560 "POST /product/33/reviews/ HTTP/1.1" 302 0
INFO 2026-05-21 20:43:21,093 basehttp 20718 131232776058560 "POST /product/33/reviews/ HTTP/1.1" 302 0
INFO 2026-05-21 20:43:21,127 basehttp 20718 131232776058560 "GET /product/33/reviews/ HTTP/1.1" 200 13444
INFO 2026-05-21 20:43:21,127 basehttp 20718 131232776058560 "GET /product/33/reviews/ HTTP/1.1" 200 13444
INFO 2026-05-21 20:43:23,629 basehttp 20718 131232776058560 "GET /products/ HTTP/1.1" 200 26404
INFO 2026-05-21 20:43:23,629 basehttp 20718 131232776058560 "GET /products/ HTTP/1.1" 200 26404
INFO 2026-05-21 20:44:20,145 basehttp 20718 131232776058560 "GET /vacancies HTTP/1.1" 301 0
INFO 2026-05-21 20:44:20,145 basehttp 20718 131232776058560 "GET /vacancies HTTP/1.1" 301 0
INFO 2026-05-21 20:44:20,203 basehttp 20718 131232776058560 "GET /vacancies/ HTTP/1.1" 200 16054
INFO 2026-05-21 20:44:20,203 basehttp 20718 131232776058560 "GET /vacancies/ HTTP/1.1" 200 16054
INFO 2026-05-21 20:44:21,756 basehttp 20718 131232776058560 "GET /contacts HTTP/1.1" 301 0
INFO 2026-05-21 20:44:21,756 basehttp 20718 131232776058560 "GET /contacts HTTP/1.1" 301 0
INFO 2026-05-21 20:44:21,808 basehttp 20718 131232776058560 "GET /contacts/ HTTP/1.1" 200 15341
INFO 2026-05-21 20:44:21,808 basehttp 20718 131232776058560 "GET /contacts/ HTTP/1.1" 200 15341
INFO 2026-05-21 20:44:21,924 basehttp 20718 131232767665856 "GET /media/images/images_78K63yu.jpeg HTTP/1.1" 304 0
INFO 2026-05-21 20:44:21,924 basehttp 20718 131232767665856 "GET /media/images/images_78K63yu.jpeg HTTP/1.1" 304 0
INFO 2026-05-21 20:44:21,932 basehttp 20718 131232776058560 "GET /media/images/images.jpeg HTTP/1.1" 304 0
INFO 2026-05-21 20:44:21,932 basehttp 20718 131232776058560 "GET /media/images/images.jpeg HTTP/1.1" 304 0
INFO 2026-05-21 20:44:21,941 basehttp 20718 131232750880448 "GET /media/images/images_9RErow8.jpeg HTTP/1.1" 304 0
INFO 2026-05-21 20:44:21,933 basehttp 20718 131232759273152 "GET /media/images/bhqvnjgklwtxfs1i2sxbsuln78ffsj10.png HTTP/1.1" 304 0
INFO 2026-05-21 20:44:21,933 basehttp 20718 131232759273152 "GET /media/images/bhqvnjgklwtxfs1i2sxbsuln78ffsj10.png HTTP/1.1" 304 0
INFO 2026-05-21 20:44:21,941 basehttp 20718 131232750880448 "GET /media/images/images_9RErow8.jpeg HTTP/1.1" 304 0
INFO 2026-05-21 20:44:21,947 basehttp 20718 131232742487744 "GET /media/images/images_5muloCf.jpeg HTTP/1.1" 304 0
INFO 2026-05-21 20:44:21,947 basehttp 20718 131232742487744 "GET /media/images/images_5muloCf.jpeg HTTP/1.1" 304 0
INFO 2026-05-21 20:44:21,953 basehttp 20718 131232390182592 "GET /media/images/images_IwwhVXU.jpeg HTTP/1.1" 304 0
INFO 2026-05-21 20:44:21,953 basehttp 20718 131232390182592 "GET /media/images/images_IwwhVXU.jpeg HTTP/1.1" 304 0
